[2026-09-27T03:22:33.846+0530][0.008s] Using G1
[2026-09-27T03:22:34.176+0530][0.338s] GC(0) Pause Young (Normal) (G1 Evacuation Pause) 14M->3M(128M) 2.423ms
[2026-09-27T03:22:34.667+0530][0.829s] GC(1) Pause Young (Normal) (G1 Evacuation Pause) 17M->5M(128M) 3.364ms
[2026-09-27T03:22:37.872+0530][4.034s] GC(2) Pause Young (Concurrent Start) (Metadata GC Threshold) 51M->9M(128M) 5.397ms
[2026-09-27T03:22:37.872+0530][4.034s] GC(3) Concurrent Mark Cycle
[2026-09-27T03:22:37.879+0530][4.042s] GC(3) Pause Remark 10M->10M(128M) 1.161ms
[2026-09-27T03:22:37.881+0530][4.043s] GC(3) Pause Cleanup 10M->10M(128M) 0.029ms
[2026-09-27T03:22:37.883+0530][4.044s] GC(3) Concurrent Mark Cycle 10.198ms
[2026-09-27T03:22:40.704+0530][6.866s] GC(4) Pause Young (Concurrent Start) (G1 Evacuation Pause) 79M->16M(128M) 11.680ms
[2026-09-27T03:22:40.704+0530][6.866s] GC(5) Concurrent Mark Cycle
[2026-09-27T03:22:40.717+0530][6.879s] GC(5) Pause Remark 18M->18M(128M) 3.304ms
[2026-09-27T03:22:40.721+0530][6.883s] GC(5) Pause Cleanup 18M->18M(128M) 0.041ms
[2026-09-27T03:22:40.722+0530][6.885s] GC(5) Concurrent Mark Cycle 18.387ms
[2026-09-27T03:22:42.982+0530][9.144s] GC(6) Pause Young (Normal) (G1 Evacuation Pause) 82M->24M(128M) 13.911ms
[2026-09-27T03:22:45.464+0530][11.627s] GC(7) Pause Young (Normal) (G1 Evacuation Pause) 87M->25M(128M) 8.793ms
[2026-09-27T03:22:48.216+0530][14.378s] GC(8) Pause Young (Normal) (G1 Evacuation Pause) 91M->25M(128M) 3.491ms
[2026-09-27T03:22:51.272+0530][17.434s] GC(9) Pause Young (Normal) (G1 Evacuation Pause) 95M->25M(128M) 1.489ms
[2026-09-27T03:22:52.712+0530][18.874s] GC(10) Pause Young (Normal) (G1 Evacuation Pause) 98M->25M(128M) 1.727ms
[2026-09-27T03:22:53.607+0530][19.769s] GC(11) Pause Young (Normal) (G1 Evacuation Pause) 100M->25M(128M) 2.035ms
[2026-09-27T03:22:54.141+0530][20.303s] GC(12) Pause Young (Normal) (G1 Evacuation Pause) 99M->25M(128M) 2.148ms
[2026-09-27T03:22:54.842+0530][21.004s] GC(13) Pause Young (Normal) (G1 Evacuation Pause) 99M->25M(128M) 2.483ms
[2026-09-27T03:22:55.187+0530][21.349s] GC(14) Pause Young (Normal) (G1 Evacuation Pause) 99M->25M(128M) 2.356ms
[2026-09-27T03:22:55.667+0530][21.829s] GC(15) Pause Young (Normal) (G1 Evacuation Pause) 99M->25M(128M) 2.116ms
[2026-09-27T03:22:56.140+0530][22.302s] GC(16) Pause Young (Normal) (G1 Evacuation Pause) 99M->26M(128M) 2.243ms
[2026-09-27T03:22:56.661+0530][22.822s] GC(17) Pause Young (Normal) (G1 Evacuation Pause) 100M->26M(128M) 2.583ms
[2026-09-27T03:22:57.129+0530][23.291s] GC(18) Pause Young (Normal) (G1 Evacuation Pause) 100M->26M(128M) 2.716ms
[2026-09-27T03:22:57.669+0530][23.831s] GC(19) Pause Young (Normal) (G1 Evacuation Pause) 100M->26M(128M) 2.421ms
[2026-09-27T03:22:58.148+0530][24.310s] GC(20) Pause Young (Normal) (G1 Evacuation Pause) 100M->26M(128M) 2.563ms
[2026-09-27T03:22:58.731+0530][24.893s] GC(21) Pause Young (Normal) (G1 Evacuation Pause) 100M->26M(128M) 3.211ms
[2026-09-27T03:22:59.244+0530][25.406s] GC(22) Pause Young (Normal) (G1 Evacuation Pause) 100M->26M(128M) 2.835ms
[2026-09-27T03:22:59.820+0530][25.981s] GC(23) Pause Young (Normal) (G1 Evacuation Pause) 100M->26M(128M) 2.682ms
[2026-09-27T03:23:00.331+0530][26.494s] GC(24) Pause Young (Normal) (G1 Evacuation Pause) 100M->26M(128M) 2.396ms
[2026-09-27T03:23:01.030+0530][27.192s] GC(25) Pause Young (Normal) (G1 Evacuation Pause) 100M->26M(128M) 2.835ms
[2026-09-27T03:23:01.620+0530][27.782s] GC(26) Pause Young (Normal) (G1 Evacuation Pause) 100M->26M(128M) 2.328ms
[2026-09-27T03:23:02.176+0530][28.339s] GC(27) Pause Young (Normal) (G1 Evacuation Pause) 101M->26M(128M) 2.276ms
[2026-09-27T03:23:02.766+0530][28.928s] GC(28) Pause Young (Normal) (G1 Evacuation Pause) 101M->26M(128M) 2.142ms
[2026-09-27T03:23:03.298+0530][29.460s] GC(29) Pause Young (Normal) (G1 Evacuation Pause) 101M->26M(128M) 2.021ms
[2026-09-27T03:23:03.854+0530][30.016s] GC(30) Pause Young (Normal) (G1 Evacuation Pause) 101M->26M(128M) 2.321ms
[2026-09-27T03:23:04.386+0530][30.547s] GC(31) Pause Young (Normal) (G1 Evacuation Pause) 101M->26M(128M) 1.907ms
[2026-09-27T03:23:05.066+0530][31.228s] GC(32) Pause Young (Normal) (G1 Evacuation Pause) 101M->26M(128M) 1.989ms
[2026-09-27T03:23:05.657+0530][31.818s] GC(33) Pause Young (Normal) (G1 Evacuation Pause) 101M->26M(128M) 1.876ms
[2026-09-27T03:23:06.224+0530][32.387s] GC(34) Pause Young (Normal) (G1 Evacuation Pause) 101M->26M(128M) 1.942ms
[2026-09-27T03:23:06.796+0530][32.958s] GC(35) Pause Young (Normal) (G1 Evacuation Pause) 101M->26M(128M) 1.789ms
[2026-09-27T03:23:07.361+0530][33.523s] GC(36) Pause Young (Normal) (G1 Evacuation Pause) 101M->26M(128M) 1.757ms
[2026-09-27T03:23:07.946+0530][34.109s] GC(37) Pause Young (Normal) (G1 Evacuation Pause) 101M->26M(128M) 1.750ms
[2026-09-27T03:23:08.490+0530][34.652s] GC(38) Pause Young (Normal) (G1 Evacuation Pause) 101M->26M(128M) 1.863ms
[2026-09-27T03:23:09.156+0530][35.317s] GC(39) Pause Young (Normal) (G1 Evacuation Pause) 101M->26M(128M) 1.836ms
[2026-09-27T03:23:09.746+0530][35.908s] GC(40) Pause Young (Normal) (G1 Evacuation Pause) 101M->26M(128M) 1.859ms
[2026-09-27T03:23:10.265+0530][36.426s] GC(41) Pause Young (Normal) (G1 Evacuation Pause) 101M->26M(128M) 1.783ms
[2026-09-27T03:23:10.656+0530][36.818s] GC(42) Pause Young (Normal) (G1 Evacuation Pause) 101M->26M(128M) 1.551ms
[2026-09-27T03:23:11.082+0530][37.244s] GC(43) Pause Young (Normal) (G1 Evacuation Pause) 101M->26M(128M) 1.960ms
[2026-09-27T03:23:11.551+0530][37.714s] GC(44) Pause Young (Normal) (G1 Evacuation Pause) 101M->26M(128M) 2.022ms
[2026-09-27T03:23:12.060+0530][38.222s] GC(45) Pause Young (Normal) (G1 Evacuation Pause) 101M->26M(128M) 2.139ms
[2026-09-27T03:23:12.570+0530][38.732s] GC(46) Pause Young (Normal) (G1 Evacuation Pause) 101M->26M(128M) 2.112ms
[2026-09-27T03:23:13.210+0530][39.372s] GC(47) Pause Young (Normal) (G1 Evacuation Pause) 101M->26M(128M) 2.316ms
[2026-09-27T03:23:13.727+0530][39.889s] GC(48) Pause Young (Normal) (G1 Evacuation Pause) 101M->26M(128M) 2.072ms
[2026-09-27T03:23:14.363+0530][40.525s] GC(49) Pause Young (Normal) (G1 Evacuation Pause) 101M->26M(128M) 2.357ms
[2026-09-27T03:23:14.877+0530][41.039s] GC(50) Pause Young (Normal) (G1 Evacuation Pause) 101M->26M(128M) 2.038ms
[2026-09-27T03:23:15.486+0530][41.649s] GC(51) Pause Young (Normal) (G1 Evacuation Pause) 101M->26M(128M) 2.404ms
[2026-09-27T03:23:15.999+0530][42.161s] GC(52) Pause Young (Normal) (G1 Evacuation Pause) 101M->26M(128M) 2.265ms
[2026-09-27T03:23:16.578+0530][42.740s] GC(53) Pause Young (Normal) (G1 Evacuation Pause) 101M->26M(128M) 1.868ms
[2026-09-27T03:23:17.145+0530][43.307s] GC(54) Pause Young (Normal) (G1 Evacuation Pause) 101M->26M(128M) 1.704ms
[2026-09-27T03:23:17.790+0530][43.952s] GC(55) Pause Young (Normal) (G1 Evacuation Pause) 101M->26M(128M) 1.886ms
[2026-09-27T03:23:18.420+0530][44.582s] GC(56) Pause Young (Normal) (G1 Evacuation Pause) 101M->27M(128M) 1.822ms
[2026-09-27T03:23:18.931+0530][45.093s] GC(57) Pause Young (Normal) (G1 Evacuation Pause) 102M->27M(128M) 2.073ms
[2026-09-27T03:23:19.549+0530][45.711s] GC(58) Pause Young (Normal) (G1 Evacuation Pause) 102M->26M(128M) 2.265ms
[2026-09-27T03:23:20.059+0530][46.221s] GC(59) Pause Young (Normal) (G1 Evacuation Pause) 101M->26M(128M) 1.853ms
[2026-09-27T03:23:20.629+0530][46.791s] GC(60) Pause Young (Normal) (G1 Evacuation Pause) 101M->26M(128M) 2.159ms
[2026-09-27T03:23:21.150+0530][47.312s] GC(61) Pause Young (Normal) (G1 Evacuation Pause) 101M->26M(128M) 1.943ms
[2026-09-27T03:23:21.833+0530][47.995s] GC(62) Pause Young (Normal) (G1 Evacuation Pause) 101M->27M(128M) 2.170ms
[2026-09-27T03:23:22.467+0530][48.630s] GC(63) Pause Young (Normal) (G1 Evacuation Pause) 102M->27M(128M) 1.690ms
[2026-09-27T03:23:22.986+0530][49.148s] GC(64) Pause Young (Normal) (G1 Evacuation Pause) 102M->26M(128M) 1.912ms
[2026-09-27T03:23:23.582+0530][49.744s] GC(65) Pause Young (Normal) (G1 Evacuation Pause) 101M->26M(128M) 1.742ms
[2026-09-27T03:23:24.096+0530][50.258s] GC(66) Pause Young (Normal) (G1 Evacuation Pause) 101M->26M(128M) 1.697ms
[2026-09-27T03:23:24.680+0530][50.842s] GC(67) Pause Young (Normal) (G1 Evacuation Pause) 101M->26M(128M) 2.022ms
[2026-09-27T03:23:25.192+0530][51.355s] GC(68) Pause Young (Normal) (G1 Evacuation Pause) 101M->27M(128M) 1.811ms
[2026-09-27T03:23:25.691+0530][51.853s] GC(69) Pause Young (Normal) (G1 Evacuation Pause) 102M->27M(128M) 1.583ms
[2026-09-27T03:23:26.146+0530][52.308s] GC(70) Pause Young (Normal) (G1 Evacuation Pause) 102M->27M(128M) 1.855ms
[2026-09-27T03:23:26.654+0530][52.816s] GC(71) Pause Young (Normal) (G1 Evacuation Pause) 102M->27M(128M) 2.300ms
[2026-09-27T03:23:27.152+0530][53.314s] GC(72) Pause Young (Normal) (G1 Evacuation Pause) 102M->27M(128M) 2.029ms
[2026-09-27T03:23:27.665+0530][53.827s] GC(73) Pause Young (Normal) (G1 Evacuation Pause) 102M->27M(128M) 1.975ms
[2026-09-27T03:23:28.170+0530][54.332s] GC(74) Pause Young (Normal) (G1 Evacuation Pause) 102M->27M(128M) 2.423ms
[2026-09-27T03:23:28.735+0530][54.897s] GC(75) Pause Young (Normal) (G1 Evacuation Pause) 102M->27M(128M) 1.920ms
[2026-09-27T03:23:29.242+0530][55.404s] GC(76) Pause Young (Normal) (G1 Evacuation Pause) 102M->27M(128M) 1.923ms
[2026-09-27T03:23:29.773+0530][55.935s] GC(77) Pause Young (Normal) (G1 Evacuation Pause) 102M->27M(128M) 2.292ms
[2026-09-27T03:23:30.324+0530][56.485s] GC(78) Pause Young (Normal) (G1 Evacuation Pause) 102M->27M(128M) 2.296ms
[2026-09-27T03:23:31.067+0530][57.229s] GC(79) Pause Young (Normal) (G1 Evacuation Pause) 101M->27M(128M) 2.524ms
[2026-09-27T03:23:31.591+0530][57.752s] GC(80) Pause Young (Normal) (G1 Evacuation Pause) 102M->27M(128M) 2.194ms
[2026-09-27T03:23:32.146+0530][58.308s] GC(81) Pause Young (Normal) (G1 Evacuation Pause) 102M->27M(128M) 2.324ms
[2026-09-27T03:23:32.719+0530][58.881s] GC(82) Pause Young (Normal) (G1 Evacuation Pause) 102M->27M(128M) 2.367ms
[2026-09-27T03:23:33.272+0530][59.434s] GC(83) Pause Young (Normal) (G1 Evacuation Pause) 101M->27M(128M) 1.968ms
[2026-09-27T03:23:33.801+0530][59.963s] GC(84) Pause Young (Normal) (G1 Evacuation Pause) 101M->27M(128M) 2.025ms
[2026-09-27T03:23:34.325+0530][60.488s] GC(85) Pause Young (Normal) (G1 Evacuation Pause) 102M->28M(128M) 2.452ms
[2026-09-27T03:23:34.878+0530][61.040s] GC(86) Pause Young (Normal) (G1 Evacuation Pause) 102M->27M(128M) 2.176ms
[2026-09-27T03:23:35.522+0530][61.685s] GC(87) Pause Young (Normal) (G1 Evacuation Pause) 102M->27M(128M) 2.266ms
[2026-09-27T03:23:36.155+0530][62.317s] GC(88) Pause Young (Normal) (G1 Evacuation Pause) 102M->27M(128M) 2.167ms
[2026-09-27T03:23:36.678+0530][62.840s] GC(89) Pause Young (Normal) (G1 Evacuation Pause) 102M->27M(128M) 1.961ms
[2026-09-27T03:23:37.254+0530][63.417s] GC(90) Pause Young (Normal) (G1 Evacuation Pause) 102M->27M(128M) 1.752ms
[2026-09-27T03:23:37.811+0530][63.974s] GC(91) Pause Young (Normal) (G1 Evacuation Pause) 102M->27M(128M) 1.788ms
[2026-09-27T03:23:38.365+0530][64.527s] GC(92) Pause Young (Normal) (G1 Evacuation Pause) 102M->27M(128M) 1.692ms
[2026-09-27T03:23:38.894+0530][65.056s] GC(93) Pause Young (Normal) (G1 Evacuation Pause) 102M->27M(128M) 1.298ms
[2026-09-27T03:23:39.502+0530][65.664s] GC(94) Pause Young (Normal) (G1 Evacuation Pause) 102M->28M(128M) 2.042ms
[2026-09-27T03:23:40.153+0530][66.316s] GC(95) Pause Young (Normal) (G1 Evacuation Pause) 103M->27M(128M) 2.451ms
[2026-09-27T03:23:40.606+0530][66.769s] GC(96) Pause Young (Normal) (G1 Evacuation Pause) 102M->27M(128M) 2.035ms
[2026-09-27T03:23:40.941+0530][67.102s] GC(97) Pause Young (Normal) (G1 Evacuation Pause) 102M->27M(128M) 1.848ms
[2026-09-27T03:23:41.440+0530][67.602s] GC(98) Pause Young (Normal) (G1 Evacuation Pause) 102M->27M(128M) 2.175ms
[2026-09-27T03:23:41.934+0530][68.096s] GC(99) Pause Young (Normal) (G1 Evacuation Pause) 102M->28M(128M) 2.208ms
[2026-09-27T03:23:42.445+0530][68.607s] GC(100) Pause Young (Normal) (G1 Evacuation Pause) 103M->28M(128M) 2.088ms
[2026-09-27T03:23:42.943+0530][69.105s] GC(101) Pause Young (Normal) (G1 Evacuation Pause) 103M->28M(128M) 2.092ms
[2026-09-27T03:23:43.468+0530][69.630s] GC(102) Pause Young (Normal) (G1 Evacuation Pause) 103M->28M(128M) 1.945ms
[2026-09-27T03:23:43.991+0530][70.153s] GC(103) Pause Young (Normal) (G1 Evacuation Pause) 103M->28M(128M) 2.162ms
[2026-09-27T03:23:44.664+0530][70.826s] GC(104) Pause Young (Normal) (G1 Evacuation Pause) 103M->28M(128M) 2.297ms
[2026-09-27T03:23:45.236+0530][71.398s] GC(105) Pause Young (Normal) (G1 Evacuation Pause) 102M->28M(128M) 2.445ms
[2026-09-27T03:23:45.761+0530][71.923s] GC(106) Pause Young (Normal) (G1 Evacuation Pause) 103M->28M(128M) 1.926ms
[2026-09-27T03:23:46.314+0530][72.477s] GC(107) Pause Young (Normal) (G1 Evacuation Pause) 103M->28M(128M) 2.055ms
[2026-09-27T03:23:46.842+0530][73.004s] GC(108) Pause Young (Normal) (G1 Evacuation Pause) 103M->28M(128M) 2.068ms
[2026-09-27T03:23:47.474+0530][73.637s] GC(109) Pause Young (Normal) (G1 Evacuation Pause) 103M->28M(128M) 2.025ms
[2026-09-27T03:23:48.006+0530][74.168s] GC(110) Pause Young (Normal) (G1 Evacuation Pause) 103M->28M(128M) 2.273ms
[2026-09-27T03:23:48.532+0530][74.693s] GC(111) Pause Young (Normal) (G1 Evacuation Pause) 103M->28M(128M) 2.066ms
[2026-09-27T03:23:49.193+0530][75.356s] GC(112) Pause Young (Normal) (G1 Evacuation Pause) 103M->28M(128M) 2.002ms
[2026-09-27T03:23:49.845+0530][76.007s] GC(113) Pause Young (Normal) (G1 Evacuation Pause) 103M->28M(128M) 2.067ms
[2026-09-27T03:23:50.313+0530][76.475s] GC(114) Pause Young (Normal) (G1 Evacuation Pause) 102M->28M(128M) 2.172ms
[2026-09-27T03:23:50.896+0530][77.058s] GC(115) Pause Young (Normal) (G1 Evacuation Pause) 103M->28M(128M) 1.756ms
[2026-09-27T03:23:51.416+0530][77.578s] GC(116) Pause Young (Normal) (G1 Evacuation Pause) 103M->28M(128M) 2.282ms
[2026-09-27T03:23:51.950+0530][78.112s] GC(117) Pause Young (Normal) (G1 Evacuation Pause) 103M->28M(128M) 2.196ms
[2026-09-27T03:23:52.515+0530][78.677s] GC(118) Pause Young (Normal) (G1 Evacuation Pause) 103M->28M(128M) 1.807ms
[2026-09-27T03:23:53.049+0530][79.211s] GC(119) Pause Young (Normal) (G1 Evacuation Pause) 103M->28M(128M) 1.857ms
[2026-09-27T03:23:53.575+0530][79.736s] GC(120) Pause Young (Normal) (G1 Evacuation Pause) 103M->28M(128M) 1.714ms
[2026-09-27T03:23:54.124+0530][80.286s] GC(121) Pause Young (Normal) (G1 Evacuation Pause) 103M->28M(128M) 1.422ms
[2026-09-27T03:23:54.852+0530][81.014s] GC(122) Pause Young (Normal) (G1 Evacuation Pause) 103M->28M(128M) 1.771ms
[2026-09-27T03:23:55.356+0530][81.517s] GC(123) Pause Young (Normal) (G1 Evacuation Pause) 103M->28M(128M) 1.915ms
[2026-09-27T03:23:55.941+0530][82.103s] GC(124) Pause Young (Normal) (G1 Evacuation Pause) 103M->28M(128M) 2.243ms
[2026-09-27T03:23:56.255+0530][82.417s] GC(125) Pause Young (Normal) (G1 Evacuation Pause) 103M->28M(128M) 2.210ms
[2026-09-27T03:23:56.661+0530][82.823s] GC(126) Pause Young (Normal) (G1 Evacuation Pause) 103M->28M(128M) 1.785ms
[2026-09-27T03:23:57.168+0530][83.329s] GC(127) Pause Young (Normal) (G1 Evacuation Pause) 103M->28M(128M) 1.644ms
[2026-09-27T03:23:57.645+0530][83.806s] GC(128) Pause Young (Normal) (G1 Evacuation Pause) 103M->28M(128M) 2.038ms
[2026-09-27T03:23:58.156+0530][84.318s] GC(129) Pause Young (Normal) (G1 Evacuation Pause) 103M->28M(128M) 2.245ms
[2026-09-27T03:23:58.659+0530][84.822s] GC(130) Pause Young (Normal) (G1 Evacuation Pause) 103M->28M(128M) 1.914ms
[2026-09-27T03:23:59.235+0530][85.397s] GC(131) Pause Young (Normal) (G1 Evacuation Pause) 103M->29M(128M) 2.034ms
[2026-09-27T03:23:59.891+0530][86.053s] GC(132) Pause Young (Normal) (G1 Evacuation Pause) 103M->28M(128M) 1.924ms
[2026-09-27T03:24:00.399+0530][86.561s] GC(133) Pause Young (Normal) (G1 Evacuation Pause) 103M->28M(128M) 1.760ms
[2026-09-27T03:24:01.011+0530][87.173s] GC(134) Pause Young (Normal) (G1 Evacuation Pause) 103M->28M(128M) 2.469ms
[2026-09-27T03:24:01.523+0530][87.685s] GC(135) Pause Young (Normal) (G1 Evacuation Pause) 103M->28M(128M) 2.469ms
[2026-09-27T03:24:02.052+0530][88.214s] GC(136) Pause Young (Normal) (G1 Evacuation Pause) 103M->28M(128M) 2.395ms
[2026-09-27T03:24:02.561+0530][88.723s] GC(137) Pause Young (Normal) (G1 Evacuation Pause) 103M->28M(128M) 2.311ms
[2026-09-27T03:24:03.161+0530][89.323s] GC(138) Pause Young (Normal) (G1 Evacuation Pause) 103M->28M(128M) 2.385ms
[2026-09-27T03:24:03.713+0530][89.875s] GC(139) Pause Young (Normal) (G1 Evacuation Pause) 103M->28M(128M) 1.924ms
[2026-09-27T03:24:04.253+0530][90.415s] GC(140) Pause Young (Normal) (G1 Evacuation Pause) 103M->28M(128M) 2.004ms
[2026-09-27T03:24:04.827+0530][90.989s] GC(141) Pause Young (Normal) (G1 Evacuation Pause) 103M->28M(128M) 1.814ms
[2026-09-27T03:24:05.451+0530][91.613s] GC(142) Pause Young (Normal) (G1 Evacuation Pause) 103M->28M(128M) 1.871ms
[2026-09-27T03:24:05.950+0530][92.112s] GC(143) Pause Young (Normal) (G1 Evacuation Pause) 103M->28M(128M) 2.018ms
[2026-09-27T03:24:06.518+0530][92.680s] GC(144) Pause Young (Normal) (G1 Evacuation Pause) 103M->29M(128M) 2.090ms
[2026-09-27T03:24:07.079+0530][93.241s] GC(145) Pause Young (Normal) (G1 Evacuation Pause) 103M->28M(128M) 2.186ms
[2026-09-27T03:24:07.601+0530][93.763s] GC(146) Pause Young (Normal) (G1 Evacuation Pause) 103M->28M(128M) 1.731ms
[2026-09-27T03:24:08.120+0530][94.282s] GC(147) Pause Young (Normal) (G1 Evacuation Pause) 103M->28M(128M) 1.924ms
[2026-09-27T03:24:08.645+0530][94.806s] GC(148) Pause Young (Normal) (G1 Evacuation Pause) 103M->28M(128M) 1.715ms
[2026-09-27T03:24:09.216+0530][95.378s] GC(149) Pause Young (Normal) (G1 Evacuation Pause) 103M->28M(128M) 1.399ms
[2026-09-27T03:24:09.778+0530][95.940s] GC(150) Pause Young (Normal) (G1 Evacuation Pause) 103M->28M(128M) 1.708ms
[2026-09-27T03:24:10.322+0530][96.484s] GC(151) Pause Young (Normal) (G1 Evacuation Pause) 103M->28M(128M) 1.456ms
[2026-09-27T03:24:10.824+0530][96.986s] GC(152) Pause Young (Normal) (G1 Evacuation Pause) 103M->28M(128M) 1.998ms
[2026-09-27T03:24:11.300+0530][97.462s] GC(153) Pause Young (Normal) (G1 Evacuation Pause) 103M->29M(128M) 2.056ms
[2026-09-27T03:24:11.733+0530][97.895s] GC(154) Pause Young (Normal) (G1 Evacuation Pause) 104M->29M(128M) 2.299ms
[2026-09-27T03:24:12.216+0530][98.378s] GC(155) Pause Young (Normal) (G1 Evacuation Pause) 103M->29M(128M) 1.990ms
[2026-09-27T03:24:12.735+0530][98.897s] GC(156) Pause Young (Normal) (G1 Evacuation Pause) 104M->29M(128M) 1.992ms
[2026-09-27T03:24:13.188+0530][99.349s] GC(157) Pause Young (Normal) (G1 Evacuation Pause) 104M->29M(128M) 2.162ms
[2026-09-27T03:24:13.703+0530][99.865s] GC(158) Pause Young (Normal) (G1 Evacuation Pause) 104M->29M(128M) 2.145ms
[2026-09-27T03:24:14.218+0530][100.380s] GC(159) Pause Young (Normal) (G1 Evacuation Pause) 104M->29M(128M) 1.917ms
[2026-09-27T03:24:14.777+0530][100.939s] GC(160) Pause Young (Normal) (G1 Evacuation Pause) 104M->29M(128M) 1.972ms
[2026-09-27T03:24:15.324+0530][101.486s] GC(161) Pause Young (Normal) (G1 Evacuation Pause) 104M->29M(128M) 2.095ms
[2026-09-27T03:24:15.874+0530][102.036s] GC(162) Pause Young (Normal) (G1 Evacuation Pause) 104M->30M(128M) 2.148ms
[2026-09-27T03:24:16.363+0530][102.524s] GC(163) Pause Young (Normal) (G1 Evacuation Pause) 104M->29M(128M) 2.366ms
[2026-09-27T03:24:16.918+0530][103.081s] GC(164) Pause Young (Normal) (G1 Evacuation Pause) 104M->29M(128M) 1.832ms
[2026-09-27T03:24:17.413+0530][103.575s] GC(165) Pause Young (Normal) (G1 Evacuation Pause) 103M->29M(128M) 2.260ms
[2026-09-27T03:24:17.979+0530][104.141s] GC(166) Pause Young (Normal) (G1 Evacuation Pause) 104M->30M(128M) 2.354ms
[2026-09-27T03:24:18.608+0530][104.770s] GC(167) Pause Young (Normal) (G1 Evacuation Pause) 104M->29M(128M) 2.308ms
[2026-09-27T03:24:19.156+0530][105.318s] GC(168) Pause Young (Normal) (G1 Evacuation Pause) 104M->29M(128M) 1.949ms
[2026-09-27T03:24:19.764+0530][105.926s] GC(169) Pause Young (Normal) (G1 Evacuation Pause) 104M->29M(128M) 1.902ms
[2026-09-27T03:24:20.296+0530][106.458s] GC(170) Pause Young (Normal) (G1 Evacuation Pause) 104M->29M(128M) 2.019ms
[2026-09-27T03:24:20.847+0530][107.009s] GC(171) Pause Young (Normal) (G1 Evacuation Pause) 104M->29M(128M) 1.841ms
[2026-09-27T03:24:21.348+0530][107.510s] GC(172) Pause Young (Normal) (G1 Evacuation Pause) 104M->29M(128M) 2.138ms
[2026-09-27T03:24:21.912+0530][108.074s] GC(173) Pause Young (Normal) (G1 Evacuation Pause) 104M->29M(128M) 2.152ms
[2026-09-27T03:24:22.415+0530][108.577s] GC(174) Pause Young (Normal) (G1 Evacuation Pause) 104M->29M(128M) 1.812ms
[2026-09-27T03:24:22.969+0530][109.130s] GC(175) Pause Young (Normal) (G1 Evacuation Pause) 104M->29M(128M) 1.928ms
[2026-09-27T03:24:23.473+0530][109.636s] GC(176) Pause Young (Normal) (G1 Evacuation Pause) 104M->29M(128M) 2.000ms
[2026-09-27T03:24:24.182+0530][110.345s] GC(177) Pause Young (Normal) (G1 Evacuation Pause) 104M->29M(128M) 1.634ms
[2026-09-27T03:24:24.708+0530][110.871s] GC(178) Pause Young (Normal) (G1 Evacuation Pause) 104M->29M(128M) 1.975ms
[2026-09-27T03:24:25.250+0530][111.412s] GC(179) Pause Young (Normal) (G1 Evacuation Pause) 104M->30M(128M) 1.772ms
[2026-09-27T03:24:25.839+0530][112.001s] GC(180) Pause Young (Normal) (G1 Evacuation Pause) 104M->29M(128M) 2.110ms
[2026-09-27T03:24:26.307+0530][112.470s] GC(181) Pause Young (Normal) (G1 Evacuation Pause) 104M->30M(128M) 2.434ms
[2026-09-27T03:24:26.761+0530][112.923s] GC(182) Pause Young (Normal) (G1 Evacuation Pause) 104M->30M(128M) 2.428ms
[2026-09-27T03:24:27.091+0530][113.254s] GC(183) Pause Young (Normal) (G1 Evacuation Pause) 104M->30M(128M) 2.391ms
[2026-09-27T03:24:27.516+0530][113.678s] GC(184) Pause Young (Normal) (G1 Evacuation Pause) 104M->30M(128M) 2.437ms
[2026-09-27T03:24:28.017+0530][114.179s] GC(185) Pause Young (Normal) (G1 Evacuation Pause) 104M->30M(128M) 2.765ms
[2026-09-27T03:24:28.510+0530][114.672s] GC(186) Pause Young (Normal) (G1 Evacuation Pause) 104M->30M(128M) 2.272ms
[2026-09-27T03:24:29.019+0530][115.180s] GC(187) Pause Young (Normal) (G1 Evacuation Pause) 104M->30M(128M) 2.620ms
[2026-09-27T03:24:29.534+0530][115.695s] GC(188) Pause Young (Normal) (G1 Evacuation Pause) 104M->30M(128M) 2.579ms
[2026-09-27T03:24:30.056+0530][116.217s] GC(189) Pause Young (Normal) (G1 Evacuation Pause) 104M->30M(128M) 2.317ms
[2026-09-27T03:24:30.566+0530][116.728s] GC(190) Pause Young (Normal) (G1 Evacuation Pause) 104M->30M(128M) 2.424ms
[2026-09-27T03:24:31.325+0530][117.487s] GC(191) Pause Young (Normal) (G1 Evacuation Pause) 104M->30M(128M) 2.601ms
[2026-09-27T03:24:31.671+0530][117.833s] GC(192) Pause Young (Normal) (G1 Evacuation Pause) 104M->30M(128M) 2.292ms
[2026-09-27T03:24:32.342+0530][118.505s] GC(193) Pause Young (Normal) (G1 Evacuation Pause) 104M->30M(128M) 2.804ms
[2026-09-27T03:24:32.847+0530][119.009s] GC(194) Pause Young (Normal) (G1 Evacuation Pause) 104M->30M(128M) 2.787ms
[2026-09-27T03:24:33.428+0530][119.590s] GC(195) Pause Young (Normal) (G1 Evacuation Pause) 104M->30M(128M) 2.617ms
[2026-09-27T03:24:33.949+0530][120.110s] GC(196) Pause Young (Normal) (G1 Evacuation Pause) 104M->30M(128M) 2.557ms
[2026-09-27T03:24:34.471+0530][120.634s] GC(197) Pause Young (Normal) (G1 Evacuation Pause) 105M->30M(128M) 2.086ms
[2026-09-27T03:24:34.984+0530][121.146s] GC(198) Pause Young (Normal) (G1 Evacuation Pause) 105M->30M(128M) 1.892ms
[2026-09-27T03:24:35.593+0530][121.755s] GC(199) Pause Young (Normal) (G1 Evacuation Pause) 105M->30M(128M) 1.887ms
[2026-09-27T03:24:36.118+0530][122.280s] GC(200) Pause Young (Normal) (G1 Evacuation Pause) 105M->30M(128M) 1.998ms
[2026-09-27T03:24:36.641+0530][122.802s] GC(201) Pause Young (Normal) (G1 Evacuation Pause) 105M->30M(128M) 1.873ms
[2026-09-27T03:24:37.146+0530][123.308s] GC(202) Pause Young (Normal) (G1 Evacuation Pause) 105M->30M(128M) 2.019ms
[2026-09-27T03:24:37.683+0530][123.845s] GC(203) Pause Young (Normal) (G1 Evacuation Pause) 105M->30M(128M) 1.720ms
[2026-09-27T03:24:38.171+0530][124.333s] GC(204) Pause Young (Normal) (G1 Evacuation Pause) 105M->30M(128M) 1.742ms
[2026-09-27T03:24:38.781+0530][124.943s] GC(205) Pause Young (Normal) (G1 Evacuation Pause) 105M->31M(128M) 1.951ms
[2026-09-27T03:24:39.425+0530][125.587s] GC(206) Pause Young (Normal) (G1 Evacuation Pause) 105M->30M(128M) 1.980ms
[2026-09-27T03:24:39.938+0530][126.099s] GC(207) Pause Young (Normal) (G1 Evacuation Pause) 105M->30M(128M) 1.670ms
[2026-09-27T03:24:40.533+0530][126.695s] GC(208) Pause Young (Normal) (G1 Evacuation Pause) 105M->30M(128M) 1.750ms
[2026-09-27T03:24:41.044+0530][127.206s] GC(209) Pause Young (Normal) (G1 Evacuation Pause) 105M->30M(128M) 2.095ms
[2026-09-27T03:24:41.567+0530][127.729s] GC(210) Pause Young (Normal) (G1 Evacuation Pause) 105M->30M(128M) 2.091ms
[2026-09-27T03:24:41.964+0530][128.126s] GC(211) Pause Young (Normal) (G1 Evacuation Pause) 105M->30M(128M) 1.885ms
[2026-09-27T03:24:42.456+0530][128.618s] GC(212) Pause Young (Normal) (G1 Evacuation Pause) 105M->30M(128M) 2.407ms
[2026-09-27T03:24:42.943+0530][129.105s] GC(213) Pause Young (Normal) (G1 Evacuation Pause) 105M->31M(128M) 2.780ms
[2026-09-27T03:24:43.227+0530][129.389s] GC(214) Pause Young (Normal) (G1 Evacuation Pause) 105M->31M(128M) 2.283ms
[2026-09-27T03:24:43.823+0530][129.985s] GC(215) Pause Young (Normal) (G1 Evacuation Pause) 106M->31M(128M) 2.232ms
[2026-09-27T03:24:44.251+0530][130.413s] GC(216) Pause Young (Normal) (G1 Evacuation Pause) 106M->31M(128M) 2.151ms
[2026-09-27T03:24:44.978+0530][131.140s] GC(217) Pause Young (Normal) (G1 Evacuation Pause) 106M->30M(128M) 2.116ms
[2026-09-27T03:24:45.504+0530][131.666s] GC(218) Pause Young (Normal) (G1 Evacuation Pause) 105M->31M(128M) 2.167ms
[2026-09-27T03:24:46.063+0530][132.225s] GC(219) Pause Young (Normal) (G1 Evacuation Pause) 106M->31M(128M) 2.385ms
[2026-09-27T03:24:46.599+0530][132.761s] GC(220) Pause Young (Normal) (G1 Evacuation Pause) 105M->31M(128M) 2.057ms
[2026-09-27T03:24:47.118+0530][133.281s] GC(221) Pause Young (Normal) (G1 Evacuation Pause) 106M->31M(128M) 2.341ms
[2026-09-27T03:24:47.661+0530][133.823s] GC(222) Pause Young (Normal) (G1 Evacuation Pause) 105M->31M(128M) 2.216ms
[2026-09-27T03:24:48.173+0530][134.335s] GC(223) Pause Young (Normal) (G1 Evacuation Pause) 106M->31M(128M) 2.534ms
[2026-09-27T03:24:48.695+0530][134.857s] GC(224) Pause Young (Normal) (G1 Evacuation Pause) 105M->31M(128M) 2.049ms
[2026-09-27T03:24:49.215+0530][135.378s] GC(225) Pause Young (Normal) (G1 Evacuation Pause) 106M->31M(128M) 2.069ms
[2026-09-27T03:24:49.794+0530][135.956s] GC(226) Pause Young (Normal) (G1 Evacuation Pause) 105M->31M(128M) 1.937ms
[2026-09-27T03:24:50.308+0530][136.470s] GC(227) Pause Young (Normal) (G1 Evacuation Pause) 106M->31M(128M) 1.516ms
[2026-09-27T03:24:50.866+0530][137.028s] GC(228) Pause Young (Normal) (G1 Evacuation Pause) 106M->31M(128M) 1.844ms
[2026-09-27T03:24:51.435+0530][137.597s] GC(229) Pause Young (Normal) (G1 Evacuation Pause) 106M->30M(128M) 1.642ms
[2026-09-27T03:24:52.125+0530][138.287s] GC(230) Pause Young (Normal) (G1 Evacuation Pause) 105M->31M(128M) 1.773ms
[2026-09-27T03:24:52.596+0530][138.758s] GC(231) Pause Young (Normal) (G1 Evacuation Pause) 106M->30M(128M) 1.833ms
[2026-09-27T03:24:53.147+0530][139.309s] GC(232) Pause Young (Normal) (G1 Evacuation Pause) 105M->31M(128M) 2.247ms
[2026-09-27T03:24:53.653+0530][139.815s] GC(233) Pause Young (Normal) (G1 Evacuation Pause) 106M->31M(128M) 1.830ms
[2026-09-27T03:24:54.211+0530][140.372s] GC(234) Pause Young (Normal) (G1 Evacuation Pause) 106M->31M(128M) 1.670ms
[2026-09-27T03:24:54.755+0530][140.917s] GC(235) Pause Young (Normal) (G1 Evacuation Pause) 106M->31M(128M) 1.875ms
[2026-09-27T03:24:55.288+0530][141.450s] GC(236) Pause Young (Normal) (G1 Evacuation Pause) 106M->31M(128M) 1.956ms
[2026-09-27T03:24:55.798+0530][141.960s] GC(237) Pause Young (Normal) (G1 Evacuation Pause) 106M->31M(128M) 1.866ms
[2026-09-27T03:24:56.367+0530][142.529s] GC(238) Pause Young (Normal) (G1 Evacuation Pause) 106M->31M(128M) 2.322ms
[2026-09-27T03:24:56.812+0530][142.974s] GC(239) Pause Young (Normal) (G1 Evacuation Pause) 106M->31M(128M) 2.029ms
[2026-09-27T03:24:57.304+0530][143.466s] GC(240) Pause Young (Normal) (G1 Evacuation Pause) 106M->31M(128M) 1.984ms
[2026-09-27T03:24:57.777+0530][143.939s] GC(241) Pause Young (Normal) (G1 Evacuation Pause) 106M->31M(128M) 2.127ms
[2026-09-27T03:24:58.277+0530][144.439s] GC(242) Pause Young (Normal) (G1 Evacuation Pause) 106M->31M(128M) 2.800ms
[2026-09-27T03:24:58.694+0530][144.855s] GC(243) Pause Young (Normal) (G1 Evacuation Pause) 106M->31M(128M) 2.123ms
[2026-09-27T03:24:59.201+0530][145.364s] GC(244) Pause Young (Normal) (G1 Evacuation Pause) 106M->31M(128M) 2.420ms
[2026-09-27T03:24:59.701+0530][145.863s] GC(245) Pause Young (Normal) (G1 Evacuation Pause) 106M->31M(128M) 2.204ms
[2026-09-27T03:25:00.293+0530][146.455s] GC(246) Pause Young (Normal) (G1 Evacuation Pause) 106M->31M(128M) 2.478ms
[2026-09-27T03:25:00.804+0530][146.966s] GC(247) Pause Young (Normal) (G1 Evacuation Pause) 106M->31M(128M) 2.281ms
[2026-09-27T03:25:01.358+0530][147.520s] GC(248) Pause Young (Normal) (G1 Evacuation Pause) 105M->31M(128M) 2.403ms
[2026-09-27T03:25:01.873+0530][148.036s] GC(249) Pause Young (Normal) (G1 Evacuation Pause) 106M->31M(128M) 2.144ms
[2026-09-27T03:25:02.449+0530][148.611s] GC(250) Pause Young (Normal) (G1 Evacuation Pause) 106M->31M(128M) 2.152ms
[2026-09-27T03:25:02.955+0530][149.117s] GC(251) Pause Young (Normal) (G1 Evacuation Pause) 106M->31M(128M) 2.316ms
[2026-09-27T03:25:03.492+0530][149.654s] GC(252) Pause Young (Normal) (G1 Evacuation Pause) 106M->31M(128M) 2.107ms
[2026-09-27T03:25:03.981+0530][150.143s] GC(253) Pause Young (Normal) (G1 Evacuation Pause) 106M->31M(128M) 2.099ms
[2026-09-27T03:25:04.607+0530][150.769s] GC(254) Pause Young (Normal) (G1 Evacuation Pause) 106M->31M(128M) 1.905ms
[2026-09-27T03:25:05.116+0530][151.278s] GC(255) Pause Young (Normal) (G1 Evacuation Pause) 106M->31M(128M) 2.207ms
[2026-09-27T03:25:05.773+0530][151.935s] GC(256) Pause Young (Normal) (G1 Evacuation Pause) 106M->31M(128M) 1.997ms
[2026-09-27T03:25:06.304+0530][152.466s] GC(257) Pause Young (Normal) (G1 Evacuation Pause) 106M->31M(128M) 1.994ms
[2026-09-27T03:25:06.885+0530][153.047s] GC(258) Pause Young (Normal) (G1 Evacuation Pause) 106M->31M(128M) 1.728ms
[2026-09-27T03:25:07.425+0530][153.587s] GC(259) Pause Young (Normal) (G1 Evacuation Pause) 106M->31M(128M) 1.758ms
[2026-09-27T03:25:07.908+0530][154.071s] GC(260) Pause Young (Normal) (G1 Evacuation Pause) 106M->31M(128M) 1.764ms
[2026-09-27T03:25:08.452+0530][154.614s] GC(261) Pause Young (Normal) (G1 Evacuation Pause) 106M->31M(128M) 1.915ms
[2026-09-27T03:25:08.956+0530][155.118s] GC(262) Pause Young (Normal) (G1 Evacuation Pause) 106M->31M(128M) 1.439ms
[2026-09-27T03:25:09.482+0530][155.644s] GC(263) Pause Young (Normal) (G1 Evacuation Pause) 106M->31M(128M) 1.888ms
[2026-09-27T03:25:10.000+0530][156.162s] GC(264) Pause Young (Normal) (G1 Evacuation Pause) 106M->31M(128M) 1.341ms
[2026-09-27T03:25:10.582+0530][156.744s] GC(265) Pause Young (Normal) (G1 Evacuation Pause) 106M->31M(128M) 2.027ms
[2026-09-27T03:25:11.109+0530][157.271s] GC(266) Pause Young (Normal) (G1 Evacuation Pause) 106M->31M(128M) 2.320ms
[2026-09-27T03:25:11.641+0530][157.803s] GC(267) Pause Young (Normal) (G1 Evacuation Pause) 106M->31M(128M) 1.962ms
[2026-09-27T03:25:12.094+0530][158.256s] GC(268) Pause Young (Normal) (G1 Evacuation Pause) 106M->32M(128M) 2.028ms
[2026-09-27T03:25:12.587+0530][158.750s] GC(269) Pause Young (Normal) (G1 Evacuation Pause) 107M->32M(128M) 1.826ms
[2026-09-27T03:25:13.053+0530][159.215s] GC(270) Pause Young (Normal) (G1 Evacuation Pause) 107M->32M(128M) 2.034ms
[2026-09-27T03:25:13.522+0530][159.684s] GC(271) Pause Young (Normal) (G1 Evacuation Pause) 107M->32M(128M) 2.400ms
[2026-09-27T03:25:14.037+0530][160.199s] GC(272) Pause Young (Normal) (G1 Evacuation Pause) 107M->32M(128M) 2.264ms
[2026-09-27T03:25:14.482+0530][160.643s] GC(273) Pause Young (Normal) (G1 Evacuation Pause) 107M->32M(128M) 2.365ms
[2026-09-27T03:25:15.041+0530][161.204s] GC(274) Pause Young (Normal) (G1 Evacuation Pause) 107M->32M(128M) 2.276ms
[2026-09-27T03:25:15.544+0530][161.706s] GC(275) Pause Young (Normal) (G1 Evacuation Pause) 107M->32M(128M) 2.055ms
[2026-09-27T03:25:16.084+0530][162.246s] GC(276) Pause Young (Normal) (G1 Evacuation Pause) 107M->32M(128M) 2.213ms
[2026-09-27T03:25:16.593+0530][162.755s] GC(277) Pause Young (Normal) (G1 Evacuation Pause) 107M->32M(128M) 2.304ms
[2026-09-27T03:25:17.145+0530][163.308s] GC(278) Pause Young (Normal) (G1 Evacuation Pause) 107M->32M(128M) 2.041ms
[2026-09-27T03:25:17.705+0530][163.867s] GC(279) Pause Young (Normal) (G1 Evacuation Pause) 107M->32M(128M) 1.857ms
[2026-09-27T03:25:18.216+0530][164.378s] GC(280) Pause Young (Normal) (G1 Evacuation Pause) 107M->32M(128M) 2.422ms
[2026-09-27T03:25:18.732+0530][164.895s] GC(281) Pause Young (Normal) (G1 Evacuation Pause) 106M->32M(128M) 2.565ms
[2026-09-27T03:25:19.263+0530][165.426s] GC(282) Pause Young (Normal) (G1 Evacuation Pause) 107M->33M(128M) 2.454ms
[2026-09-27T03:25:19.867+0530][166.029s] GC(283) Pause Young (Normal) (G1 Evacuation Pause) 107M->32M(128M) 2.326ms
[2026-09-27T03:25:20.481+0530][166.643s] GC(284) Pause Young (Normal) (G1 Evacuation Pause) 107M->32M(128M) 1.823ms
[2026-09-27T03:25:21.002+0530][167.164s] GC(285) Pause Young (Normal) (G1 Evacuation Pause) 107M->32M(128M) 2.145ms
[2026-09-27T03:25:21.516+0530][167.678s] GC(286) Pause Young (Normal) (G1 Evacuation Pause) 107M->32M(128M) 2.162ms
[2026-09-27T03:25:22.111+0530][168.273s] GC(287) Pause Young (Normal) (G1 Evacuation Pause) 107M->32M(128M) 1.974ms
[2026-09-27T03:25:22.633+0530][168.795s] GC(288) Pause Young (Normal) (G1 Evacuation Pause) 107M->32M(128M) 1.868ms
[2026-09-27T03:25:23.156+0530][169.317s] GC(289) Pause Young (Normal) (G1 Evacuation Pause) 107M->32M(128M) 2.096ms
[2026-09-27T03:25:23.655+0530][169.817s] GC(290) Pause Young (Normal) (G1 Evacuation Pause) 107M->32M(128M) 1.816ms
[2026-09-27T03:25:24.177+0530][170.339s] GC(291) Pause Young (Normal) (G1 Evacuation Pause) 107M->32M(128M) 1.856ms
[2026-09-27T03:25:24.689+0530][170.851s] GC(292) Pause Young (Normal) (G1 Evacuation Pause) 107M->32M(128M) 2.008ms
[2026-09-27T03:25:25.225+0530][171.387s] GC(293) Pause Young (Normal) (G1 Evacuation Pause) 107M->32M(128M) 1.939ms
[2026-09-27T03:25:25.732+0530][171.895s] GC(294) Pause Young (Normal) (G1 Evacuation Pause) 107M->32M(128M) 2.126ms
[2026-09-27T03:25:26.318+0530][172.481s] GC(295) Pause Young (Normal) (G1 Evacuation Pause) 107M->32M(128M) 2.276ms
[2026-09-27T03:25:26.832+0530][172.994s] GC(296) Pause Young (Normal) (G1 Evacuation Pause) 107M->32M(128M) 2.140ms
[2026-09-27T03:25:27.320+0530][173.482s] GC(297) Pause Young (Normal) (G1 Evacuation Pause) 107M->32M(128M) 2.063ms
[2026-09-27T03:25:27.726+0530][173.888s] GC(298) Pause Young (Normal) (G1 Evacuation Pause) 107M->32M(128M) 1.635ms
[2026-09-27T03:25:28.247+0530][174.410s] GC(299) Pause Young (Normal) (G1 Evacuation Pause) 107M->32M(128M) 2.058ms
[2026-09-27T03:25:28.714+0530][174.877s] GC(300) Pause Young (Normal) (G1 Evacuation Pause) 107M->32M(128M) 2.380ms
[2026-09-27T03:25:29.222+0530][175.384s] GC(301) Pause Young (Normal) (G1 Evacuation Pause) 107M->32M(128M) 2.400ms
[2026-09-27T03:25:29.664+0530][175.826s] GC(302) Pause Young (Normal) (G1 Evacuation Pause) 107M->32M(128M) 2.029ms
[2026-09-27T03:25:30.229+0530][176.391s] GC(303) Pause Young (Normal) (G1 Evacuation Pause) 107M->33M(128M) 2.619ms
[2026-09-27T03:25:30.698+0530][176.860s] GC(304) Pause Young (Normal) (G1 Evacuation Pause) 107M->33M(128M) 2.389ms
[2026-09-27T03:25:31.251+0530][177.413s] GC(305) Pause Young (Normal) (G1 Evacuation Pause) 107M->32M(128M) 2.175ms
[2026-09-27T03:25:31.760+0530][177.922s] GC(306) Pause Young (Normal) (G1 Evacuation Pause) 107M->33M(128M) 2.031ms
[2026-09-27T03:25:32.311+0530][178.473s] GC(307) Pause Young (Normal) (G1 Evacuation Pause) 107M->32M(128M) 1.892ms
[2026-09-27T03:25:32.835+0530][178.997s] GC(308) Pause Young (Normal) (G1 Evacuation Pause) 107M->32M(128M) 1.961ms
[2026-09-27T03:25:33.407+0530][179.569s] GC(309) Pause Young (Normal) (G1 Evacuation Pause) 107M->32M(128M) 2.032ms
[2026-09-27T03:25:33.911+0530][180.073s] GC(310) Pause Young (Normal) (G1 Evacuation Pause) 107M->32M(128M) 1.919ms
[2026-09-27T03:25:34.441+0530][180.603s] GC(311) Pause Young (Normal) (G1 Evacuation Pause) 107M->33M(128M) 2.205ms
[2026-09-27T03:25:34.960+0530][181.121s] GC(312) Pause Young (Normal) (G1 Evacuation Pause) 108M->32M(128M) 1.793ms
[2026-09-27T03:25:35.672+0530][181.834s] GC(313) Pause Young (Normal) (G1 Evacuation Pause) 107M->33M(128M) 2.025ms
[2026-09-27T03:25:36.180+0530][182.341s] GC(314) Pause Young (Normal) (G1 Evacuation Pause) 108M->32M(128M) 1.842ms
[2026-09-27T03:25:36.694+0530][182.856s] GC(315) Pause Young (Normal) (G1 Evacuation Pause) 107M->32M(128M) 1.944ms
[2026-09-27T03:25:37.203+0530][183.365s] GC(316) Pause Young (Normal) (G1 Evacuation Pause) 107M->32M(128M) 1.891ms
[2026-09-27T03:25:37.746+0530][183.908s] GC(317) Pause Young (Normal) (G1 Evacuation Pause) 107M->32M(128M) 1.699ms
[2026-09-27T03:25:38.310+0530][184.472s] GC(318) Pause Young (Normal) (G1 Evacuation Pause) 107M->32M(128M) 1.632ms
[2026-09-27T03:25:38.832+0530][184.994s] GC(319) Pause Young (Normal) (G1 Evacuation Pause) 107M->32M(128M) 1.492ms
[2026-09-27T03:25:39.330+0530][185.491s] GC(320) Pause Young (Normal) (G1 Evacuation Pause) 107M->33M(128M) 1.736ms
[2026-09-27T03:25:39.847+0530][186.009s] GC(321) Pause Young (Normal) (G1 Evacuation Pause) 108M->33M(128M) 2.055ms
[2026-09-27T03:25:40.354+0530][186.516s] GC(322) Pause Young (Normal) (G1 Evacuation Pause) 108M->32M(128M) 1.932ms
[2026-09-27T03:25:40.932+0530][187.094s] GC(323) Pause Young (Normal) (G1 Evacuation Pause) 107M->33M(128M) 2.164ms
[2026-09-27T03:25:41.386+0530][187.548s] GC(324) Pause Young (Normal) (G1 Evacuation Pause) 108M->33M(128M) 2.200ms
[2026-09-27T03:25:41.956+0530][188.118s] GC(325) Pause Young (Normal) (G1 Evacuation Pause) 108M->33M(128M) 1.992ms
[2026-09-27T03:25:42.411+0530][188.573s] GC(326) Pause Young (Normal) (G1 Evacuation Pause) 108M->33M(128M) 1.959ms
[2026-09-27T03:25:42.905+0530][189.067s] GC(327) Pause Young (Normal) (G1 Evacuation Pause) 108M->33M(128M) 2.179ms
[2026-09-27T03:25:43.391+0530][189.554s] GC(328) Pause Young (Normal) (G1 Evacuation Pause) 108M->33M(128M) 2.035ms
[2026-09-27T03:25:43.897+0530][190.060s] GC(329) Pause Young (Normal) (G1 Evacuation Pause) 108M->33M(128M) 2.051ms
[2026-09-27T03:25:44.300+0530][190.462s] GC(330) Pause Young (Normal) (G1 Evacuation Pause) 108M->33M(128M) 2.176ms
[2026-09-27T03:25:44.809+0530][190.971s] GC(331) Pause Young (Normal) (G1 Evacuation Pause) 108M->33M(128M) 2.311ms
[2026-09-27T03:25:45.299+0530][191.460s] GC(332) Pause Young (Normal) (G1 Evacuation Pause) 108M->33M(128M) 1.951ms
[2026-09-27T03:25:45.808+0530][191.971s] GC(333) Pause Young (Normal) (G1 Evacuation Pause) 108M->33M(128M) 2.378ms
[2026-09-27T03:25:46.315+0530][192.477s] GC(334) Pause Young (Normal) (G1 Evacuation Pause) 108M->33M(128M) 2.101ms
[2026-09-27T03:25:46.847+0530][193.009s] GC(335) Pause Young (Normal) (G1 Evacuation Pause) 108M->33M(128M) 2.324ms
[2026-09-27T03:25:47.363+0530][193.525s] GC(336) Pause Young (Normal) (G1 Evacuation Pause) 108M->33M(128M) 1.808ms
[2026-09-27T03:25:47.957+0530][194.119s] GC(337) Pause Young (Normal) (G1 Evacuation Pause) 108M->33M(128M) 1.917ms
[2026-09-27T03:25:48.467+0530][194.629s] GC(338) Pause Young (Normal) (G1 Evacuation Pause) 108M->33M(128M) 1.876ms
[2026-09-27T03:25:49.020+0530][195.181s] GC(339) Pause Young (Normal) (G1 Evacuation Pause) 108M->33M(128M) 1.836ms
[2026-09-27T03:25:49.506+0530][195.668s] GC(340) Pause Young (Normal) (G1 Evacuation Pause) 108M->33M(128M) 1.954ms
[2026-09-27T03:25:50.039+0530][196.201s] GC(341) Pause Young (Normal) (G1 Evacuation Pause) 108M->33M(128M) 2.228ms
[2026-09-27T03:25:50.543+0530][196.705s] GC(342) Pause Young (Normal) (G1 Evacuation Pause) 108M->33M(128M) 1.772ms
[2026-09-27T03:25:51.074+0530][197.237s] GC(343) Pause Young (Normal) (G1 Evacuation Pause) 108M->33M(128M) 2.041ms
[2026-09-27T03:25:51.591+0530][197.752s] GC(344) Pause Young (Normal) (G1 Evacuation Pause) 108M->33M(128M) 1.745ms
[2026-09-27T03:25:52.159+0530][198.321s] GC(345) Pause Young (Normal) (G1 Evacuation Pause) 108M->33M(128M) 1.869ms
[2026-09-27T03:25:52.669+0530][198.831s] GC(346) Pause Young (Normal) (G1 Evacuation Pause) 108M->33M(128M) 1.653ms
[2026-09-27T03:25:53.382+0530][199.544s] GC(347) Pause Young (Normal) (G1 Evacuation Pause) 108M->33M(128M) 1.564ms
[2026-09-27T03:25:53.892+0530][200.054s] GC(348) Pause Young (Normal) (G1 Evacuation Pause) 108M->33M(128M) 1.672ms
[2026-09-27T03:25:54.410+0530][200.571s] GC(349) Pause Young (Normal) (G1 Evacuation Pause) 108M->33M(128M) 1.598ms
[2026-09-27T03:25:54.914+0530][201.076s] GC(350) Pause Young (Normal) (G1 Evacuation Pause) 108M->33M(128M) 2.188ms
[2026-09-27T03:25:55.448+0530][201.610s] GC(351) Pause Young (Normal) (G1 Evacuation Pause) 108M->33M(128M) 1.886ms
[2026-09-27T03:25:55.941+0530][202.103s] GC(352) Pause Young (Normal) (G1 Evacuation Pause) 108M->33M(128M) 2.004ms
[2026-09-27T03:25:56.462+0530][202.624s] GC(353) Pause Young (Normal) (G1 Evacuation Pause) 108M->33M(128M) 2.459ms
[2026-09-27T03:25:56.964+0530][203.126s] GC(354) Pause Young (Normal) (G1 Evacuation Pause) 108M->34M(128M) 2.321ms
[2026-09-27T03:25:57.482+0530][203.643s] GC(355) Pause Young (Normal) (G1 Evacuation Pause) 109M->34M(128M) 2.151ms
[2026-09-27T03:25:57.932+0530][204.095s] GC(356) Pause Young (Normal) (G1 Evacuation Pause) 109M->34M(128M) 2.273ms
[2026-09-27T03:25:58.430+0530][204.592s] GC(357) Pause Young (Normal) (G1 Evacuation Pause) 109M->34M(128M) 2.103ms
[2026-09-27T03:25:58.776+0530][204.938s] GC(358) Pause Young (Normal) (G1 Evacuation Pause) 109M->34M(128M) 2.068ms
[2026-09-27T03:25:59.250+0530][205.412s] GC(359) Pause Young (Normal) (G1 Evacuation Pause) 108M->34M(128M) 1.869ms
[2026-09-27T03:25:59.720+0530][205.882s] GC(360) Pause Young (Normal) (G1 Evacuation Pause) 109M->34M(128M) 2.243ms
[2026-09-27T03:26:00.194+0530][206.356s] GC(361) Pause Young (Normal) (G1 Evacuation Pause) 108M->34M(128M) 2.507ms
[2026-09-27T03:26:00.757+0530][206.919s] GC(362) Pause Young (Normal) (G1 Evacuation Pause) 109M->34M(128M) 1.972ms
[2026-09-27T03:26:01.202+0530][207.365s] GC(363) Pause Young (Normal) (G1 Evacuation Pause) 109M->34M(128M) 2.434ms
[2026-09-27T03:26:01.765+0530][207.928s] GC(364) Pause Young (Normal) (G1 Evacuation Pause) 108M->34M(128M) 2.195ms
[2026-09-27T03:26:02.220+0530][208.383s] GC(365) Pause Young (Normal) (G1 Evacuation Pause) 109M->34M(128M) 1.956ms
[2026-09-27T03:26:02.850+0530][209.011s] GC(366) Pause Young (Normal) (G1 Evacuation Pause) 109M->34M(128M) 2.323ms
[2026-09-27T03:26:03.431+0530][209.593s] GC(367) Pause Young (Normal) (G1 Evacuation Pause) 108M->34M(128M) 2.108ms
[2026-09-27T03:26:03.981+0530][210.143s] GC(368) Pause Young (Normal) (G1 Evacuation Pause) 109M->34M(128M) 2.054ms
[2026-09-27T03:26:04.550+0530][210.712s] GC(369) Pause Young (Normal) (G1 Evacuation Pause) 109M->34M(128M) 1.808ms
[2026-09-27T03:26:05.027+0530][211.189s] GC(370) Pause Young (Normal) (G1 Evacuation Pause) 109M->34M(128M) 2.099ms
[2026-09-27T03:26:05.571+0530][211.734s] GC(371) Pause Young (Normal) (G1 Evacuation Pause) 109M->34M(128M) 2.483ms
[2026-09-27T03:26:06.043+0530][212.205s] GC(372) Pause Young (Normal) (G1 Evacuation Pause) 109M->34M(128M) 2.035ms
[2026-09-27T03:26:06.590+0530][212.752s] GC(373) Pause Young (Normal) (G1 Evacuation Pause) 109M->34M(128M) 2.405ms
[2026-09-27T03:26:07.103+0530][213.265s] GC(374) Pause Young (Normal) (G1 Evacuation Pause) 109M->34M(128M) 2.270ms
[2026-09-27T03:26:07.618+0530][213.780s] GC(375) Pause Young (Normal) (G1 Evacuation Pause) 109M->34M(128M) 2.144ms
[2026-09-27T03:26:08.140+0530][214.302s] GC(376) Pause Young (Normal) (G1 Evacuation Pause) 109M->34M(128M) 2.157ms
[2026-09-27T03:26:08.666+0530][214.828s] GC(377) Pause Young (Normal) (G1 Evacuation Pause) 109M->34M(128M) 2.010ms
[2026-09-27T03:26:09.180+0530][215.342s] GC(378) Pause Young (Normal) (G1 Evacuation Pause) 109M->34M(128M) 1.926ms
[2026-09-27T03:26:09.734+0530][215.897s] GC(379) Pause Young (Normal) (G1 Evacuation Pause) 109M->34M(128M) 2.019ms
[2026-09-27T03:26:10.235+0530][216.397s] GC(380) Pause Young (Normal) (G1 Evacuation Pause) 109M->34M(128M) 1.849ms
[2026-09-27T03:26:10.758+0530][216.920s] GC(381) Pause Young (Normal) (G1 Evacuation Pause) 109M->34M(128M) 2.153ms
[2026-09-27T03:26:11.257+0530][217.419s] GC(382) Pause Young (Normal) (G1 Evacuation Pause) 109M->34M(128M) 2.382ms
[2026-09-27T03:26:11.777+0530][217.940s] GC(383) Pause Young (Normal) (G1 Evacuation Pause) 109M->34M(128M) 2.754ms
[2026-09-27T03:26:12.291+0530][218.453s] GC(384) Pause Young (Normal) (G1 Evacuation Pause) 109M->35M(128M) 2.467ms
[2026-09-27T03:26:12.774+0530][218.936s] GC(385) Pause Young (Normal) (G1 Evacuation Pause) 109M->35M(128M) 2.415ms
[2026-09-27T03:26:13.248+0530][219.411s] GC(386) Pause Young (Normal) (G1 Evacuation Pause) 109M->35M(128M) 2.734ms
[2026-09-27T03:26:13.660+0530][219.822s] GC(387) Pause Young (Normal) (G1 Evacuation Pause) 109M->35M(128M) 2.419ms
[2026-09-27T03:26:14.162+0530][220.324s] GC(388) Pause Young (Normal) (G1 Evacuation Pause) 109M->35M(128M) 2.620ms
[2026-09-27T03:26:14.650+0530][220.812s] GC(389) Pause Young (Normal) (G1 Evacuation Pause) 109M->35M(128M) 2.302ms
[2026-09-27T03:26:15.167+0530][221.328s] GC(390) Pause Young (Normal) (G1 Evacuation Pause) 109M->35M(128M) 2.373ms
[2026-09-27T03:26:15.550+0530][221.712s] GC(391) Pause Young (Normal) (G1 Evacuation Pause) 109M->35M(128M) 2.464ms
[2026-09-27T03:26:16.056+0530][222.218s] GC(392) Pause Young (Normal) (G1 Evacuation Pause) 110M->35M(128M) 2.674ms
[2026-09-27T03:26:16.475+0530][222.637s] GC(393) Pause Young (Normal) (G1 Evacuation Pause) 109M->35M(128M) 2.308ms
[2026-09-27T03:26:16.983+0530][223.145s] GC(394) Pause Young (Normal) (G1 Evacuation Pause) 109M->35M(128M) 2.550ms
[2026-09-27T03:26:17.480+0530][223.642s] GC(395) Pause Young (Normal) (G1 Evacuation Pause) 109M->35M(128M) 2.187ms
[2026-09-27T03:26:18.010+0530][224.172s] GC(396) Pause Young (Normal) (G1 Evacuation Pause) 109M->35M(128M) 2.347ms
[2026-09-27T03:26:18.524+0530][224.686s] GC(397) Pause Young (Normal) (G1 Evacuation Pause) 109M->35M(128M) 2.035ms
[2026-09-27T03:26:19.201+0530][225.363s] GC(398) Pause Young (Normal) (G1 Evacuation Pause) 110M->35M(128M) 1.811ms
[2026-09-27T03:26:19.719+0530][225.881s] GC(399) Pause Young (Normal) (G1 Evacuation Pause) 110M->35M(128M) 1.733ms
[2026-09-27T03:26:20.241+0530][226.403s] GC(400) Pause Young (Normal) (G1 Evacuation Pause) 110M->35M(128M) 1.742ms
[2026-09-27T03:26:20.741+0530][226.903s] GC(401) Pause Young (Normal) (G1 Evacuation Pause) 110M->35M(128M) 1.728ms
[2026-09-27T03:26:21.251+0530][227.413s] GC(402) Pause Young (Normal) (G1 Evacuation Pause) 110M->35M(128M) 2.170ms
[2026-09-27T03:26:21.749+0530][227.912s] GC(403) Pause Young (Normal) (G1 Evacuation Pause) 110M->35M(128M) 1.624ms
[2026-09-27T03:26:22.262+0530][228.424s] GC(404) Pause Young (Normal) (G1 Evacuation Pause) 110M->35M(128M) 2.161ms
[2026-09-27T03:26:22.763+0530][228.926s] GC(405) Pause Young (Normal) (G1 Evacuation Pause) 110M->35M(128M) 1.835ms
[2026-09-27T03:26:23.276+0530][229.439s] GC(406) Pause Young (Normal) (G1 Evacuation Pause) 110M->35M(128M) 1.790ms
[2026-09-27T03:26:23.779+0530][229.941s] GC(407) Pause Young (Normal) (G1 Evacuation Pause) 110M->35M(128M) 1.808ms
[2026-09-27T03:26:24.311+0530][230.473s] GC(408) Pause Young (Normal) (G1 Evacuation Pause) 110M->35M(128M) 1.781ms
[2026-09-27T03:26:24.828+0530][230.990s] GC(409) Pause Young (Normal) (G1 Evacuation Pause) 110M->35M(128M) 1.733ms
[2026-09-27T03:26:25.404+0530][231.566s] GC(410) Pause Young (Normal) (G1 Evacuation Pause) 110M->35M(128M) 1.800ms
[2026-09-27T03:26:25.900+0530][232.062s] GC(411) Pause Young (Normal) (G1 Evacuation Pause) 110M->35M(128M) 2.034ms
[2026-09-27T03:26:26.421+0530][232.583s] GC(412) Pause Young (Normal) (G1 Evacuation Pause) 110M->35M(128M) 2.370ms
[2026-09-27T03:26:26.838+0530][233.000s] GC(413) Pause Young (Normal) (G1 Evacuation Pause) 110M->35M(128M) 1.910ms
[2026-09-27T03:26:27.437+0530][233.600s] GC(414) Pause Young (Normal) (G1 Evacuation Pause) 110M->35M(128M) 2.289ms
[2026-09-27T03:26:27.859+0530][234.021s] GC(415) Pause Young (Normal) (G1 Evacuation Pause) 110M->35M(128M) 2.071ms
[2026-09-27T03:26:28.352+0530][234.514s] GC(416) Pause Young (Normal) (G1 Evacuation Pause) 110M->35M(128M) 2.503ms
[2026-09-27T03:26:28.747+0530][234.909s] GC(417) Pause Young (Normal) (G1 Evacuation Pause) 110M->35M(128M) 1.862ms
[2026-09-27T03:26:29.150+0530][235.313s] GC(418) Pause Young (Normal) (G1 Evacuation Pause) 110M->35M(128M) 1.958ms
[2026-09-27T03:26:29.656+0530][235.818s] GC(419) Pause Young (Normal) (G1 Evacuation Pause) 110M->35M(128M) 1.730ms
[2026-09-27T03:26:30.150+0530][236.312s] GC(420) Pause Young (Normal) (G1 Evacuation Pause) 110M->35M(128M) 1.877ms
[2026-09-27T03:26:30.659+0530][236.821s] GC(421) Pause Young (Normal) (G1 Evacuation Pause) 110M->35M(128M) 1.998ms
[2026-09-27T03:26:31.078+0530][237.240s] GC(422) Pause Young (Normal) (G1 Evacuation Pause) 110M->35M(128M) 1.990ms
[2026-09-27T03:26:31.588+0530][237.750s] GC(423) Pause Young (Normal) (G1 Evacuation Pause) 110M->35M(128M) 2.350ms
[2026-09-27T03:26:32.083+0530][238.245s] GC(424) Pause Young (Normal) (G1 Evacuation Pause) 110M->35M(128M) 2.219ms
[2026-09-27T03:26:32.592+0530][238.754s] GC(425) Pause Young (Normal) (G1 Evacuation Pause) 110M->35M(128M) 2.101ms
[2026-09-27T03:26:33.087+0530][239.249s] GC(426) Pause Young (Normal) (G1 Evacuation Pause) 110M->35M(128M) 1.839ms
[2026-09-27T03:26:33.599+0530][239.761s] GC(427) Pause Young (Normal) (G1 Evacuation Pause) 110M->35M(128M) 1.945ms
[2026-09-27T03:26:34.107+0530][240.269s] GC(428) Pause Young (Normal) (G1 Evacuation Pause) 110M->35M(128M) 1.567ms
[2026-09-27T03:26:34.633+0530][240.795s] GC(429) Pause Young (Normal) (G1 Evacuation Pause) 110M->35M(128M) 1.595ms
[2026-09-27T03:26:35.147+0530][241.310s] GC(430) Pause Young (Normal) (G1 Evacuation Pause) 110M->35M(128M) 1.779ms
[2026-09-27T03:26:35.712+0530][241.874s] GC(431) Pause Young (Normal) (G1 Evacuation Pause) 110M->35M(128M) 1.772ms
[2026-09-27T03:26:36.165+0530][242.327s] GC(432) Pause Young (Normal) (G1 Evacuation Pause) 110M->35M(128M) 1.740ms
[2026-09-27T03:26:36.672+0530][242.834s] GC(433) Pause Young (Normal) (G1 Evacuation Pause) 110M->35M(128M) 2.235ms
[2026-09-27T03:26:37.167+0530][243.328s] GC(434) Pause Young (Normal) (G1 Evacuation Pause) 110M->35M(128M) 1.462ms
[2026-09-27T03:26:37.685+0530][243.847s] GC(435) Pause Young (Normal) (G1 Evacuation Pause) 110M->35M(128M) 2.254ms
[2026-09-27T03:26:38.190+0530][244.351s] GC(436) Pause Young (Normal) (G1 Evacuation Pause) 110M->35M(128M) 1.531ms
[2026-09-27T03:26:38.699+0530][244.861s] GC(437) Pause Young (Normal) (G1 Evacuation Pause) 110M->35M(128M) 1.792ms
[2026-09-27T03:26:39.214+0530][245.375s] GC(438) Pause Young (Normal) (G1 Evacuation Pause) 110M->35M(128M) 1.563ms
[2026-09-27T03:26:39.725+0530][245.887s] GC(439) Pause Young (Normal) (G1 Evacuation Pause) 110M->35M(128M) 1.624ms
[2026-09-27T03:26:40.239+0530][246.401s] GC(440) Pause Young (Normal) (G1 Evacuation Pause) 110M->36M(128M) 2.112ms
[2026-09-27T03:26:40.785+0530][246.947s] GC(441) Pause Young (Normal) (G1 Evacuation Pause) 110M->35M(128M) 1.896ms
[2026-09-27T03:26:41.280+0530][247.442s] GC(442) Pause Young (Normal) (G1 Evacuation Pause) 110M->36M(128M) 2.629ms
[2026-09-27T03:26:41.736+0530][247.898s] GC(443) Pause Young (Normal) (G1 Evacuation Pause) 110M->36M(128M) 2.459ms
[2026-09-27T03:26:42.303+0530][248.466s] GC(444) Pause Young (Normal) (G1 Evacuation Pause) 111M->36M(128M) 2.389ms
[2026-09-27T03:26:42.734+0530][248.896s] GC(445) Pause Young (Normal) (G1 Evacuation Pause) 111M->36M(128M) 2.121ms
[2026-09-27T03:26:43.210+0530][249.372s] GC(446) Pause Young (Normal) (G1 Evacuation Pause) 111M->36M(128M) 2.200ms
[2026-09-27T03:26:43.688+0530][249.850s] GC(447) Pause Young (Normal) (G1 Evacuation Pause) 111M->36M(128M) 2.330ms
[2026-09-27T03:26:44.076+0530][250.238s] GC(448) Pause Young (Normal) (G1 Evacuation Pause) 110M->36M(128M) 1.921ms
[2026-09-27T03:26:44.563+0530][250.726s] GC(449) Pause Young (Normal) (G1 Evacuation Pause) 111M->36M(128M) 2.097ms
[2026-09-27T03:26:45.060+0530][251.222s] GC(450) Pause Young (Normal) (G1 Evacuation Pause) 111M->36M(128M) 2.187ms
[2026-09-27T03:26:45.451+0530][251.612s] GC(451) Pause Young (Normal) (G1 Evacuation Pause) 110M->36M(128M) 1.964ms
[2026-09-27T03:26:45.968+0530][252.130s] GC(452) Pause Young (Normal) (G1 Evacuation Pause) 111M->36M(128M) 1.937ms
[2026-09-27T03:26:46.440+0530][252.602s] GC(453) Pause Young (Normal) (G1 Evacuation Pause) 110M->37M(128M) 2.665ms
[2026-09-27T03:26:46.900+0530][253.062s] GC(454) Pause Young (Normal) (G1 Evacuation Pause) 111M->36M(128M) 2.505ms
[2026-09-27T03:26:47.411+0530][253.572s] GC(455) Pause Young (Normal) (G1 Evacuation Pause) 110M->36M(128M) 2.145ms
[2026-09-27T03:26:47.815+0530][253.976s] GC(456) Pause Young (Normal) (G1 Evacuation Pause) 110M->36M(128M) 2.397ms
[2026-09-27T03:26:48.321+0530][254.483s] GC(457) Pause Young (Normal) (G1 Evacuation Pause) 111M->36M(128M) 2.230ms
[2026-09-27T03:26:48.817+0530][254.980s] GC(458) Pause Young (Normal) (G1 Evacuation Pause) 111M->36M(128M) 2.157ms
[2026-09-27T03:26:49.332+0530][255.493s] GC(459) Pause Young (Normal) (G1 Evacuation Pause) 111M->36M(128M) 1.938ms
[2026-09-27T03:26:49.835+0530][255.997s] GC(460) Pause Young (Normal) (G1 Evacuation Pause) 111M->36M(128M) 1.781ms
[2026-09-27T03:26:50.444+0530][256.606s] GC(461) Pause Young (Normal) (G1 Evacuation Pause) 111M->36M(128M) 1.943ms
[2026-09-27T03:26:50.950+0530][257.112s] GC(462) Pause Young (Normal) (G1 Evacuation Pause) 111M->36M(128M) 1.600ms
[2026-09-27T03:26:51.462+0530][257.624s] GC(463) Pause Young (Normal) (G1 Evacuation Pause) 111M->36M(128M) 1.730ms
[2026-09-27T03:26:51.862+0530][258.024s] GC(464) Pause Young (Normal) (G1 Evacuation Pause) 111M->36M(128M) 1.744ms
[2026-09-27T03:26:52.463+0530][258.625s] GC(465) Pause Young (Normal) (G1 Evacuation Pause) 111M->36M(128M) 2.037ms
[2026-09-27T03:26:52.866+0530][259.028s] GC(466) Pause Young (Normal) (G1 Evacuation Pause) 111M->36M(128M) 1.617ms
[2026-09-27T03:26:53.373+0530][259.536s] GC(467) Pause Young (Normal) (G1 Evacuation Pause) 111M->36M(128M) 1.953ms
[2026-09-27T03:26:53.858+0530][260.020s] GC(468) Pause Young (Normal) (G1 Evacuation Pause) 111M->36M(128M) 1.719ms
[2026-09-27T03:26:54.384+0530][260.547s] GC(469) Pause Young (Normal) (G1 Evacuation Pause) 111M->36M(128M) 1.902ms
[2026-09-27T03:26:54.888+0530][261.049s] GC(470) Pause Young (Normal) (G1 Evacuation Pause) 111M->36M(128M) 1.523ms
[2026-09-27T03:26:55.403+0530][261.565s] GC(471) Pause Young (Normal) (G1 Evacuation Pause) 111M->36M(128M) 1.807ms
[2026-09-27T03:26:55.908+0530][262.070s] GC(472) Pause Young (Normal) (G1 Evacuation Pause) 111M->36M(128M) 2.033ms
[2026-09-27T03:26:56.450+0530][262.612s] GC(473) Pause Young (Normal) (G1 Evacuation Pause) 111M->36M(128M) 2.032ms
[2026-09-27T03:26:56.907+0530][263.069s] GC(474) Pause Young (Normal) (G1 Evacuation Pause) 111M->36M(128M) 2.245ms
[2026-09-27T03:26:57.413+0530][263.575s] GC(475) Pause Young (Normal) (G1 Evacuation Pause) 111M->36M(128M) 2.404ms
[2026-09-27T03:26:57.911+0530][264.073s] GC(476) Pause Young (Normal) (G1 Evacuation Pause) 111M->37M(128M) 2.496ms
[2026-09-27T03:26:58.405+0530][264.567s] GC(477) Pause Young (Normal) (G1 Evacuation Pause) 111M->37M(128M) 2.529ms
[2026-09-27T03:26:58.898+0530][265.060s] GC(478) Pause Young (Normal) (G1 Evacuation Pause) 112M->37M(128M) 2.273ms
[2026-09-27T03:26:59.246+0530][265.408s] GC(479) Pause Young (Normal) (G1 Evacuation Pause) 112M->37M(128M) 2.302ms
[2026-09-27T03:26:59.743+0530][265.905s] GC(480) Pause Young (Normal) (G1 Evacuation Pause) 112M->37M(128M) 2.364ms
[2026-09-27T03:27:00.073+0530][266.235s] GC(481) Pause Young (Normal) (G1 Evacuation Pause) 112M->36M(128M) 2.269ms
[2026-09-27T03:27:00.585+0530][266.747s] GC(482) Pause Young (Normal) (G1 Evacuation Pause) 111M->36M(128M) 1.928ms
[2026-09-27T03:27:01.075+0530][267.236s] GC(483) Pause Young (Normal) (G1 Evacuation Pause) 111M->37M(128M) 2.260ms
[2026-09-27T03:27:01.582+0530][267.744s] GC(484) Pause Young (Normal) (G1 Evacuation Pause) 112M->37M(128M) 2.097ms
[2026-09-27T03:27:02.081+0530][268.243s] GC(485) Pause Young (Normal) (G1 Evacuation Pause) 112M->37M(128M) 2.088ms
[2026-09-27T03:27:02.531+0530][268.693s] GC(486) Pause Young (Normal) (G1 Evacuation Pause) 111M->37M(128M) 2.227ms
[2026-09-27T03:27:03.037+0530][269.199s] GC(487) Pause Young (Normal) (G1 Evacuation Pause) 112M->37M(128M) 2.483ms
[2026-09-27T03:27:03.527+0530][269.690s] GC(488) Pause Young (Normal) (G1 Evacuation Pause) 112M->37M(128M) 2.361ms
[2026-09-27T03:27:04.037+0530][270.199s] GC(489) Pause Young (Normal) (G1 Evacuation Pause) 112M->37M(128M) 1.978ms
[2026-09-27T03:27:04.534+0530][270.696s] GC(490) Pause Young (Normal) (G1 Evacuation Pause) 112M->37M(128M) 2.065ms
[2026-09-27T03:27:05.045+0530][271.207s] GC(491) Pause Young (Normal) (G1 Evacuation Pause) 112M->37M(128M) 2.101ms
[2026-09-27T03:27:05.552+0530][271.714s] GC(492) Pause Young (Normal) (G1 Evacuation Pause) 112M->37M(128M) 2.163ms
[2026-09-27T03:27:06.066+0530][272.228s] GC(493) Pause Young (Normal) (G1 Evacuation Pause) 112M->37M(128M) 2.057ms
[2026-09-27T03:27:06.566+0530][272.728s] GC(494) Pause Young (Normal) (G1 Evacuation Pause) 112M->37M(128M) 1.948ms
[2026-09-27T03:27:07.080+0530][273.242s] GC(495) Pause Young (Normal) (G1 Evacuation Pause) 112M->37M(128M) 1.611ms
[2026-09-27T03:27:07.567+0530][273.729s] GC(496) Pause Young (Normal) (G1 Evacuation Pause) 112M->37M(128M) 2.052ms
[2026-09-27T03:27:08.077+0530][274.239s] GC(497) Pause Young (Normal) (G1 Evacuation Pause) 112M->37M(128M) 2.091ms
[2026-09-27T03:27:08.533+0530][274.695s] GC(498) Pause Young (Normal) (G1 Evacuation Pause) 112M->37M(128M) 2.005ms
[2026-09-27T03:27:09.046+0530][275.208s] GC(499) Pause Young (Normal) (G1 Evacuation Pause) 112M->37M(128M) 2.013ms
[2026-09-27T03:27:09.406+0530][275.567s] GC(500) Pause Young (Normal) (G1 Evacuation Pause) 112M->37M(128M) 1.512ms
[2026-09-27T03:27:10.034+0530][276.197s] GC(501) Pause Young (Normal) (G1 Evacuation Pause) 112M->37M(128M) 2.010ms
[2026-09-27T03:27:10.415+0530][276.578s] GC(502) Pause Young (Normal) (G1 Evacuation Pause) 112M->38M(128M) 2.215ms
[2026-09-27T03:27:11.052+0530][277.214s] GC(503) Pause Young (Normal) (G1 Evacuation Pause) 112M->37M(128M) 2.035ms
[2026-09-27T03:27:11.440+0530][277.602s] GC(504) Pause Young (Normal) (G1 Evacuation Pause) 112M->38M(128M) 2.698ms
[2026-09-27T03:27:11.948+0530][278.110s] GC(505) Pause Young (Normal) (G1 Evacuation Pause) 111M->37M(128M) 2.119ms
[2026-09-27T03:27:12.458+0530][278.621s] GC(506) Pause Young (Normal) (G1 Evacuation Pause) 111M->38M(128M) 2.008ms
[2026-09-27T03:27:12.926+0530][279.088s] GC(507) Pause Young (Normal) (G1 Evacuation Pause) 111M->37M(128M) 2.002ms
[2026-09-27T03:27:13.428+0530][279.591s] GC(508) Pause Young (Normal) (G1 Evacuation Pause) 111M->37M(128M) 2.468ms
[2026-09-27T03:27:13.765+0530][279.927s] GC(509) Pause Young (Normal) (G1 Evacuation Pause) 112M->37M(128M) 2.209ms
[2026-09-27T03:27:14.255+0530][280.417s] GC(510) Pause Young (Normal) (G1 Evacuation Pause) 112M->37M(128M) 2.479ms
[2026-09-27T03:27:14.661+0530][280.823s] GC(511) Pause Young (Normal) (G1 Evacuation Pause) 111M->37M(128M) 1.959ms
[2026-09-27T03:27:15.157+0530][281.319s] GC(512) Pause Young (Normal) (G1 Evacuation Pause) 112M->37M(128M) 2.259ms
[2026-09-27T03:27:15.617+0530][281.779s] GC(513) Pause Young (Normal) (G1 Evacuation Pause) 112M->38M(128M) 2.598ms
[2026-09-27T03:27:16.098+0530][282.261s] GC(514) Pause Young (Normal) (G1 Evacuation Pause) 110M->37M(128M) 2.098ms
[2026-09-27T03:27:16.616+0530][282.778s] GC(515) Pause Young (Normal) (G1 Evacuation Pause) 112M->37M(128M) 2.003ms
[2026-09-27T03:27:16.994+0530][283.156s] GC(516) Pause Young (Normal) (G1 Evacuation Pause) 112M->37M(128M) 1.998ms
[2026-09-27T03:27:17.502+0530][283.665s] GC(517) Pause Young (Normal) (G1 Evacuation Pause) 111M->37M(128M) 2.283ms
[2026-09-27T03:27:17.986+0530][284.148s] GC(518) Pause Young (Normal) (G1 Evacuation Pause) 112M->37M(128M) 2.248ms
[2026-09-27T03:27:18.485+0530][284.646s] GC(519) Pause Young (Normal) (G1 Evacuation Pause) 112M->37M(128M) 2.196ms
[2026-09-27T03:27:18.814+0530][284.975s] GC(520) Pause Young (Normal) (G1 Evacuation Pause) 111M->37M(128M) 1.931ms
[2026-09-27T03:27:19.314+0530][285.476s] GC(521) Pause Young (Normal) (G1 Evacuation Pause) 112M->37M(128M) 2.256ms
[2026-09-27T03:27:19.811+0530][285.973s] GC(522) Pause Young (Normal) (G1 Evacuation Pause) 112M->37M(128M) 1.747ms
[2026-09-27T03:27:20.318+0530][286.480s] GC(523) Pause Young (Normal) (G1 Evacuation Pause) 112M->37M(128M) 2.200ms
[2026-09-27T03:27:20.822+0530][286.985s] GC(524) Pause Young (Normal) (G1 Evacuation Pause) 112M->38M(128M) 2.377ms
[2026-09-27T03:27:21.322+0530][287.484s] GC(525) Pause Young (Normal) (G1 Evacuation Pause) 111M->37M(128M) 2.032ms
[2026-09-27T03:27:21.838+0530][288.000s] GC(526) Pause Young (Normal) (G1 Evacuation Pause) 111M->37M(128M) 1.776ms
[2026-09-27T03:27:22.337+0530][288.500s] GC(527) Pause Young (Normal) (G1 Evacuation Pause) 111M->37M(128M) 1.749ms
[2026-09-27T03:27:22.850+0530][289.012s] GC(528) Pause Young (Normal) (G1 Evacuation Pause) 111M->37M(128M) 1.740ms
[2026-09-27T03:27:23.278+0530][289.440s] GC(529) Pause Young (Normal) (G1 Evacuation Pause) 111M->37M(128M) 2.110ms
[2026-09-27T03:27:23.774+0530][289.936s] GC(530) Pause Young (Normal) (G1 Evacuation Pause) 112M->37M(128M) 1.889ms
[2026-09-27T03:27:24.213+0530][290.376s] GC(531) Pause Young (Normal) (G1 Evacuation Pause) 112M->37M(128M) 1.697ms
[2026-09-27T03:27:24.720+0530][290.881s] GC(532) Pause Young (Normal) (G1 Evacuation Pause) 112M->37M(128M) 2.048ms
[2026-09-27T03:27:25.115+0530][291.278s] GC(533) Pause Young (Normal) (G1 Evacuation Pause) 112M->37M(128M) 1.517ms
[2026-09-27T03:27:25.619+0530][291.781s] GC(534) Pause Young (Normal) (G1 Evacuation Pause) 112M->37M(128M) 1.819ms
[2026-09-27T03:27:26.120+0530][292.282s] GC(535) Pause Young (Normal) (G1 Evacuation Pause) 112M->37M(128M) 2.168ms
[2026-09-27T03:27:26.638+0530][292.800s] GC(536) Pause Young (Normal) (G1 Evacuation Pause) 112M->38M(128M) 2.184ms
[2026-09-27T03:27:27.131+0530][293.294s] GC(537) Pause Young (Normal) (G1 Evacuation Pause) 112M->38M(128M) 2.371ms
[2026-09-27T03:27:27.642+0530][293.804s] GC(538) Pause Young (Normal) (G1 Evacuation Pause) 112M->38M(128M) 1.916ms
[2026-09-27T03:27:28.110+0530][294.272s] GC(539) Pause Young (Normal) (G1 Evacuation Pause) 113M->39M(128M) 2.964ms
[2026-09-27T03:27:28.438+0530][294.600s] GC(540) Pause Young (Normal) (G1 Evacuation Pause) 111M->38M(128M) 2.417ms
[2026-09-27T03:27:28.926+0530][295.088s] GC(541) Pause Young (Normal) (G1 Evacuation Pause) 112M->38M(128M) 2.240ms
[2026-09-27T03:27:29.336+0530][295.497s] GC(542) Pause Young (Normal) (G1 Evacuation Pause) 112M->38M(128M) 2.289ms
[2026-09-27T03:27:29.773+0530][295.936s] GC(543) Pause Young (Normal) (G1 Evacuation Pause) 111M->38M(128M) 2.329ms
[2026-09-27T03:27:30.195+0530][296.358s] GC(544) Pause Young (Normal) (G1 Evacuation Pause) 111M->39M(128M) 2.450ms
[2026-09-27T03:27:30.656+0530][296.818s] GC(545) Pause Young (Normal) (G1 Evacuation Pause) 112M->38M(128M) 2.387ms
[2026-09-27T03:27:31.073+0530][297.235s] GC(546) Pause Young (Normal) (G1 Evacuation Pause) 111M->38M(128M) 2.374ms
[2026-09-27T03:27:31.471+0530][297.633s] GC(547) Pause Young (Normal) (G1 Evacuation Pause) 111M->38M(128M) 2.071ms
[2026-09-27T03:27:31.973+0530][298.134s] GC(548) Pause Young (Normal) (G1 Evacuation Pause) 111M->38M(128M) 2.285ms
[2026-09-27T03:27:32.406+0530][298.567s] GC(549) Pause Young (Normal) (G1 Evacuation Pause) 111M->38M(128M) 1.982ms
[2026-09-27T03:27:32.909+0530][299.072s] GC(550) Pause Young (Normal) (G1 Evacuation Pause) 111M->38M(128M) 1.911ms
[2026-09-27T03:27:33.374+0530][299.536s] GC(551) Pause Young (Normal) (G1 Evacuation Pause) 113M->38M(128M) 1.939ms
[2026-09-27T03:27:33.820+0530][299.983s] GC(552) Pause Young (Normal) (G1 Evacuation Pause) 113M->38M(128M) 2.313ms
[2026-09-27T03:27:34.330+0530][300.492s] GC(553) Pause Young (Normal) (G1 Evacuation Pause) 113M->38M(128M) 1.915ms
[2026-09-27T03:27:34.750+0530][300.912s] GC(554) Pause Young (Normal) (G1 Evacuation Pause) 113M->38M(128M) 2.118ms
[2026-09-27T03:27:35.256+0530][301.419s] GC(555) Pause Young (Normal) (G1 Evacuation Pause) 113M->38M(128M) 1.843ms
[2026-09-27T03:27:35.746+0530][301.908s] GC(556) Pause Young (Normal) (G1 Evacuation Pause) 113M->38M(128M) 1.848ms
[2026-09-27T03:27:36.255+0530][302.417s] GC(557) Pause Young (Normal) (G1 Evacuation Pause) 113M->38M(128M) 1.919ms
[2026-09-27T03:27:36.737+0530][302.899s] GC(558) Pause Young (Normal) (G1 Evacuation Pause) 112M->38M(128M) 1.661ms
[2026-09-27T03:27:37.256+0530][303.418s] GC(559) Pause Young (Normal) (G1 Evacuation Pause) 112M->38M(128M) 1.862ms
[2026-09-27T03:27:37.727+0530][303.889s] GC(560) Pause Young (Normal) (G1 Evacuation Pause) 112M->38M(128M) 1.732ms
[2026-09-27T03:27:38.234+0530][304.395s] GC(561) Pause Young (Normal) (G1 Evacuation Pause) 112M->38M(128M) 1.721ms
[2026-09-27T03:27:38.546+0530][304.709s] GC(562) Pause Young (Normal) (G1 Evacuation Pause) 112M->39M(128M) 2.277ms
[2026-09-27T03:27:39.040+0530][305.202s] GC(563) Pause Young (Normal) (G1 Evacuation Pause) 111M->38M(128M) 2.312ms
[2026-09-27T03:27:39.546+0530][305.707s] GC(564) Pause Young (Normal) (G1 Evacuation Pause) 111M->38M(128M) 2.081ms
[2026-09-27T03:27:39.987+0530][306.148s] GC(565) Pause Young (Normal) (G1 Evacuation Pause) 111M->38M(128M) 1.911ms
[2026-09-27T03:27:40.494+0530][306.656s] GC(566) Pause Young (Normal) (G1 Evacuation Pause) 111M->38M(128M) 1.958ms
[2026-09-27T03:27:40.897+0530][307.058s] GC(567) Pause Young (Normal) (G1 Evacuation Pause) 111M->38M(128M) 1.997ms
[2026-09-27T03:27:41.397+0530][307.559s] GC(568) Pause Young (Normal) (G1 Evacuation Pause) 111M->38M(128M) 2.468ms
[2026-09-27T03:27:41.833+0530][307.994s] GC(569) Pause Young (Normal) (G1 Evacuation Pause) 111M->38M(128M) 2.067ms
[2026-09-27T03:27:42.344+0530][308.505s] GC(570) Pause Young (Normal) (G1 Evacuation Pause) 111M->39M(128M) 2.293ms
[2026-09-27T03:27:42.820+0530][308.981s] GC(571) Pause Young (Normal) (G1 Evacuation Pause) 112M->38M(128M) 2.265ms
[2026-09-27T03:27:43.325+0530][309.487s] GC(572) Pause Young (Normal) (G1 Evacuation Pause) 111M->39M(128M) 2.655ms
[2026-09-27T03:27:43.724+0530][309.886s] GC(573) Pause Young (Normal) (G1 Evacuation Pause) 111M->40M(128M) 2.883ms
[2026-09-27T03:27:44.095+0530][310.257s] GC(574) Pause Young (Normal) (G1 Evacuation Pause) 110M->39M(128M) 2.455ms
[2026-09-27T03:27:44.538+0530][310.700s] GC(575) Pause Young (Normal) (G1 Evacuation Pause) 112M->39M(128M) 2.523ms
[2026-09-27T03:27:44.872+0530][311.034s] GC(576) Pause Young (Normal) (G1 Evacuation Pause) 111M->39M(128M) 2.267ms
[2026-09-27T03:27:45.354+0530][311.515s] GC(577) Pause Young (Normal) (G1 Evacuation Pause) 112M->39M(128M) 2.572ms
[2026-09-27T03:27:45.824+0530][311.987s] GC(578) Pause Young (Normal) (G1 Evacuation Pause) 111M->39M(128M) 2.324ms
[2026-09-27T03:27:46.134+0530][312.297s] GC(579) Pause Young (Normal) (G1 Evacuation Pause) 111M->39M(128M) 2.509ms
[2026-09-27T03:27:46.627+0530][312.789s] GC(580) Pause Young (Normal) (G1 Evacuation Pause) 111M->39M(128M) 2.467ms
[2026-09-27T03:27:47.088+0530][313.250s] GC(581) Pause Young (Normal) (G1 Evacuation Pause) 111M->39M(128M) 2.602ms
[2026-09-27T03:27:47.592+0530][313.754s] GC(582) Pause Young (Normal) (G1 Evacuation Pause) 111M->39M(128M) 2.573ms
[2026-09-27T03:27:48.034+0530][314.196s] GC(583) Pause Young (Normal) (G1 Evacuation Pause) 111M->39M(128M) 2.357ms
[2026-09-27T03:27:48.534+0530][314.696s] GC(584) Pause Young (Normal) (G1 Evacuation Pause) 113M->39M(128M) 2.225ms
[2026-09-27T03:27:48.957+0530][315.119s] GC(585) Pause Young (Normal) (G1 Evacuation Pause) 113M->40M(128M) 2.504ms
[2026-09-27T03:27:49.396+0530][315.559s] GC(586) Pause Young (Normal) (G1 Evacuation Pause) 112M->39M(128M) 2.217ms
[2026-09-27T03:27:49.899+0530][316.060s] GC(587) Pause Young (Normal) (G1 Evacuation Pause) 112M->39M(128M) 2.256ms
[2026-09-27T03:27:50.298+0530][316.459s] GC(588) Pause Young (Normal) (G1 Evacuation Pause) 112M->39M(128M) 2.204ms
[2026-09-27T03:27:50.793+0530][316.954s] GC(589) Pause Young (Normal) (G1 Evacuation Pause) 112M->39M(128M) 2.275ms
[2026-09-27T03:27:51.182+0530][317.344s] GC(590) Pause Young (Normal) (G1 Evacuation Pause) 112M->39M(128M) 1.856ms
[2026-09-27T03:27:51.682+0530][317.844s] GC(591) Pause Young (Normal) (G1 Evacuation Pause) 112M->39M(128M) 2.160ms
[2026-09-27T03:27:52.145+0530][318.308s] GC(592) Pause Young (Normal) (G1 Evacuation Pause) 112M->39M(128M) 1.783ms
[2026-09-27T03:27:52.650+0530][318.812s] GC(593) Pause Young (Normal) (G1 Evacuation Pause) 113M->39M(128M) 1.899ms
[2026-09-27T03:27:53.143+0530][319.305s] GC(594) Pause Young (Normal) (G1 Evacuation Pause) 113M->39M(128M) 1.998ms
[2026-09-27T03:27:53.651+0530][319.813s] GC(595) Pause Young (Normal) (G1 Evacuation Pause) 113M->39M(128M) 1.951ms
[2026-09-27T03:27:54.145+0530][320.308s] GC(596) Pause Young (Normal) (G1 Evacuation Pause) 113M->40M(128M) 1.716ms
[2026-09-27T03:27:54.536+0530][320.697s] GC(597) Pause Young (Normal) (G1 Evacuation Pause) 112M->39M(128M) 2.143ms
[2026-09-27T03:27:55.005+0530][321.168s] GC(598) Pause Young (Normal) (G1 Evacuation Pause) 112M->39M(128M) 1.884ms
[2026-09-27T03:27:55.451+0530][321.613s] GC(599) Pause Young (Normal) (G1 Evacuation Pause) 112M->39M(128M) 1.977ms
[2026-09-27T03:27:55.927+0530][322.089s] GC(600) Pause Young (Normal) (G1 Evacuation Pause) 113M->39M(128M) 2.578ms
[2026-09-27T03:27:56.292+0530][322.455s] GC(601) Pause Young (Normal) (G1 Evacuation Pause) 112M->40M(128M) 3.146ms
[2026-09-27T03:27:56.789+0530][322.950s] GC(602) Pause Young (Normal) (G1 Evacuation Pause) 111M->39M(128M) 2.310ms
[2026-09-27T03:27:57.289+0530][323.451s] GC(603) Pause Young (Normal) (G1 Evacuation Pause) 111M->39M(128M) 2.371ms
[2026-09-27T03:27:57.715+0530][323.877s] GC(604) Pause Young (Normal) (G1 Evacuation Pause) 111M->39M(128M) 2.109ms
[2026-09-27T03:27:58.203+0530][324.366s] GC(605) Pause Young (Normal) (G1 Evacuation Pause) 111M->40M(128M) 2.615ms
[2026-09-27T03:27:58.698+0530][324.860s] GC(606) Pause Young (Normal) (G1 Evacuation Pause) 112M->40M(128M) 2.087ms
[2026-09-27T03:27:59.158+0530][325.319s] GC(607) Pause Young (Normal) (G1 Evacuation Pause) 112M->40M(128M) 2.214ms
[2026-09-27T03:27:59.494+0530][325.656s] GC(608) Pause Young (Normal) (G1 Evacuation Pause) 112M->40M(128M) 2.225ms
[2026-09-27T03:27:59.923+0530][326.085s] GC(609) Pause Young (Normal) (G1 Evacuation Pause) 113M->40M(128M) 2.717ms
[2026-09-27T03:28:00.339+0530][326.501s] GC(610) Pause Young (Normal) (G1 Evacuation Pause) 111M->40M(128M) 2.155ms
[2026-09-27T03:28:00.722+0530][326.884s] GC(611) Pause Young (Normal) (G1 Evacuation Pause) 111M->40M(128M) 2.442ms
[2026-09-27T03:28:01.195+0530][327.357s] GC(612) Pause Young (Normal) (G1 Evacuation Pause) 113M->40M(128M) 2.479ms
[2026-09-27T03:28:01.561+0530][327.723s] GC(613) Pause Young (Normal) (G1 Evacuation Pause) 113M->40M(128M) 2.021ms
[2026-09-27T03:28:02.039+0530][328.202s] GC(614) Pause Young (Normal) (G1 Evacuation Pause) 113M->40M(128M) 2.517ms
[2026-09-27T03:28:02.540+0530][328.702s] GC(615) Pause Young (Normal) (G1 Evacuation Pause) 111M->40M(128M) 2.256ms
[2026-09-27T03:28:02.965+0530][329.126s] GC(616) Pause Young (Normal) (G1 Evacuation Pause) 111M->40M(128M) 2.271ms
[2026-09-27T03:28:03.464+0530][329.626s] GC(617) Pause Young (Normal) (G1 Evacuation Pause) 113M->40M(128M) 1.929ms
[2026-09-27T03:28:03.875+0530][330.038s] GC(618) Pause Young (Normal) (G1 Evacuation Pause) 113M->40M(128M) 1.706ms
[2026-09-27T03:28:04.389+0530][330.551s] GC(619) Pause Young (Normal) (G1 Evacuation Pause) 113M->40M(128M) 1.763ms
[2026-09-27T03:28:04.785+0530][330.948s] GC(620) Pause Young (Normal) (G1 Evacuation Pause) 113M->40M(128M) 2.034ms
[2026-09-27T03:28:05.295+0530][331.457s] GC(621) Pause Young (Normal) (G1 Evacuation Pause) 113M->40M(128M) 2.237ms
[2026-09-27T03:28:05.714+0530][331.876s] GC(622) Pause Young (Normal) (G1 Evacuation Pause) 113M->41M(128M) 2.310ms
[2026-09-27T03:28:06.124+0530][332.286s] GC(623) Pause Young (Normal) (G1 Evacuation Pause) 112M->40M(128M) 1.909ms
[2026-09-27T03:28:06.634+0530][332.796s] GC(624) Pause Young (Normal) (G1 Evacuation Pause) 112M->40M(128M) 1.962ms
[2026-09-27T03:28:07.055+0530][333.217s] GC(625) Pause Young (Normal) (G1 Evacuation Pause) 112M->40M(128M) 1.966ms
[2026-09-27T03:28:07.554+0530][333.716s] GC(626) Pause Young (Normal) (G1 Evacuation Pause) 112M->40M(128M) 1.755ms
[2026-09-27T03:28:07.966+0530][334.127s] GC(627) Pause Young (Normal) (G1 Evacuation Pause) 112M->40M(128M) 1.690ms
[2026-09-27T03:28:08.468+0530][334.630s] GC(628) Pause Young (Normal) (G1 Evacuation Pause) 112M->40M(128M) 1.892ms
[2026-09-27T03:28:08.873+0530][335.035s] GC(629) Pause Young (Normal) (G1 Evacuation Pause) 113M->40M(128M) 1.682ms
[2026-09-27T03:28:09.379+0530][335.541s] GC(630) Pause Young (Normal) (G1 Evacuation Pause) 113M->40M(128M) 1.802ms
[2026-09-27T03:28:09.880+0530][336.042s] GC(631) Pause Young (Normal) (G1 Evacuation Pause) 113M->41M(128M) 2.739ms
[2026-09-27T03:28:10.319+0530][336.481s] GC(632) Pause Young (Normal) (G1 Evacuation Pause) 112M->40M(128M) 2.004ms
[2026-09-27T03:28:10.743+0530][336.905s] GC(633) Pause Young (Normal) (G1 Evacuation Pause) 112M->40M(128M) 2.121ms
[2026-09-27T03:28:11.152+0530][337.313s] GC(634) Pause Young (Normal) (G1 Evacuation Pause) 112M->40M(128M) 2.251ms
[2026-09-27T03:28:11.624+0530][337.787s] GC(635) Pause Young (Normal) (G1 Evacuation Pause) 112M->40M(128M) 2.161ms
[2026-09-27T03:28:12.019+0530][338.181s] GC(636) Pause Young (Normal) (G1 Evacuation Pause) 112M->40M(128M) 2.051ms
[2026-09-27T03:28:12.523+0530][338.686s] GC(637) Pause Young (Normal) (G1 Evacuation Pause) 112M->40M(128M) 2.133ms
[2026-09-27T03:28:13.023+0530][339.185s] GC(638) Pause Young (Normal) (G1 Evacuation Pause) 112M->40M(128M) 2.380ms
[2026-09-27T03:28:13.461+0530][339.624s] GC(639) Pause Young (Normal) (G1 Evacuation Pause) 112M->40M(128M) 2.181ms
[2026-09-27T03:28:13.930+0530][340.092s] GC(640) Pause Young (Normal) (G1 Evacuation Pause) 111M->40M(128M) 2.291ms
[2026-09-27T03:28:14.367+0530][340.529s] GC(641) Pause Young (Normal) (G1 Evacuation Pause) 113M->40M(128M) 2.167ms
[2026-09-27T03:28:14.722+0530][340.885s] GC(642) Pause Young (Normal) (G1 Evacuation Pause) 111M->40M(128M) 2.167ms
[2026-09-27T03:28:15.106+0530][341.269s] GC(643) Pause Young (Normal) (G1 Evacuation Pause) 111M->41M(128M) 2.775ms
[2026-09-27T03:28:15.501+0530][341.663s] GC(644) Pause Young (Normal) (G1 Evacuation Pause) 110M->40M(128M) 2.266ms
[2026-09-27T03:28:15.978+0530][342.140s] GC(645) Pause Young (Normal) (G1 Evacuation Pause) 112M->40M(128M) 2.333ms
[2026-09-27T03:28:16.301+0530][342.463s] GC(646) Pause Young (Normal) (G1 Evacuation Pause) 111M->40M(128M) 2.244ms
[2026-09-27T03:28:16.742+0530][342.904s] GC(647) Pause Young (Normal) (G1 Evacuation Pause) 111M->40M(128M) 2.347ms
[2026-09-27T03:28:17.219+0530][343.381s] GC(648) Pause Young (Normal) (G1 Evacuation Pause) 111M->41M(128M) 2.119ms
[2026-09-27T03:28:17.603+0530][343.766s] GC(649) Pause Young (Normal) (G1 Evacuation Pause) 112M->40M(128M) 1.986ms
[2026-09-27T03:28:18.104+0530][344.266s] GC(650) Pause Young (Normal) (G1 Evacuation Pause) 111M->40M(128M) 2.040ms
[2026-09-27T03:28:18.527+0530][344.689s] GC(651) Pause Young (Normal) (G1 Evacuation Pause) 111M->40M(128M) 1.716ms
[2026-09-27T03:28:19.027+0530][345.188s] GC(652) Pause Young (Normal) (G1 Evacuation Pause) 112M->41M(128M) 2.038ms
[2026-09-27T03:28:19.454+0530][345.616s] GC(653) Pause Young (Normal) (G1 Evacuation Pause) 113M->40M(128M) 1.582ms
[2026-09-27T03:28:19.937+0530][346.099s] GC(654) Pause Young (Normal) (G1 Evacuation Pause) 112M->40M(128M) 1.773ms
[2026-09-27T03:28:20.346+0530][346.508s] GC(655) Pause Young (Normal) (G1 Evacuation Pause) 112M->42M(128M) 2.398ms
[2026-09-27T03:28:20.785+0530][346.947s] GC(656) Pause Young (Normal) (G1 Evacuation Pause) 112M->40M(128M) 2.143ms
[2026-09-27T03:28:21.261+0530][347.423s] GC(657) Pause Young (Normal) (G1 Evacuation Pause) 111M->40M(128M) 2.147ms
[2026-09-27T03:28:21.647+0530][347.810s] GC(658) Pause Young (Normal) (G1 Evacuation Pause) 111M->40M(128M) 2.072ms
[2026-09-27T03:28:22.147+0530][348.309s] GC(659) Pause Young (Normal) (G1 Evacuation Pause) 111M->41M(128M) 2.119ms
[2026-09-27T03:28:22.559+0530][348.721s] GC(660) Pause Young (Normal) (G1 Evacuation Pause) 112M->40M(128M) 1.759ms
[2026-09-27T03:28:23.035+0530][349.197s] GC(661) Pause Young (Normal) (G1 Evacuation Pause) 111M->40M(128M) 2.160ms
[2026-09-27T03:28:23.491+0530][349.652s] GC(662) Pause Young (Normal) (G1 Evacuation Pause) 111M->41M(128M) 1.822ms
[2026-09-27T03:28:23.900+0530][350.062s] GC(663) Pause Young (Normal) (G1 Evacuation Pause) 112M->40M(128M) 1.772ms
[2026-09-27T03:28:24.398+0530][350.560s] GC(664) Pause Young (Normal) (G1 Evacuation Pause) 111M->40M(128M) 1.637ms
[2026-09-27T03:28:24.800+0530][350.962s] GC(665) Pause Young (Normal) (G1 Evacuation Pause) 111M->40M(128M) 1.716ms
[2026-09-27T03:28:25.300+0530][351.463s] GC(666) Pause Young (Normal) (G1 Evacuation Pause) 112M->40M(128M) 1.558ms
[2026-09-27T03:28:25.740+0530][351.902s] GC(667) Pause Young (Normal) (G1 Evacuation Pause) 112M->41M(128M) 2.076ms
[2026-09-27T03:28:26.161+0530][352.323s] GC(668) Pause Young (Normal) (G1 Evacuation Pause) 113M->41M(128M) 2.460ms
[2026-09-27T03:28:26.630+0530][352.792s] GC(669) Pause Young (Normal) (G1 Evacuation Pause) 113M->42M(128M) 2.803ms
[2026-09-27T03:28:27.041+0530][353.202s] GC(670) Pause Young (Normal) (G1 Evacuation Pause) 111M->41M(128M) 2.312ms
[2026-09-27T03:28:27.541+0530][353.703s] GC(671) Pause Young (Normal) (G1 Evacuation Pause) 112M->41M(128M) 2.015ms
[2026-09-27T03:28:27.894+0530][354.057s] GC(672) Pause Young (Normal) (G1 Evacuation Pause) 112M->41M(128M) 2.451ms
[2026-09-27T03:28:28.326+0530][354.488s] GC(673) Pause Young (Normal) (G1 Evacuation Pause) 112M->41M(128M) 2.260ms
[2026-09-27T03:28:28.777+0530][354.939s] GC(674) Pause Young (Normal) (G1 Evacuation Pause) 112M->41M(128M) 1.948ms
[2026-09-27T03:28:29.278+0530][355.439s] GC(675) Pause Young (Normal) (G1 Evacuation Pause) 112M->41M(128M) 2.237ms
[2026-09-27T03:28:29.704+0530][355.866s] GC(676) Pause Young (Normal) (G1 Evacuation Pause) 111M->41M(128M) 2.002ms
[2026-09-27T03:28:30.144+0530][356.305s] GC(677) Pause Young (Normal) (G1 Evacuation Pause) 113M->41M(128M) 2.133ms
[2026-09-27T03:28:30.569+0530][356.731s] GC(678) Pause Young (Normal) (G1 Evacuation Pause) 113M->41M(128M) 2.042ms
[2026-09-27T03:28:30.868+0530][357.030s] GC(679) Pause Young (Normal) (G1 Evacuation Pause) 113M->41M(128M) 1.988ms
[2026-09-27T03:28:31.303+0530][357.465s] GC(680) Pause Young (Normal) (G1 Evacuation Pause) 113M->41M(128M) 2.631ms
[2026-09-27T03:28:31.796+0530][357.958s] GC(681) Pause Young (Normal) (G1 Evacuation Pause) 113M->41M(128M) 2.271ms
[2026-09-27T03:28:32.215+0530][358.377s] GC(682) Pause Young (Normal) (G1 Evacuation Pause) 113M->41M(128M) 2.284ms
[2026-09-27T03:28:32.691+0530][358.853s] GC(683) Pause Young (Normal) (G1 Evacuation Pause) 113M->41M(128M) 2.042ms
[2026-09-27T03:28:32.992+0530][359.155s] GC(684) Pause Young (Normal) (G1 Evacuation Pause) 113M->41M(128M) 1.940ms
[2026-09-27T03:28:33.496+0530][359.658s] GC(685) Pause Young (Normal) (G1 Evacuation Pause) 113M->41M(128M) 1.800ms
[2026-09-27T03:28:33.929+0530][360.090s] GC(686) Pause Young (Normal) (G1 Evacuation Pause) 113M->42M(128M) 2.170ms
[2026-09-27T03:28:34.394+0530][360.556s] GC(687) Pause Young (Normal) (G1 Evacuation Pause) 111M->41M(128M) 1.819ms
[2026-09-27T03:28:34.846+0530][361.008s] GC(688) Pause Young (Normal) (G1 Evacuation Pause) 112M->41M(128M) 1.735ms
[2026-09-27T03:28:35.335+0530][361.497s] GC(689) Pause Young (Normal) (G1 Evacuation Pause) 111M->41M(128M) 1.629ms
[2026-09-27T03:28:35.776+0530][361.938s] GC(690) Pause Young (Normal) (G1 Evacuation Pause) 111M->41M(128M) 1.698ms
[2026-09-27T03:28:36.135+0530][362.297s] GC(691) Pause Young (Normal) (G1 Evacuation Pause) 111M->41M(128M) 1.642ms
[2026-09-27T03:28:36.580+0530][362.742s] GC(692) Pause Young (Normal) (G1 Evacuation Pause) 112M->41M(128M) 1.986ms
[2026-09-27T03:28:37.043+0530][363.205s] GC(693) Pause Young (Normal) (G1 Evacuation Pause) 112M->41M(128M) 1.653ms
[2026-09-27T03:28:37.444+0530][363.606s] GC(694) Pause Young (Normal) (G1 Evacuation Pause) 112M->41M(128M) 1.752ms
[2026-09-27T03:28:37.942+0530][364.105s] GC(695) Pause Young (Normal) (G1 Evacuation Pause) 112M->41M(128M) 1.823ms
[2026-09-27T03:28:38.387+0530][364.549s] GC(696) Pause Young (Normal) (G1 Evacuation Pause) 112M->41M(128M) 1.793ms
[2026-09-27T03:28:38.888+0530][365.050s] GC(697) Pause Young (Normal) (G1 Evacuation Pause) 112M->41M(128M) 1.759ms
[2026-09-27T03:28:39.284+0530][365.446s] GC(698) Pause Young (Normal) (G1 Evacuation Pause) 112M->41M(128M) 1.765ms
[2026-09-27T03:28:39.761+0530][365.923s] GC(699) Pause Young (Normal) (G1 Evacuation Pause) 112M->41M(128M) 1.881ms
[2026-09-27T03:28:40.188+0530][366.351s] GC(700) Pause Young (Normal) (G1 Evacuation Pause) 112M->42M(128M) 1.941ms
[2026-09-27T03:28:40.586+0530][366.748s] GC(701) Pause Young (Normal) (G1 Evacuation Pause) 111M->41M(128M) 1.962ms
[2026-09-27T03:28:41.085+0530][367.247s] GC(702) Pause Young (Normal) (G1 Evacuation Pause) 111M->41M(128M) 2.320ms
[2026-09-27T03:28:41.453+0530][367.614s] GC(703) Pause Young (Normal) (G1 Evacuation Pause) 111M->41M(128M) 2.392ms
[2026-09-27T03:28:41.934+0530][368.096s] GC(704) Pause Young (Normal) (G1 Evacuation Pause) 111M->41M(128M) 2.414ms
[2026-09-27T03:28:42.328+0530][368.489s] GC(705) Pause Young (Normal) (G1 Evacuation Pause) 111M->41M(128M) 2.025ms
[2026-09-27T03:28:42.801+0530][368.963s] GC(706) Pause Young (Normal) (G1 Evacuation Pause) 111M->41M(128M) 2.392ms
[2026-09-27T03:28:43.300+0530][369.462s] GC(707) Pause Young (Normal) (G1 Evacuation Pause) 111M->42M(128M) 2.457ms
[2026-09-27T03:28:43.618+0530][369.780s] GC(708) Pause Young (Normal) (G1 Evacuation Pause) 111M->42M(128M) 2.190ms
[2026-09-27T03:28:44.096+0530][370.257s] GC(709) Pause Young (Normal) (G1 Evacuation Pause) 111M->42M(128M) 2.192ms
[2026-09-27T03:28:44.519+0530][370.681s] GC(710) Pause Young (Normal) (G1 Evacuation Pause) 112M->41M(128M) 1.831ms
[2026-09-27T03:28:44.967+0530][371.130s] GC(711) Pause Young (Normal) (G1 Evacuation Pause) 112M->42M(128M) 2.181ms
[2026-09-27T03:28:45.367+0530][371.529s] GC(712) Pause Young (Normal) (G1 Evacuation Pause) 113M->42M(128M) 2.117ms
[2026-09-27T03:28:45.742+0530][371.904s] GC(713) Pause Young (Normal) (G1 Evacuation Pause) 113M->42M(128M) 2.027ms
[2026-09-27T03:28:46.151+0530][372.313s] GC(714) Pause Young (Normal) (G1 Evacuation Pause) 113M->42M(128M) 2.183ms
[2026-09-27T03:28:46.542+0530][372.704s] GC(715) Pause Young (Normal) (G1 Evacuation Pause) 113M->42M(128M) 1.871ms
[2026-09-27T03:28:46.994+0530][373.156s] GC(716) Pause Young (Normal) (G1 Evacuation Pause) 113M->42M(128M) 2.465ms
[2026-09-27T03:28:47.484+0530][373.646s] GC(717) Pause Young (Normal) (G1 Evacuation Pause) 113M->42M(128M) 1.973ms
[2026-09-27T03:28:47.851+0530][374.013s] GC(718) Pause Young (Normal) (G1 Evacuation Pause) 113M->42M(128M) 1.993ms
[2026-09-27T03:28:48.265+0530][374.427s] GC(719) Pause Young (Normal) (G1 Evacuation Pause) 113M->42M(128M) 2.130ms
[2026-09-27T03:28:48.668+0530][374.830s] GC(720) Pause Young (Normal) (G1 Evacuation Pause) 113M->42M(128M) 1.732ms
[2026-09-27T03:28:49.144+0530][375.305s] GC(721) Pause Young (Normal) (G1 Evacuation Pause) 113M->42M(128M) 2.115ms
[2026-09-27T03:28:49.574+0530][375.736s] GC(722) Pause Young (Normal) (G1 Evacuation Pause) 113M->42M(128M) 1.803ms
[2026-09-27T03:28:50.019+0530][376.182s] GC(723) Pause Young (Normal) (G1 Evacuation Pause) 113M->42M(128M) 1.849ms
[2026-09-27T03:28:50.520+0530][376.682s] GC(724) Pause Young (Normal) (G1 Evacuation Pause) 113M->42M(128M) 1.562ms
[2026-09-27T03:28:50.954+0530][377.116s] GC(725) Pause Young (Normal) (G1 Evacuation Pause) 113M->42M(128M) 1.593ms
[2026-09-27T03:28:51.432+0530][377.594s] GC(726) Pause Young (Normal) (G1 Evacuation Pause) 113M->42M(128M) 1.741ms
[2026-09-27T03:28:51.792+0530][377.955s] GC(727) Pause Young (Normal) (G1 Evacuation Pause) 113M->42M(128M) 1.745ms
[2026-09-27T03:28:52.214+0530][378.376s] GC(728) Pause Young (Normal) (G1 Evacuation Pause) 113M->42M(128M) 2.387ms
[2026-09-27T03:28:52.706+0530][378.868s] GC(729) Pause Young (Normal) (G1 Evacuation Pause) 113M->42M(128M) 1.755ms
[2026-09-27T03:28:53.109+0530][379.271s] GC(730) Pause Young (Normal) (G1 Evacuation Pause) 113M->42M(128M) 1.982ms
[2026-09-27T03:28:53.564+0530][379.727s] GC(731) Pause Young (Normal) (G1 Evacuation Pause) 113M->42M(128M) 1.770ms
[2026-09-27T03:28:53.996+0530][380.158s] GC(732) Pause Young (Normal) (G1 Evacuation Pause) 113M->42M(128M) 1.804ms
[2026-09-27T03:28:54.459+0530][380.621s] GC(733) Pause Young (Normal) (G1 Evacuation Pause) 113M->42M(128M) 1.736ms
[2026-09-27T03:28:54.865+0530][381.027s] GC(734) Pause Young (Normal) (G1 Evacuation Pause) 113M->42M(128M) 1.809ms
[2026-09-27T03:28:55.344+0530][381.506s] GC(735) Pause Young (Normal) (G1 Evacuation Pause) 113M->42M(128M) 1.949ms
[2026-09-27T03:28:55.772+0530][381.934s] GC(736) Pause Young (Normal) (G1 Evacuation Pause) 113M->42M(128M) 1.905ms
[2026-09-27T03:28:56.243+0530][382.405s] GC(737) Pause Young (Normal) (G1 Evacuation Pause) 113M->42M(128M) 2.341ms
[2026-09-27T03:28:56.681+0530][382.843s] GC(738) Pause Young (Normal) (G1 Evacuation Pause) 113M->42M(128M) 2.261ms
[2026-09-27T03:28:57.096+0530][383.258s] GC(739) Pause Young (Normal) (G1 Evacuation Pause) 113M->42M(128M) 2.231ms
[2026-09-27T03:28:57.561+0530][383.723s] GC(740) Pause Young (Normal) (G1 Evacuation Pause) 112M->42M(128M) 2.103ms
[2026-09-27T03:28:57.974+0530][384.136s] GC(741) Pause Young (Normal) (G1 Evacuation Pause) 113M->42M(128M) 2.137ms
[2026-09-27T03:28:58.398+0530][384.560s] GC(742) Pause Young (Normal) (G1 Evacuation Pause) 113M->42M(128M) 2.594ms
[2026-09-27T03:28:58.808+0530][384.970s] GC(743) Pause Young (Normal) (G1 Evacuation Pause) 112M->42M(128M) 2.112ms
[2026-09-27T03:28:59.215+0530][385.378s] GC(744) Pause Young (Normal) (G1 Evacuation Pause) 111M->42M(128M) 2.420ms
[2026-09-27T03:28:59.702+0530][385.864s] GC(745) Pause Young (Normal) (G1 Evacuation Pause) 111M->42M(128M) 2.160ms
[2026-09-27T03:29:00.080+0530][386.242s] GC(746) Pause Young (Normal) (G1 Evacuation Pause) 111M->42M(128M) 2.235ms
[2026-09-27T03:29:00.489+0530][386.651s] GC(747) Pause Young (Normal) (G1 Evacuation Pause) 111M->42M(128M) 2.243ms
[2026-09-27T03:29:00.825+0530][386.987s] GC(748) Pause Young (Normal) (G1 Evacuation Pause) 113M->42M(128M) 2.472ms
[2026-09-27T03:29:01.242+0530][387.404s] GC(749) Pause Young (Normal) (G1 Evacuation Pause) 111M->42M(128M) 2.528ms
[2026-09-27T03:29:01.658+0530][387.820s] GC(750) Pause Young (Normal) (G1 Evacuation Pause) 111M->42M(128M) 2.189ms
[2026-09-27T03:29:02.116+0530][388.277s] GC(751) Pause Young (Normal) (G1 Evacuation Pause) 111M->43M(128M) 3.128ms
[2026-09-27T03:29:02.454+0530][388.616s] GC(752) Pause Young (Normal) (G1 Evacuation Pause) 110M->42M(128M) 2.463ms
[2026-09-27T03:29:02.838+0530][388.999s] GC(753) Pause Young (Normal) (G1 Evacuation Pause) 112M->42M(128M) 2.260ms
[2026-09-27T03:29:03.252+0530][389.414s] GC(754) Pause Young (Normal) (G1 Evacuation Pause) 111M->42M(128M) 2.028ms
[2026-09-27T03:29:03.665+0530][389.827s] GC(755) Pause Young (Normal) (G1 Evacuation Pause) 111M->42M(128M) 2.334ms
[2026-09-27T03:29:04.168+0530][390.330s] GC(756) Pause Young (Normal) (G1 Evacuation Pause) 111M->42M(128M) 2.229ms
[2026-09-27T03:29:04.529+0530][390.692s] GC(757) Pause Young (Normal) (G1 Evacuation Pause) 111M->42M(128M) 2.123ms
[2026-09-27T03:29:04.987+0530][391.148s] GC(758) Pause Young (Normal) (G1 Evacuation Pause) 111M->42M(128M) 2.095ms
[2026-09-27T03:29:05.335+0530][391.496s] GC(759) Pause Young (Normal) (G1 Evacuation Pause) 111M->42M(128M) 1.981ms
[2026-09-27T03:29:05.798+0530][391.960s] GC(760) Pause Young (Normal) (G1 Evacuation Pause) 112M->42M(128M) 1.967ms
[2026-09-27T03:29:06.269+0530][392.431s] GC(761) Pause Young (Normal) (G1 Evacuation Pause) 112M->43M(128M) 1.964ms
[2026-09-27T03:29:06.702+0530][392.864s] GC(762) Pause Young (Normal) (G1 Evacuation Pause) 111M->42M(128M) 1.876ms
[2026-09-27T03:29:07.196+0530][393.359s] GC(763) Pause Young (Normal) (G1 Evacuation Pause) 111M->42M(128M) 1.947ms
[2026-09-27T03:29:07.520+0530][393.682s] GC(764) Pause Young (Normal) (G1 Evacuation Pause) 111M->42M(128M) 1.911ms
[2026-09-27T03:29:07.908+0530][394.069s] GC(765) Pause Young (Normal) (G1 Evacuation Pause) 112M->42M(128M) 1.856ms
[2026-09-27T03:29:08.367+0530][394.529s] GC(766) Pause Young (Normal) (G1 Evacuation Pause) 112M->43M(128M) 1.965ms
[2026-09-27T03:29:08.756+0530][394.919s] GC(767) Pause Young (Normal) (G1 Evacuation Pause) 111M->42M(128M) 1.942ms
[2026-09-27T03:29:09.240+0530][395.402s] GC(768) Pause Young (Normal) (G1 Evacuation Pause) 111M->42M(128M) 1.649ms
[2026-09-27T03:29:09.592+0530][395.753s] GC(769) Pause Young (Normal) (G1 Evacuation Pause) 111M->42M(128M) 1.491ms
[2026-09-27T03:29:10.038+0530][396.200s] GC(770) Pause Young (Normal) (G1 Evacuation Pause) 111M->42M(128M) 2.163ms
[2026-09-27T03:29:10.430+0530][396.592s] GC(771) Pause Young (Normal) (G1 Evacuation Pause) 111M->42M(128M) 1.430ms
[2026-09-27T03:29:10.867+0530][397.029s] GC(772) Pause Young (Normal) (G1 Evacuation Pause) 112M->43M(128M) 1.977ms
[2026-09-27T03:29:11.362+0530][397.523s] GC(773) Pause Young (Normal) (G1 Evacuation Pause) 112M->43M(128M) 2.268ms
[2026-09-27T03:29:11.763+0530][397.925s] GC(774) Pause Young (Normal) (G1 Evacuation Pause) 112M->43M(128M) 2.059ms
[2026-09-27T03:29:12.257+0530][398.420s] GC(775) Pause Young (Normal) (G1 Evacuation Pause) 112M->43M(128M) 2.037ms
[2026-09-27T03:29:12.603+0530][398.765s] GC(776) Pause Young (Normal) (G1 Evacuation Pause) 113M->43M(128M) 2.207ms
[2026-09-27T03:29:12.951+0530][399.113s] GC(777) Pause Young (Normal) (G1 Evacuation Pause) 113M->43M(128M) 2.383ms
[2026-09-27T03:29:13.407+0530][399.569s] GC(778) Pause Young (Normal) (G1 Evacuation Pause) 111M->43M(128M) 2.460ms
[2026-09-27T03:29:13.800+0530][399.963s] GC(779) Pause Young (Normal) (G1 Evacuation Pause) 112M->43M(128M) 2.078ms
[2026-09-27T03:29:14.291+0530][400.453s] GC(780) Pause Young (Normal) (G1 Evacuation Pause) 113M->43M(128M) 2.285ms
[2026-09-27T03:29:14.664+0530][400.826s] GC(781) Pause Young (Normal) (G1 Evacuation Pause) 111M->44M(128M) 2.965ms
[2026-09-27T03:29:14.945+0530][401.107s] GC(782) Pause Young (Normal) (G1 Evacuation Pause) 110M->43M(128M) 2.277ms
[2026-09-27T03:29:15.403+0530][401.564s] GC(783) Pause Young (Normal) (G1 Evacuation Pause) 112M->43M(128M) 2.158ms
[2026-09-27T03:29:15.809+0530][401.970s] GC(784) Pause Young (Normal) (G1 Evacuation Pause) 112M->43M(128M) 2.097ms
[2026-09-27T03:29:16.247+0530][402.410s] GC(785) Pause Young (Normal) (G1 Evacuation Pause) 111M->43M(128M) 2.164ms
[2026-09-27T03:29:16.613+0530][402.774s] GC(786) Pause Young (Normal) (G1 Evacuation Pause) 111M->43M(128M) 2.188ms
[2026-09-27T03:29:16.924+0530][403.086s] GC(787) Pause Young (Normal) (G1 Evacuation Pause) 112M->43M(128M) 2.140ms
[2026-09-27T03:29:17.421+0530][403.583s] GC(788) Pause Young (Normal) (G1 Evacuation Pause) 113M->43M(128M) 1.942ms
[2026-09-27T03:29:17.797+0530][403.959s] GC(789) Pause Young (Normal) (G1 Evacuation Pause) 113M->43M(128M) 1.579ms
[2026-09-27T03:29:18.179+0530][404.342s] GC(790) Pause Young (Normal) (G1 Evacuation Pause) 113M->43M(128M) 2.376ms
[2026-09-27T03:29:18.638+0530][404.800s] GC(791) Pause Young (Normal) (G1 Evacuation Pause) 113M->43M(128M) 1.919ms
[2026-09-27T03:29:18.951+0530][405.113s] GC(792) Pause Young (Normal) (G1 Evacuation Pause) 113M->43M(128M) 1.803ms
[2026-09-27T03:29:19.392+0530][405.554s] GC(793) Pause Young (Normal) (G1 Evacuation Pause) 113M->43M(128M) 1.691ms
[2026-09-27T03:29:19.864+0530][406.025s] GC(794) Pause Young (Normal) (G1 Evacuation Pause) 112M->43M(128M) 1.727ms
[2026-09-27T03:29:20.322+0530][406.483s] GC(795) Pause Young (Normal) (G1 Evacuation Pause) 112M->43M(128M) 1.744ms
[2026-09-27T03:29:20.660+0530][406.821s] GC(796) Pause Young (Normal) (G1 Evacuation Pause) 112M->43M(128M) 1.882ms
[2026-09-27T03:29:21.076+0530][407.239s] GC(797) Pause Young (Normal) (G1 Evacuation Pause) 112M->43M(128M) 2.072ms
[2026-09-27T03:29:21.476+0530][407.638s] GC(798) Pause Young (Normal) (G1 Evacuation Pause) 112M->43M(128M) 1.977ms
[2026-09-27T03:29:21.972+0530][408.134s] GC(799) Pause Young (Normal) (G1 Evacuation Pause) 112M->43M(128M) 2.008ms
[2026-09-27T03:29:22.379+0530][408.541s] GC(800) Pause Young (Normal) (G1 Evacuation Pause) 112M->43M(128M) 1.784ms
[2026-09-27T03:29:22.856+0530][409.018s] GC(801) Pause Young (Normal) (G1 Evacuation Pause) 112M->43M(128M) 2.075ms
[2026-09-27T03:29:23.183+0530][409.345s] GC(802) Pause Young (Normal) (G1 Evacuation Pause) 112M->44M(128M) 2.701ms
[2026-09-27T03:29:23.553+0530][409.715s] GC(803) Pause Young (Normal) (G1 Evacuation Pause) 110M->43M(128M) 2.173ms
[2026-09-27T03:29:24.022+0530][410.184s] GC(804) Pause Young (Normal) (G1 Evacuation Pause) 111M->43M(128M) 2.248ms
[2026-09-27T03:29:24.413+0530][410.576s] GC(805) Pause Young (Normal) (G1 Evacuation Pause) 111M->43M(128M) 2.122ms
[2026-09-27T03:29:24.763+0530][410.924s] GC(806) Pause Young (Normal) (G1 Evacuation Pause) 111M->43M(128M) 2.068ms
[2026-09-27T03:29:25.224+0530][411.386s] GC(807) Pause Young (Normal) (G1 Evacuation Pause) 111M->43M(128M) 1.951ms
[2026-09-27T03:29:25.561+0530][411.723s] GC(808) Pause Young (Normal) (G1 Evacuation Pause) 111M->43M(128M) 1.826ms
[2026-09-27T03:29:25.968+0530][412.130s] GC(809) Pause Young (Normal) (G1 Evacuation Pause) 111M->43M(128M) 2.174ms
[2026-09-27T03:29:26.445+0530][412.606s] GC(810) Pause Young (Normal) (G1 Evacuation Pause) 111M->44M(128M) 2.450ms
[2026-09-27T03:29:26.814+0530][412.976s] GC(811) Pause Young (Normal) (G1 Evacuation Pause) 112M->44M(128M) 2.619ms
[2026-09-27T03:29:27.265+0530][413.428s] GC(812) Pause Young (Normal) (G1 Evacuation Pause) 112M->44M(128M) 2.319ms
[2026-09-27T03:29:27.621+0530][413.784s] GC(813) Pause Young (Normal) (G1 Evacuation Pause) 112M->44M(128M) 1.990ms
[2026-09-27T03:29:28.097+0530][414.259s] GC(814) Pause Young (Normal) (G1 Evacuation Pause) 113M->44M(128M) 2.739ms
[2026-09-27T03:29:28.501+0530][414.663s] GC(815) Pause Young (Normal) (G1 Evacuation Pause) 111M->44M(128M) 2.494ms
[2026-09-27T03:29:28.843+0530][415.004s] GC(816) Pause Young (Normal) (G1 Evacuation Pause) 111M->44M(128M) 2.658ms
[2026-09-27T03:29:29.196+0530][415.357s] GC(817) Pause Young (Normal) (G1 Evacuation Pause) 113M->44M(128M) 2.356ms
[2026-09-27T03:29:29.598+0530][415.759s] GC(818) Pause Young (Normal) (G1 Evacuation Pause) 111M->44M(128M) 2.490ms
[2026-09-27T03:29:30.041+0530][416.203s] GC(819) Pause Young (Normal) (G1 Evacuation Pause) 111M->44M(128M) 2.731ms
[2026-09-27T03:29:30.372+0530][416.535s] GC(820) Pause Young (Normal) (G1 Evacuation Pause) 111M->44M(128M) 2.550ms
[2026-09-27T03:29:30.640+0530][416.802s] GC(821) Pause Young (Normal) (G1 Evacuation Pause) 111M->44M(128M) 2.448ms
[2026-09-27T03:29:31.065+0530][417.227s] GC(822) Pause Young (Normal) (G1 Evacuation Pause) 111M->44M(128M) 2.542ms
[2026-09-27T03:29:31.498+0530][417.660s] GC(823) Pause Young (Normal) (G1 Evacuation Pause) 111M->44M(128M) 2.665ms
[2026-09-27T03:29:31.777+0530][417.940s] GC(824) Pause Young (Normal) (G1 Evacuation Pause) 111M->44M(128M) 2.253ms
[2026-09-27T03:29:32.200+0530][418.362s] GC(825) Pause Young (Normal) (G1 Evacuation Pause) 113M->44M(128M) 2.282ms
[2026-09-27T03:29:32.592+0530][418.753s] GC(826) Pause Young (Normal) (G1 Evacuation Pause) 113M->45M(128M) 2.631ms
[2026-09-27T03:29:33.071+0530][419.233s] GC(827) Pause Young (Normal) (G1 Evacuation Pause) 111M->44M(128M) 2.177ms
[2026-09-27T03:29:33.510+0530][419.672s] GC(828) Pause Young (Normal) (G1 Evacuation Pause) 112M->44M(128M) 2.015ms
[2026-09-27T03:29:33.750+0530][419.912s] GC(829) Pause Young (Normal) (G1 Evacuation Pause) 112M->44M(128M) 1.998ms
[2026-09-27T03:29:34.164+0530][420.326s] GC(830) Pause Young (Normal) (G1 Evacuation Pause) 112M->44M(128M) 2.061ms
[2026-09-27T03:29:34.600+0530][420.762s] GC(831) Pause Young (Normal) (G1 Evacuation Pause) 112M->44M(128M) 2.035ms
[2026-09-27T03:29:34.921+0530][421.083s] GC(832) Pause Young (Normal) (G1 Evacuation Pause) 112M->44M(128M) 1.991ms
[2026-09-27T03:29:35.271+0530][421.433s] GC(833) Pause Young (Normal) (G1 Evacuation Pause) 113M->44M(128M) 1.867ms
[2026-09-27T03:29:35.689+0530][421.851s] GC(834) Pause Young (Normal) (G1 Evacuation Pause) 113M->44M(128M) 2.065ms
[2026-09-27T03:29:36.114+0530][422.276s] GC(835) Pause Young (Normal) (G1 Evacuation Pause) 112M->44M(128M) 1.759ms
[2026-09-27T03:29:36.553+0530][422.715s] GC(836) Pause Young (Normal) (G1 Evacuation Pause) 112M->44M(128M) 1.808ms
[2026-09-27T03:29:36.896+0530][423.059s] GC(837) Pause Young (Normal) (G1 Evacuation Pause) 112M->44M(128M) 1.754ms
[2026-09-27T03:29:37.291+0530][423.453s] GC(838) Pause Young (Normal) (G1 Evacuation Pause) 112M->44M(128M) 1.625ms
[2026-09-27T03:29:37.712+0530][423.874s] GC(839) Pause Young (Normal) (G1 Evacuation Pause) 112M->44M(128M) 1.847ms
[2026-09-27T03:29:38.141+0530][424.304s] GC(840) Pause Young (Normal) (G1 Evacuation Pause) 112M->44M(128M) 1.676ms
[2026-09-27T03:29:38.585+0530][424.747s] GC(841) Pause Young (Normal) (G1 Evacuation Pause) 112M->44M(128M) 1.578ms
[2026-09-27T03:29:38.921+0530][425.083s] GC(842) Pause Young (Normal) (G1 Evacuation Pause) 112M->44M(128M) 1.720ms
[2026-09-27T03:29:39.285+0530][425.446s] GC(843) Pause Young (Normal) (G1 Evacuation Pause) 112M->44M(128M) 1.874ms
[2026-09-27T03:29:39.729+0530][425.891s] GC(844) Pause Young (Normal) (G1 Evacuation Pause) 112M->44M(128M) 1.877ms
[2026-09-27T03:29:40.101+0530][426.263s] GC(845) Pause Young (Normal) (G1 Evacuation Pause) 112M->44M(128M) 1.687ms
[2026-09-27T03:29:40.458+0530][426.620s] GC(846) Pause Young (Normal) (G1 Evacuation Pause) 112M->44M(128M) 1.729ms
[2026-09-27T03:29:40.845+0530][427.007s] GC(847) Pause Young (Normal) (G1 Evacuation Pause) 112M->44M(128M) 1.967ms
[2026-09-27T03:29:41.205+0530][427.368s] GC(848) Pause Young (Normal) (G1 Evacuation Pause) 112M->44M(128M) 1.990ms
[2026-09-27T03:29:41.680+0530][427.842s] GC(849) Pause Young (Normal) (G1 Evacuation Pause) 112M->44M(128M) 2.190ms
[2026-09-27T03:29:42.029+0530][428.191s] GC(850) Pause Young (Normal) (G1 Evacuation Pause) 112M->45M(128M) 1.990ms
[2026-09-27T03:29:42.376+0530][428.538s] GC(851) Pause Young (Normal) (G1 Evacuation Pause) 111M->44M(128M) 1.778ms
[2026-09-27T03:29:42.792+0530][428.954s] GC(852) Pause Young (Normal) (G1 Evacuation Pause) 111M->44M(128M) 1.998ms
[2026-09-27T03:29:43.205+0530][429.367s] GC(853) Pause Young (Normal) (G1 Evacuation Pause) 111M->45M(128M) 2.117ms
[2026-09-27T03:29:43.628+0530][429.790s] GC(854) Pause Young (Normal) (G1 Evacuation Pause) 112M->45M(128M) 2.102ms
[2026-09-27T03:29:43.999+0530][430.161s] GC(855) Pause Young (Normal) (G1 Evacuation Pause) 111M->45M(128M) 2.068ms
[2026-09-27T03:29:44.307+0530][430.469s] GC(856) Pause Young (Normal) (G1 Evacuation Pause) 113M->45M(128M) 2.256ms
[2026-09-27T03:29:44.736+0530][430.898s] GC(857) Pause Young (Normal) (G1 Evacuation Pause) 111M->45M(128M) 2.178ms
[2026-09-27T03:29:45.144+0530][431.307s] GC(858) Pause Young (Normal) (G1 Evacuation Pause) 113M->46M(128M) 2.932ms
[2026-09-27T03:29:45.355+0530][431.517s] GC(859) Pause Young (Normal) (G1 Evacuation Pause) 110M->45M(128M) 2.247ms
[2026-09-27T03:29:45.755+0530][431.917s] GC(860) Pause Young (Normal) (G1 Evacuation Pause) 112M->45M(128M) 2.145ms
[2026-09-27T03:29:46.164+0530][432.326s] GC(861) Pause Young (Normal) (G1 Evacuation Pause) 112M->45M(128M) 2.138ms
[2026-09-27T03:29:46.431+0530][432.593s] GC(862) Pause Young (Normal) (G1 Evacuation Pause) 112M->45M(128M) 2.090ms
[2026-09-27T03:29:46.835+0530][432.996s] GC(863) Pause Young (Normal) (G1 Evacuation Pause) 112M->45M(128M) 2.179ms
[2026-09-27T03:29:47.220+0530][433.382s] GC(864) Pause Young (Normal) (G1 Evacuation Pause) 112M->46M(128M) 2.416ms
[2026-09-27T03:29:47.558+0530][433.720s] GC(865) Pause Young (Normal) (G1 Evacuation Pause) 110M->45M(128M) 1.705ms
[2026-09-27T03:29:47.878+0530][434.039s] GC(866) Pause Young (Normal) (G1 Evacuation Pause) 111M->45M(128M) 1.721ms
[2026-09-27T03:29:48.287+0530][434.449s] GC(867) Pause Young (Normal) (G1 Evacuation Pause) 112M->45M(128M) 1.372ms
[2026-09-27T03:29:48.703+0530][434.866s] GC(868) Pause Young (Normal) (G1 Evacuation Pause) 112M->45M(128M) 1.576ms
[2026-09-27T03:29:49.078+0530][435.241s] GC(869) Pause Young (Normal) (G1 Evacuation Pause) 112M->45M(128M) 1.416ms
[2026-09-27T03:29:49.389+0530][435.551s] GC(870) Pause Young (Normal) (G1 Evacuation Pause) 112M->45M(128M) 1.270ms
[2026-09-27T03:29:49.817+0530][435.979s] GC(871) Pause Young (Normal) (G1 Evacuation Pause) 113M->45M(128M) 1.230ms
[2026-09-27T03:29:50.291+0530][436.454s] GC(872) Pause Young (Normal) (G1 Evacuation Pause) 113M->45M(128M) 1.602ms
[2026-09-27T03:29:50.580+0530][436.742s] GC(873) Pause Young (Normal) (G1 Evacuation Pause) 113M->45M(128M) 1.446ms
[2026-09-27T03:29:50.901+0530][437.063s] GC(874) Pause Young (Normal) (G1 Evacuation Pause) 113M->45M(128M) 1.478ms
[2026-09-27T03:29:51.358+0530][437.521s] GC(875) Pause Young (Normal) (G1 Evacuation Pause) 113M->46M(128M) 1.513ms
[2026-09-27T03:29:51.798+0530][437.960s] GC(876) Pause Young (Normal) (G1 Evacuation Pause) 112M->45M(128M) 1.560ms
[2026-09-27T03:29:52.106+0530][438.268s] GC(877) Pause Young (Normal) (G1 Evacuation Pause) 112M->45M(128M) 1.377ms
[2026-09-27T03:29:52.493+0530][438.655s] GC(878) Pause Young (Normal) (G1 Evacuation Pause) 112M->45M(128M) 1.337ms
[2026-09-27T03:29:52.906+0530][439.068s] GC(879) Pause Young (Normal) (G1 Evacuation Pause) 112M->45M(128M) 1.296ms
[2026-09-27T03:29:53.330+0530][439.492s] GC(880) Pause Young (Normal) (G1 Evacuation Pause) 113M->45M(128M) 1.239ms
[2026-09-27T03:29:53.744+0530][439.906s] GC(881) Pause Young (Normal) (G1 Evacuation Pause) 113M->45M(128M) 1.525ms
[2026-09-27T03:29:54.121+0530][440.284s] GC(882) Pause Young (Normal) (G1 Evacuation Pause) 113M->45M(128M) 1.363ms
[2026-09-27T03:29:54.444+0530][440.606s] GC(883) Pause Young (Normal) (G1 Evacuation Pause) 113M->45M(128M) 1.298ms
[2026-09-27T03:29:54.853+0530][441.015s] GC(884) Pause Young (Normal) (G1 Evacuation Pause) 112M->45M(128M) 1.379ms
[2026-09-27T03:29:55.292+0530][441.453s] GC(885) Pause Young (Normal) (G1 Evacuation Pause) 113M->45M(128M) 1.465ms
[2026-09-27T03:29:55.566+0530][441.727s] GC(886) Pause Young (Normal) (G1 Evacuation Pause) 113M->45M(128M) 1.200ms
[2026-09-27T03:29:55.949+0530][442.111s] GC(887) Pause Young (Normal) (G1 Evacuation Pause) 113M->45M(128M) 1.615ms
[2026-09-27T03:29:56.372+0530][442.534s] GC(888) Pause Young (Normal) (G1 Evacuation Pause) 113M->45M(128M) 2.087ms
[2026-09-27T03:29:56.679+0530][442.841s] GC(889) Pause Young (Normal) (G1 Evacuation Pause) 112M->45M(128M) 1.812ms
[2026-09-27T03:29:57.074+0530][443.236s] GC(890) Pause Young (Normal) (G1 Evacuation Pause) 112M->45M(128M) 1.983ms
[2026-09-27T03:29:57.481+0530][443.644s] GC(891) Pause Young (Normal) (G1 Evacuation Pause) 112M->45M(128M) 1.907ms
[2026-09-27T03:29:57.890+0530][444.052s] GC(892) Pause Young (Normal) (G1 Evacuation Pause) 113M->45M(128M) 2.168ms
[2026-09-27T03:29:58.299+0530][444.461s] GC(893) Pause Young (Normal) (G1 Evacuation Pause) 113M->45M(128M) 2.086ms
[2026-09-27T03:29:58.654+0530][444.815s] GC(894) Pause Young (Normal) (G1 Evacuation Pause) 113M->45M(128M) 2.181ms
[2026-09-27T03:29:59.004+0530][445.166s] GC(895) Pause Young (Normal) (G1 Evacuation Pause) 113M->45M(128M) 2.199ms
[2026-09-27T03:29:59.448+0530][445.611s] GC(896) Pause Young (Normal) (G1 Evacuation Pause) 113M->45M(128M) 2.177ms
[2026-09-27T03:29:59.822+0530][445.984s] GC(897) Pause Young (Normal) (G1 Evacuation Pause) 113M->45M(128M) 2.035ms
[2026-09-27T03:30:00.197+0530][446.359s] GC(898) Pause Young (Normal) (G1 Evacuation Pause) 113M->46M(128M) 2.115ms
[2026-09-27T03:30:00.528+0530][446.690s] GC(899) Pause Young (Normal) (G1 Evacuation Pause) 112M->45M(128M) 2.035ms
[2026-09-27T03:30:00.922+0530][447.085s] GC(900) Pause Young (Normal) (G1 Evacuation Pause) 113M->45M(128M) 2.341ms
[2026-09-27T03:30:01.217+0530][447.379s] GC(901) Pause Young (Normal) (G1 Evacuation Pause) 113M->45M(128M) 1.995ms
[2026-09-27T03:30:01.683+0530][447.845s] GC(902) Pause Young (Normal) (G1 Evacuation Pause) 113M->45M(128M) 2.104ms
[2026-09-27T03:30:01.938+0530][448.101s] GC(903) Pause Young (Normal) (G1 Evacuation Pause) 112M->45M(128M) 2.006ms
[2026-09-27T03:30:02.335+0530][448.497s] GC(904) Pause Young (Normal) (G1 Evacuation Pause) 112M->46M(128M) 1.892ms
[2026-09-27T03:30:02.721+0530][448.883s] GC(905) Pause Young (Normal) (G1 Evacuation Pause) 113M->45M(128M) 1.610ms
[2026-09-27T03:30:03.180+0530][449.342s] GC(906) Pause Young (Normal) (G1 Evacuation Pause) 112M->46M(128M) 2.244ms
[2026-09-27T03:30:03.448+0530][449.610s] GC(907) Pause Young (Normal) (G1 Evacuation Pause) 113M->45M(128M) 1.763ms
[2026-09-27T03:30:03.776+0530][449.938s] GC(908) Pause Young (Normal) (G1 Evacuation Pause) 112M->47M(128M) 2.192ms
[2026-09-27T03:30:04.214+0530][450.377s] GC(909) Pause Young (Normal) (G1 Evacuation Pause) 110M->45M(128M) 1.548ms
[2026-09-27T03:30:04.695+0530][450.857s] GC(910) Pause Young (Normal) (G1 Evacuation Pause) 110M->45M(128M) 1.505ms
[2026-09-27T03:30:04.951+0530][451.112s] GC(911) Pause Young (Normal) (G1 Evacuation Pause) 111M->46M(128M) 1.607ms
[2026-09-27T03:30:05.264+0530][451.426s] GC(912) Pause Young (Normal) (G1 Evacuation Pause) 112M->46M(128M) 1.348ms
[2026-09-27T03:30:05.728+0530][451.890s] GC(913) Pause Young (Normal) (G1 Evacuation Pause) 112M->46M(128M) 1.865ms
[2026-09-27T03:30:06.008+0530][452.171s] GC(914) Pause Young (Normal) (G1 Evacuation Pause) 112M->45M(128M) 1.595ms
[2026-09-27T03:30:06.381+0530][452.544s] GC(915) Pause Young (Normal) (G1 Evacuation Pause) 111M->46M(128M) 1.786ms
[2026-09-27T03:30:06.768+0530][452.930s] GC(916) Pause Young (Normal) (G1 Evacuation Pause) 113M->46M(128M) 1.296ms
[2026-09-27T03:30:07.242+0530][453.405s] GC(917) Pause Young (Normal) (G1 Evacuation Pause) 113M->45M(128M) 1.325ms
[2026-09-27T03:30:07.729+0530][453.891s] GC(918) Pause Young (Normal) (G1 Evacuation Pause) 112M->45M(128M) 1.451ms
[2026-09-27T03:30:07.902+0530][454.064s] GC(919) Pause Young (Normal) (G1 Evacuation Pause) 112M->47M(128M) 2.134ms
[2026-09-27T03:30:08.288+0530][454.450s] GC(920) Pause Young (Normal) (G1 Evacuation Pause) 111M->46M(128M) 0.992ms
[2026-09-27T03:30:08.772+0530][454.934s] GC(921) Pause Young (Normal) (G1 Evacuation Pause) 112M->45M(128M) 1.084ms
[2026-09-27T03:30:09.024+0530][455.186s] GC(922) Pause Young (Normal) (G1 Evacuation Pause) 111M->46M(128M) 1.044ms
[2026-09-27T03:30:09.453+0530][455.615s] GC(923) Pause Young (Normal) (G1 Evacuation Pause) 112M->46M(128M) 1.324ms
[2026-09-27T03:30:09.818+0530][455.980s] GC(924) Pause Young (Normal) (G1 Evacuation Pause) 112M->45M(128M) 0.837ms
[2026-09-27T03:30:10.278+0530][456.440s] GC(925) Pause Young (Normal) (G1 Evacuation Pause) 111M->45M(128M) 1.141ms
[2026-09-27T03:30:10.531+0530][456.694s] GC(926) Pause Young (Normal) (G1 Evacuation Pause) 112M->46M(128M) 1.091ms
[2026-09-27T03:30:10.932+0530][457.094s] GC(927) Pause Young (Normal) (G1 Evacuation Pause) 113M->46M(128M) 1.306ms
[2026-09-27T03:30:11.321+0530][457.483s] GC(928) Pause Young (Normal) (G1 Evacuation Pause) 113M->46M(128M) 1.695ms
[2026-09-27T03:30:11.793+0530][457.955s] GC(929) Pause Young (Normal) (G1 Evacuation Pause) 112M->46M(128M) 1.804ms
[2026-09-27T03:30:12.041+0530][458.202s] GC(930) Pause Young (Normal) (G1 Evacuation Pause) 112M->46M(128M) 1.802ms
[2026-09-27T03:30:12.373+0530][458.534s] GC(931) Pause Young (Normal) (G1 Evacuation Pause) 112M->46M(128M) 1.651ms
[2026-09-27T03:30:12.835+0530][458.996s] GC(932) Pause Young (Normal) (G1 Evacuation Pause) 113M->46M(128M) 1.667ms
[2026-09-27T03:30:13.283+0530][459.444s] GC(933) Pause Young (Normal) (G1 Evacuation Pause) 113M->46M(128M) 2.100ms
[2026-09-27T03:30:13.545+0530][459.706s] GC(934) Pause Young (Normal) (G1 Evacuation Pause) 113M->46M(128M) 1.832ms
[2026-09-27T03:30:13.889+0530][460.051s] GC(935) Pause Young (Normal) (G1 Evacuation Pause) 113M->46M(128M) 1.942ms
[2026-09-27T03:30:14.319+0530][460.482s] GC(936) Pause Young (Normal) (G1 Evacuation Pause) 113M->46M(128M) 1.639ms
[2026-09-27T03:30:14.579+0530][460.741s] GC(937) Pause Young (Normal) (G1 Evacuation Pause) 113M->46M(128M) 1.801ms
[2026-09-27T03:30:14.980+0530][461.142s] GC(938) Pause Young (Normal) (G1 Evacuation Pause) 113M->46M(128M) 1.693ms
[2026-09-27T03:30:15.365+0530][461.528s] GC(939) Pause Young (Normal) (G1 Evacuation Pause) 113M->46M(128M) 1.785ms
[2026-09-27T03:30:15.824+0530][461.986s] GC(940) Pause Young (Normal) (G1 Evacuation Pause) 113M->46M(128M) 2.071ms
[2026-09-27T03:30:16.001+0530][462.162s] GC(941) Pause Young (Normal) (G1 Evacuation Pause) 113M->46M(128M) 1.576ms
[2026-09-27T03:30:16.381+0530][462.544s] GC(942) Pause Young (Normal) (G1 Evacuation Pause) 113M->46M(128M) 1.838ms
[2026-09-27T03:30:16.813+0530][462.975s] GC(943) Pause Young (Normal) (G1 Evacuation Pause) 113M->46M(128M) 1.865ms
[2026-09-27T03:30:17.014+0530][463.176s] GC(944) Pause Young (Normal) (G1 Evacuation Pause) 112M->46M(128M) 1.476ms
