[2026-09-27T03:05:00.377+0530][0.008s] Using G1
[2026-09-27T03:05:00.691+0530][0.322s] GC(0) Pause Young (Normal) (G1 Evacuation Pause) 14M->3M(128M) 2.529ms
[2026-09-27T03:05:01.061+0530][0.692s] GC(1) Pause Young (Normal) (G1 Evacuation Pause) 17M->5M(128M) 3.843ms
[2026-09-27T03:05:03.864+0530][3.495s] GC(2) Pause Young (Concurrent Start) (Metadata GC Threshold) 51M->9M(128M) 5.572ms
[2026-09-27T03:05:03.865+0530][3.495s] GC(3) Concurrent Mark Cycle
[2026-09-27T03:05:03.872+0530][3.503s] GC(3) Pause Remark 10M->10M(128M) 1.116ms
[2026-09-27T03:05:03.874+0530][3.505s] GC(3) Pause Cleanup 10M->10M(128M) 0.030ms
[2026-09-27T03:05:03.875+0530][3.505s] GC(3) Concurrent Mark Cycle 10.000ms
[2026-09-27T03:05:07.154+0530][6.785s] GC(4) Pause Young (Concurrent Start) (G1 Evacuation Pause) 79M->18M(128M) 13.980ms
[2026-09-27T03:05:07.154+0530][6.786s] GC(5) Concurrent Mark Cycle
[2026-09-27T03:05:07.169+0530][6.801s] GC(5) Pause Remark 21M->21M(128M) 2.757ms
[2026-09-27T03:05:07.174+0530][6.805s] GC(5) Pause Cleanup 22M->22M(128M) 0.034ms
[2026-09-27T03:05:07.175+0530][6.806s] GC(5) Concurrent Mark Cycle 20.618ms
[2026-09-27T03:05:09.173+0530][8.804s] GC(6) Pause Young (Normal) (G1 Evacuation Pause) 83M->24M(128M) 12.121ms
[2026-09-27T03:05:11.739+0530][11.370s] GC(7) Pause Young (Normal) (G1 Evacuation Pause) 87M->26M(128M) 7.558ms
[2026-09-27T03:05:14.452+0530][14.083s] GC(8) Pause Young (Normal) (G1 Evacuation Pause) 92M->25M(128M) 3.130ms
[2026-09-27T03:05:17.517+0530][17.148s] GC(9) Pause Young (Normal) (G1 Evacuation Pause) 95M->25M(128M) 1.652ms
[2026-09-27T03:05:19.288+0530][18.919s] GC(10) Pause Young (Normal) (G1 Evacuation Pause) 98M->26M(128M) 2.266ms
[2026-09-27T03:05:20.035+0530][19.666s] GC(11) Pause Young (Normal) (G1 Evacuation Pause) 100M->26M(128M) 1.937ms
[2026-09-27T03:05:20.585+0530][20.217s] GC(12) Pause Young (Normal) (G1 Evacuation Pause) 100M->26M(128M) 2.135ms
[2026-09-27T03:05:21.157+0530][20.788s] GC(13) Pause Young (Normal) (G1 Evacuation Pause) 100M->26M(128M) 2.462ms
[2026-09-27T03:05:21.675+0530][21.306s] GC(14) Pause Young (Normal) (G1 Evacuation Pause) 100M->26M(128M) 2.283ms
[2026-09-27T03:05:22.195+0530][21.826s] GC(15) Pause Young (Normal) (G1 Evacuation Pause) 100M->26M(128M) 2.388ms
[2026-09-27T03:05:22.667+0530][22.298s] GC(16) Pause Young (Normal) (G1 Evacuation Pause) 100M->26M(128M) 2.337ms
[2026-09-27T03:05:23.114+0530][22.745s] GC(17) Pause Young (Normal) (G1 Evacuation Pause) 100M->26M(128M) 2.342ms
[2026-09-27T03:05:23.621+0530][23.252s] GC(18) Pause Young (Normal) (G1 Evacuation Pause) 100M->26M(128M) 2.324ms
[2026-09-27T03:05:24.117+0530][23.748s] GC(19) Pause Young (Normal) (G1 Evacuation Pause) 100M->26M(128M) 2.600ms
[2026-09-27T03:05:24.677+0530][24.308s] GC(20) Pause Young (Normal) (G1 Evacuation Pause) 100M->26M(128M) 2.849ms
[2026-09-27T03:05:25.190+0530][24.821s] GC(21) Pause Young (Normal) (G1 Evacuation Pause) 100M->26M(128M) 2.550ms
[2026-09-27T03:05:25.777+0530][25.408s] GC(22) Pause Young (Normal) (G1 Evacuation Pause) 100M->27M(128M) 3.025ms
[2026-09-27T03:05:26.296+0530][25.926s] GC(23) Pause Young (Normal) (G1 Evacuation Pause) 101M->26M(128M) 2.738ms
[2026-09-27T03:05:26.824+0530][26.455s] GC(24) Pause Young (Normal) (G1 Evacuation Pause) 100M->27M(128M) 2.673ms
[2026-09-27T03:05:27.439+0530][27.070s] GC(25) Pause Young (Normal) (G1 Evacuation Pause) 101M->26M(128M) 2.624ms
[2026-09-27T03:05:28.060+0530][27.690s] GC(26) Pause Young (Normal) (G1 Evacuation Pause) 101M->26M(128M) 2.333ms
[2026-09-27T03:05:28.710+0530][28.341s] GC(27) Pause Young (Normal) (G1 Evacuation Pause) 101M->26M(128M) 2.258ms
[2026-09-27T03:05:29.225+0530][28.856s] GC(28) Pause Young (Normal) (G1 Evacuation Pause) 101M->26M(128M) 1.908ms
[2026-09-27T03:05:29.843+0530][29.475s] GC(29) Pause Young (Normal) (G1 Evacuation Pause) 101M->26M(128M) 1.873ms
[2026-09-27T03:05:30.356+0530][29.987s] GC(30) Pause Young (Normal) (G1 Evacuation Pause) 101M->26M(128M) 2.105ms
[2026-09-27T03:05:30.925+0530][30.556s] GC(31) Pause Young (Normal) (G1 Evacuation Pause) 101M->26M(128M) 2.138ms
[2026-09-27T03:05:31.396+0530][31.027s] GC(32) Pause Young (Normal) (G1 Evacuation Pause) 101M->26M(128M) 1.821ms
[2026-09-27T03:05:32.068+0530][31.700s] GC(33) Pause Young (Normal) (G1 Evacuation Pause) 101M->26M(128M) 1.799ms
[2026-09-27T03:05:32.639+0530][32.271s] GC(34) Pause Young (Normal) (G1 Evacuation Pause) 101M->26M(128M) 1.709ms
[2026-09-27T03:05:33.286+0530][32.916s] GC(35) Pause Young (Normal) (G1 Evacuation Pause) 101M->26M(128M) 1.525ms
[2026-09-27T03:05:33.813+0530][33.445s] GC(36) Pause Young (Normal) (G1 Evacuation Pause) 101M->26M(128M) 1.735ms
[2026-09-27T03:05:34.407+0530][34.038s] GC(37) Pause Young (Normal) (G1 Evacuation Pause) 101M->26M(128M) 1.857ms
[2026-09-27T03:05:34.939+0530][34.569s] GC(38) Pause Young (Normal) (G1 Evacuation Pause) 101M->26M(128M) 1.789ms
[2026-09-27T03:05:35.454+0530][35.085s] GC(39) Pause Young (Normal) (G1 Evacuation Pause) 101M->26M(128M) 1.506ms
[2026-09-27T03:05:36.128+0530][35.759s] GC(40) Pause Young (Normal) (G1 Evacuation Pause) 101M->26M(128M) 1.801ms
[2026-09-27T03:05:36.588+0530][36.219s] GC(41) Pause Young (Normal) (G1 Evacuation Pause) 101M->26M(128M) 2.006ms
[2026-09-27T03:05:37.105+0530][36.737s] GC(42) Pause Young (Normal) (G1 Evacuation Pause) 101M->26M(128M) 2.134ms
[2026-09-27T03:05:37.506+0530][37.138s] GC(43) Pause Young (Normal) (G1 Evacuation Pause) 101M->27M(128M) 1.844ms
[2026-09-27T03:05:38.009+0530][37.640s] GC(44) Pause Young (Normal) (G1 Evacuation Pause) 102M->27M(128M) 2.141ms
[2026-09-27T03:05:38.495+0530][38.126s] GC(45) Pause Young (Normal) (G1 Evacuation Pause) 102M->27M(128M) 1.941ms
[2026-09-27T03:05:39.006+0530][38.637s] GC(46) Pause Young (Normal) (G1 Evacuation Pause) 102M->27M(128M) 1.750ms
[2026-09-27T03:05:39.514+0530][39.146s] GC(47) Pause Young (Normal) (G1 Evacuation Pause) 102M->27M(128M) 1.966ms
[2026-09-27T03:05:40.138+0530][39.769s] GC(48) Pause Young (Normal) (G1 Evacuation Pause) 102M->27M(128M) 1.777ms
[2026-09-27T03:05:40.715+0530][40.347s] GC(49) Pause Young (Normal) (G1 Evacuation Pause) 102M->27M(128M) 1.957ms
[2026-09-27T03:05:41.266+0530][40.897s] GC(50) Pause Young (Normal) (G1 Evacuation Pause) 102M->27M(128M) 1.836ms
[2026-09-27T03:05:41.799+0530][41.430s] GC(51) Pause Young (Normal) (G1 Evacuation Pause) 102M->27M(128M) 2.354ms
[2026-09-27T03:05:42.452+0530][42.083s] GC(52) Pause Young (Normal) (G1 Evacuation Pause) 102M->27M(128M) 2.261ms
[2026-09-27T03:05:42.966+0530][42.597s] GC(53) Pause Young (Normal) (G1 Evacuation Pause) 102M->27M(128M) 2.138ms
[2026-09-27T03:05:43.566+0530][43.198s] GC(54) Pause Young (Normal) (G1 Evacuation Pause) 102M->27M(128M) 2.199ms
[2026-09-27T03:05:44.129+0530][43.760s] GC(55) Pause Young (Normal) (G1 Evacuation Pause) 102M->27M(128M) 2.002ms
[2026-09-27T03:05:44.695+0530][44.327s] GC(56) Pause Young (Normal) (G1 Evacuation Pause) 102M->27M(128M) 2.201ms
[2026-09-27T03:05:45.328+0530][44.959s] GC(57) Pause Young (Normal) (G1 Evacuation Pause) 102M->27M(128M) 1.918ms
[2026-09-27T03:05:45.913+0530][45.544s] GC(58) Pause Young (Normal) (G1 Evacuation Pause) 102M->27M(128M) 2.795ms
[2026-09-27T03:05:46.521+0530][46.152s] GC(59) Pause Young (Normal) (G1 Evacuation Pause) 102M->27M(128M) 1.998ms
[2026-09-27T03:05:47.033+0530][46.663s] GC(60) Pause Young (Normal) (G1 Evacuation Pause) 102M->27M(128M) 1.875ms
[2026-09-27T03:05:47.618+0530][47.249s] GC(61) Pause Young (Normal) (G1 Evacuation Pause) 102M->27M(128M) 2.035ms
[2026-09-27T03:05:48.133+0530][47.765s] GC(62) Pause Young (Normal) (G1 Evacuation Pause) 102M->27M(128M) 1.781ms
[2026-09-27T03:05:48.695+0530][48.325s] GC(63) Pause Young (Normal) (G1 Evacuation Pause) 102M->27M(128M) 1.860ms
[2026-09-27T03:05:49.340+0530][48.971s] GC(64) Pause Young (Normal) (G1 Evacuation Pause) 102M->27M(128M) 1.696ms
[2026-09-27T03:05:49.869+0530][49.500s] GC(65) Pause Young (Normal) (G1 Evacuation Pause) 102M->27M(128M) 1.711ms
[2026-09-27T03:05:50.579+0530][50.210s] GC(66) Pause Young (Normal) (G1 Evacuation Pause) 102M->27M(128M) 1.821ms
[2026-09-27T03:05:51.088+0530][50.719s] GC(67) Pause Young (Normal) (G1 Evacuation Pause) 102M->27M(128M) 1.752ms
[2026-09-27T03:05:51.625+0530][51.256s] GC(68) Pause Young (Normal) (G1 Evacuation Pause) 102M->27M(128M) 2.011ms
[2026-09-27T03:05:52.095+0530][51.726s] GC(69) Pause Young (Normal) (G1 Evacuation Pause) 102M->27M(128M) 2.076ms
[2026-09-27T03:05:52.613+0530][52.244s] GC(70) Pause Young (Normal) (G1 Evacuation Pause) 102M->27M(128M) 2.279ms
[2026-09-27T03:05:53.018+0530][52.649s] GC(71) Pause Young (Normal) (G1 Evacuation Pause) 102M->27M(128M) 2.376ms
[2026-09-27T03:05:53.519+0530][53.151s] GC(72) Pause Young (Normal) (G1 Evacuation Pause) 102M->27M(128M) 2.280ms
[2026-09-27T03:05:53.918+0530][53.550s] GC(73) Pause Young (Normal) (G1 Evacuation Pause) 102M->27M(128M) 2.147ms
[2026-09-27T03:05:54.527+0530][54.158s] GC(74) Pause Young (Normal) (G1 Evacuation Pause) 102M->27M(128M) 2.435ms
[2026-09-27T03:05:55.040+0530][54.671s] GC(75) Pause Young (Normal) (G1 Evacuation Pause) 102M->27M(128M) 2.027ms
[2026-09-27T03:05:55.654+0530][55.286s] GC(76) Pause Young (Normal) (G1 Evacuation Pause) 102M->27M(128M) 2.540ms
[2026-09-27T03:05:56.191+0530][55.822s] GC(77) Pause Young (Normal) (G1 Evacuation Pause) 102M->27M(128M) 2.012ms
[2026-09-27T03:05:56.746+0530][56.377s] GC(78) Pause Young (Normal) (G1 Evacuation Pause) 102M->27M(128M) 2.271ms
[2026-09-27T03:05:57.257+0530][56.888s] GC(79) Pause Young (Normal) (G1 Evacuation Pause) 102M->28M(128M) 2.288ms
[2026-09-27T03:05:57.831+0530][57.462s] GC(80) Pause Young (Normal) (G1 Evacuation Pause) 102M->27M(128M) 2.248ms
[2026-09-27T03:05:58.468+0530][58.098s] GC(81) Pause Young (Normal) (G1 Evacuation Pause) 102M->28M(128M) 2.298ms
[2026-09-27T03:05:59.053+0530][58.684s] GC(82) Pause Young (Normal) (G1 Evacuation Pause) 102M->28M(128M) 2.474ms
[2026-09-27T03:05:59.618+0530][59.250s] GC(83) Pause Young (Normal) (G1 Evacuation Pause) 102M->28M(128M) 2.085ms
[2026-09-27T03:06:00.172+0530][59.804s] GC(84) Pause Young (Normal) (G1 Evacuation Pause) 102M->28M(128M) 2.160ms
[2026-09-27T03:06:00.772+0530][60.403s] GC(85) Pause Young (Normal) (G1 Evacuation Pause) 103M->27M(128M) 2.103ms
[2026-09-27T03:06:01.283+0530][60.914s] GC(86) Pause Young (Normal) (G1 Evacuation Pause) 102M->27M(128M) 1.658ms
[2026-09-27T03:06:01.849+0530][61.480s] GC(87) Pause Young (Normal) (G1 Evacuation Pause) 102M->28M(128M) 1.955ms
[2026-09-27T03:06:02.356+0530][61.988s] GC(88) Pause Young (Normal) (G1 Evacuation Pause) 103M->28M(128M) 1.902ms
[2026-09-27T03:06:03.015+0530][62.647s] GC(89) Pause Young (Normal) (G1 Evacuation Pause) 103M->28M(128M) 2.119ms
[2026-09-27T03:06:03.531+0530][63.163s] GC(90) Pause Young (Normal) (G1 Evacuation Pause) 103M->28M(128M) 1.699ms
[2026-09-27T03:06:04.183+0530][63.815s] GC(91) Pause Young (Normal) (G1 Evacuation Pause) 103M->28M(128M) 1.883ms
[2026-09-27T03:06:04.748+0530][64.379s] GC(92) Pause Young (Normal) (G1 Evacuation Pause) 103M->28M(128M) 1.807ms
[2026-09-27T03:06:05.294+0530][64.925s] GC(93) Pause Young (Normal) (G1 Evacuation Pause) 103M->28M(128M) 1.891ms
[2026-09-27T03:06:05.856+0530][65.487s] GC(94) Pause Young (Normal) (G1 Evacuation Pause) 102M->28M(128M) 1.796ms
[2026-09-27T03:06:06.368+0530][65.999s] GC(95) Pause Young (Normal) (G1 Evacuation Pause) 103M->28M(128M) 1.815ms
[2026-09-27T03:06:06.912+0530][66.543s] GC(96) Pause Young (Normal) (G1 Evacuation Pause) 103M->28M(128M) 2.138ms
[2026-09-27T03:06:07.379+0530][67.011s] GC(97) Pause Young (Normal) (G1 Evacuation Pause) 103M->28M(128M) 2.246ms
[2026-09-27T03:06:07.848+0530][67.479s] GC(98) Pause Young (Normal) (G1 Evacuation Pause) 102M->28M(128M) 2.269ms
[2026-09-27T03:06:08.347+0530][67.978s] GC(99) Pause Young (Normal) (G1 Evacuation Pause) 103M->28M(128M) 2.209ms
[2026-09-27T03:06:08.796+0530][68.428s] GC(100) Pause Young (Normal) (G1 Evacuation Pause) 103M->28M(128M) 2.310ms
[2026-09-27T03:06:09.302+0530][68.933s] GC(101) Pause Young (Normal) (G1 Evacuation Pause) 103M->28M(128M) 2.368ms
[2026-09-27T03:06:09.816+0530][69.447s] GC(102) Pause Young (Normal) (G1 Evacuation Pause) 103M->28M(128M) 2.051ms
[2026-09-27T03:06:10.393+0530][70.025s] GC(103) Pause Young (Normal) (G1 Evacuation Pause) 103M->28M(128M) 2.228ms
[2026-09-27T03:06:10.948+0530][70.580s] GC(104) Pause Young (Normal) (G1 Evacuation Pause) 103M->28M(128M) 2.130ms
[2026-09-27T03:06:11.493+0530][71.124s] GC(105) Pause Young (Normal) (G1 Evacuation Pause) 103M->28M(128M) 2.134ms
[2026-09-27T03:06:12.000+0530][71.632s] GC(106) Pause Young (Normal) (G1 Evacuation Pause) 103M->28M(128M) 2.484ms
[2026-09-27T03:06:12.596+0530][72.227s] GC(107) Pause Young (Normal) (G1 Evacuation Pause) 103M->29M(128M) 2.466ms
[2026-09-27T03:06:13.143+0530][72.774s] GC(108) Pause Young (Normal) (G1 Evacuation Pause) 103M->28M(128M) 2.680ms
[2026-09-27T03:06:13.686+0530][73.317s] GC(109) Pause Young (Normal) (G1 Evacuation Pause) 103M->28M(128M) 2.047ms
[2026-09-27T03:06:14.315+0530][73.947s] GC(110) Pause Young (Normal) (G1 Evacuation Pause) 103M->28M(128M) 2.123ms
[2026-09-27T03:06:14.885+0530][74.516s] GC(111) Pause Young (Normal) (G1 Evacuation Pause) 103M->28M(128M) 2.086ms
[2026-09-27T03:06:15.495+0530][75.126s] GC(112) Pause Young (Normal) (G1 Evacuation Pause) 103M->28M(128M) 1.970ms
[2026-09-27T03:06:16.008+0530][75.639s] GC(113) Pause Young (Normal) (G1 Evacuation Pause) 103M->28M(128M) 2.000ms
[2026-09-27T03:06:16.570+0530][76.201s] GC(114) Pause Young (Normal) (G1 Evacuation Pause) 103M->28M(128M) 1.951ms
[2026-09-27T03:06:17.090+0530][76.721s] GC(115) Pause Young (Normal) (G1 Evacuation Pause) 103M->28M(128M) 1.792ms
[2026-09-27T03:06:17.731+0530][77.362s] GC(116) Pause Young (Normal) (G1 Evacuation Pause) 103M->28M(128M) 1.705ms
[2026-09-27T03:06:18.235+0530][77.866s] GC(117) Pause Young (Normal) (G1 Evacuation Pause) 103M->28M(128M) 2.004ms
[2026-09-27T03:06:18.819+0530][78.450s] GC(118) Pause Young (Normal) (G1 Evacuation Pause) 103M->28M(128M) 1.634ms
[2026-09-27T03:06:19.444+0530][79.075s] GC(119) Pause Young (Normal) (G1 Evacuation Pause) 103M->28M(128M) 1.961ms
[2026-09-27T03:06:19.972+0530][79.603s] GC(120) Pause Young (Normal) (G1 Evacuation Pause) 103M->28M(128M) 1.795ms
[2026-09-27T03:06:20.567+0530][80.198s] GC(121) Pause Young (Normal) (G1 Evacuation Pause) 103M->28M(128M) 1.668ms
[2026-09-27T03:06:21.091+0530][80.723s] GC(122) Pause Young (Normal) (G1 Evacuation Pause) 103M->28M(128M) 1.782ms
[2026-09-27T03:06:21.708+0530][81.339s] GC(123) Pause Young (Normal) (G1 Evacuation Pause) 103M->28M(128M) 1.946ms
[2026-09-27T03:06:22.115+0530][81.747s] GC(124) Pause Young (Normal) (G1 Evacuation Pause) 103M->28M(128M) 1.892ms
[2026-09-27T03:06:22.614+0530][82.246s] GC(125) Pause Young (Normal) (G1 Evacuation Pause) 103M->28M(128M) 2.197ms
[2026-09-27T03:06:23.097+0530][82.729s] GC(126) Pause Young (Normal) (G1 Evacuation Pause) 103M->28M(128M) 2.161ms
[2026-09-27T03:06:23.583+0530][83.213s] GC(127) Pause Young (Normal) (G1 Evacuation Pause) 103M->29M(128M) 2.482ms
[2026-09-27T03:06:24.009+0530][83.640s] GC(128) Pause Young (Normal) (G1 Evacuation Pause) 104M->28M(128M) 1.986ms
[2026-09-27T03:06:24.516+0530][84.147s] GC(129) Pause Young (Normal) (G1 Evacuation Pause) 103M->29M(128M) 2.154ms
[2026-09-27T03:06:25.023+0530][84.655s] GC(130) Pause Young (Normal) (G1 Evacuation Pause) 104M->29M(128M) 2.240ms
[2026-09-27T03:06:25.614+0530][85.245s] GC(131) Pause Young (Normal) (G1 Evacuation Pause) 104M->29M(128M) 2.063ms
[2026-09-27T03:06:26.147+0530][85.778s] GC(132) Pause Young (Normal) (G1 Evacuation Pause) 104M->29M(128M) 2.212ms
[2026-09-27T03:06:26.670+0530][86.302s] GC(133) Pause Young (Normal) (G1 Evacuation Pause) 104M->29M(128M) 2.337ms
[2026-09-27T03:06:27.178+0530][86.810s] GC(134) Pause Young (Normal) (G1 Evacuation Pause) 104M->29M(128M) 2.331ms
[2026-09-27T03:06:27.814+0530][87.445s] GC(135) Pause Young (Normal) (G1 Evacuation Pause) 104M->29M(128M) 2.442ms
[2026-09-27T03:06:28.327+0530][87.958s] GC(136) Pause Young (Normal) (G1 Evacuation Pause) 104M->29M(128M) 2.145ms
[2026-09-27T03:06:28.850+0530][88.481s] GC(137) Pause Young (Normal) (G1 Evacuation Pause) 104M->29M(128M) 2.049ms
[2026-09-27T03:06:29.382+0530][89.013s] GC(138) Pause Young (Normal) (G1 Evacuation Pause) 104M->29M(128M) 2.228ms
[2026-09-27T03:06:30.056+0530][89.687s] GC(139) Pause Young (Normal) (G1 Evacuation Pause) 104M->29M(128M) 1.888ms
[2026-09-27T03:06:30.598+0530][90.229s] GC(140) Pause Young (Normal) (G1 Evacuation Pause) 104M->29M(128M) 1.998ms
[2026-09-27T03:06:31.203+0530][90.834s] GC(141) Pause Young (Normal) (G1 Evacuation Pause) 104M->29M(128M) 1.931ms
[2026-09-27T03:06:31.720+0530][91.351s] GC(142) Pause Young (Normal) (G1 Evacuation Pause) 104M->29M(128M) 1.894ms
[2026-09-27T03:06:32.270+0530][91.901s] GC(143) Pause Young (Normal) (G1 Evacuation Pause) 104M->29M(128M) 1.771ms
[2026-09-27T03:06:32.759+0530][92.390s] GC(144) Pause Young (Normal) (G1 Evacuation Pause) 104M->29M(128M) 1.733ms
[2026-09-27T03:06:33.323+0530][92.954s] GC(145) Pause Young (Normal) (G1 Evacuation Pause) 104M->30M(128M) 1.932ms
[2026-09-27T03:06:33.887+0530][93.518s] GC(146) Pause Young (Normal) (G1 Evacuation Pause) 104M->29M(128M) 1.969ms
[2026-09-27T03:06:34.398+0530][94.030s] GC(147) Pause Young (Normal) (G1 Evacuation Pause) 104M->29M(128M) 1.613ms
[2026-09-27T03:06:35.021+0530][94.652s] GC(148) Pause Young (Normal) (G1 Evacuation Pause) 104M->29M(128M) 1.661ms
[2026-09-27T03:06:35.603+0530][95.234s] GC(149) Pause Young (Normal) (G1 Evacuation Pause) 104M->29M(128M) 1.886ms
[2026-09-27T03:06:36.177+0530][95.808s] GC(150) Pause Young (Normal) (G1 Evacuation Pause) 104M->29M(128M) 1.710ms
[2026-09-27T03:06:36.757+0530][96.388s] GC(151) Pause Young (Normal) (G1 Evacuation Pause) 104M->29M(128M) 1.827ms
[2026-09-27T03:06:37.285+0530][96.916s] GC(152) Pause Young (Normal) (G1 Evacuation Pause) 104M->29M(128M) 2.091ms
[2026-09-27T03:06:37.698+0530][97.329s] GC(153) Pause Young (Normal) (G1 Evacuation Pause) 104M->29M(128M) 1.967ms
[2026-09-27T03:06:38.218+0530][97.850s] GC(154) Pause Young (Normal) (G1 Evacuation Pause) 104M->29M(128M) 2.228ms
[2026-09-27T03:06:38.643+0530][98.274s] GC(155) Pause Young (Normal) (G1 Evacuation Pause) 104M->29M(128M) 2.089ms
[2026-09-27T03:06:39.086+0530][98.718s] GC(156) Pause Young (Normal) (G1 Evacuation Pause) 104M->29M(128M) 2.412ms
[2026-09-27T03:06:39.560+0530][99.191s] GC(157) Pause Young (Normal) (G1 Evacuation Pause) 104M->30M(128M) 2.197ms
[2026-09-27T03:06:39.968+0530][99.599s] GC(158) Pause Young (Normal) (G1 Evacuation Pause) 104M->29M(128M) 2.060ms
[2026-09-27T03:06:40.599+0530][100.230s] GC(159) Pause Young (Normal) (G1 Evacuation Pause) 104M->29M(128M) 1.946ms
[2026-09-27T03:06:41.213+0530][100.844s] GC(160) Pause Young (Normal) (G1 Evacuation Pause) 104M->29M(128M) 2.016ms
[2026-09-27T03:06:41.724+0530][101.355s] GC(161) Pause Young (Normal) (G1 Evacuation Pause) 104M->29M(128M) 2.256ms
[2026-09-27T03:06:42.338+0530][101.969s] GC(162) Pause Young (Normal) (G1 Evacuation Pause) 104M->29M(128M) 1.878ms
[2026-09-27T03:06:42.858+0530][102.490s] GC(163) Pause Young (Normal) (G1 Evacuation Pause) 104M->29M(128M) 1.841ms
[2026-09-27T03:06:43.382+0530][103.014s] GC(164) Pause Young (Normal) (G1 Evacuation Pause) 104M->29M(128M) 2.038ms
[2026-09-27T03:06:43.882+0530][103.513s] GC(165) Pause Young (Normal) (G1 Evacuation Pause) 104M->29M(128M) 1.945ms
[2026-09-27T03:06:44.427+0530][104.057s] GC(166) Pause Young (Normal) (G1 Evacuation Pause) 104M->29M(128M) 2.129ms
[2026-09-27T03:06:44.996+0530][104.627s] GC(167) Pause Young (Normal) (G1 Evacuation Pause) 104M->29M(128M) 2.007ms
[2026-09-27T03:06:45.579+0530][105.210s] GC(168) Pause Young (Normal) (G1 Evacuation Pause) 104M->29M(128M) 2.073ms
[2026-09-27T03:06:46.200+0530][105.831s] GC(169) Pause Young (Normal) (G1 Evacuation Pause) 104M->29M(128M) 1.840ms
[2026-09-27T03:06:46.780+0530][106.411s] GC(170) Pause Young (Normal) (G1 Evacuation Pause) 104M->29M(128M) 1.847ms
[2026-09-27T03:06:47.291+0530][106.922s] GC(171) Pause Young (Normal) (G1 Evacuation Pause) 104M->29M(128M) 2.021ms
[2026-09-27T03:06:47.847+0530][107.478s] GC(172) Pause Young (Normal) (G1 Evacuation Pause) 104M->30M(128M) 2.322ms
[2026-09-27T03:06:48.426+0530][108.057s] GC(173) Pause Young (Normal) (G1 Evacuation Pause) 104M->29M(128M) 2.188ms
[2026-09-27T03:06:48.934+0530][108.566s] GC(174) Pause Young (Normal) (G1 Evacuation Pause) 104M->29M(128M) 1.859ms
[2026-09-27T03:06:49.454+0530][109.085s] GC(175) Pause Young (Normal) (G1 Evacuation Pause) 104M->29M(128M) 2.040ms
[2026-09-27T03:06:49.972+0530][109.603s] GC(176) Pause Young (Normal) (G1 Evacuation Pause) 104M->29M(128M) 1.569ms
[2026-09-27T03:06:50.551+0530][110.182s] GC(177) Pause Young (Normal) (G1 Evacuation Pause) 104M->29M(128M) 1.872ms
[2026-09-27T03:06:51.065+0530][110.696s] GC(178) Pause Young (Normal) (G1 Evacuation Pause) 104M->29M(128M) 1.875ms
[2026-09-27T03:06:51.751+0530][111.382s] GC(179) Pause Young (Normal) (G1 Evacuation Pause) 104M->30M(128M) 2.012ms
[2026-09-27T03:06:52.299+0530][111.930s] GC(180) Pause Young (Normal) (G1 Evacuation Pause) 105M->30M(128M) 2.217ms
[2026-09-27T03:06:52.806+0530][112.437s] GC(181) Pause Young (Normal) (G1 Evacuation Pause) 105M->30M(128M) 2.394ms
[2026-09-27T03:06:53.128+0530][112.759s] GC(182) Pause Young (Normal) (G1 Evacuation Pause) 105M->30M(128M) 2.122ms
[2026-09-27T03:06:53.624+0530][113.255s] GC(183) Pause Young (Normal) (G1 Evacuation Pause) 104M->30M(128M) 2.316ms
[2026-09-27T03:06:54.082+0530][113.713s] GC(184) Pause Young (Normal) (G1 Evacuation Pause) 104M->30M(128M) 2.310ms
[2026-09-27T03:06:54.538+0530][114.170s] GC(185) Pause Young (Normal) (G1 Evacuation Pause) 104M->30M(128M) 2.312ms
[2026-09-27T03:06:55.056+0530][114.688s] GC(186) Pause Young (Normal) (G1 Evacuation Pause) 104M->30M(128M) 2.688ms
[2026-09-27T03:06:55.547+0530][115.178s] GC(187) Pause Young (Normal) (G1 Evacuation Pause) 104M->30M(128M) 2.680ms
[2026-09-27T03:06:56.115+0530][115.746s] GC(188) Pause Young (Normal) (G1 Evacuation Pause) 104M->31M(128M) 2.666ms
[2026-09-27T03:06:56.637+0530][116.269s] GC(189) Pause Young (Normal) (G1 Evacuation Pause) 105M->30M(128M) 2.302ms
[2026-09-27T03:06:57.169+0530][116.801s] GC(190) Pause Young (Normal) (G1 Evacuation Pause) 104M->31M(128M) 2.719ms
[2026-09-27T03:06:57.821+0530][117.452s] GC(191) Pause Young (Normal) (G1 Evacuation Pause) 105M->30M(128M) 2.220ms
[2026-09-27T03:06:58.327+0530][117.958s] GC(192) Pause Young (Normal) (G1 Evacuation Pause) 104M->30M(128M) 2.443ms
[2026-09-27T03:06:58.878+0530][118.509s] GC(193) Pause Young (Normal) (G1 Evacuation Pause) 104M->30M(128M) 2.595ms
[2026-09-27T03:06:59.383+0530][119.013s] GC(194) Pause Young (Normal) (G1 Evacuation Pause) 104M->30M(128M) 2.355ms
[2026-09-27T03:06:59.926+0530][119.557s] GC(195) Pause Young (Normal) (G1 Evacuation Pause) 104M->30M(128M) 2.654ms
[2026-09-27T03:07:00.460+0530][120.091s] GC(196) Pause Young (Normal) (G1 Evacuation Pause) 105M->30M(128M) 2.180ms
[2026-09-27T03:07:01.057+0530][120.689s] GC(197) Pause Young (Normal) (G1 Evacuation Pause) 105M->30M(128M) 2.183ms
[2026-09-27T03:07:01.598+0530][121.230s] GC(198) Pause Young (Normal) (G1 Evacuation Pause) 105M->30M(128M) 2.179ms
[2026-09-27T03:07:02.178+0530][121.809s] GC(199) Pause Young (Normal) (G1 Evacuation Pause) 105M->30M(128M) 2.019ms
[2026-09-27T03:07:02.700+0530][122.332s] GC(200) Pause Young (Normal) (G1 Evacuation Pause) 105M->30M(128M) 2.117ms
[2026-09-27T03:07:03.281+0530][122.912s] GC(201) Pause Young (Normal) (G1 Evacuation Pause) 105M->30M(128M) 1.726ms
[2026-09-27T03:07:03.770+0530][123.401s] GC(202) Pause Young (Normal) (G1 Evacuation Pause) 105M->30M(128M) 1.932ms
[2026-09-27T03:07:04.409+0530][124.041s] GC(203) Pause Young (Normal) (G1 Evacuation Pause) 105M->31M(128M) 1.960ms
[2026-09-27T03:07:04.914+0530][124.545s] GC(204) Pause Young (Normal) (G1 Evacuation Pause) 105M->30M(128M) 2.062ms
[2026-09-27T03:07:05.466+0530][125.097s] GC(205) Pause Young (Normal) (G1 Evacuation Pause) 105M->31M(128M) 1.763ms
[2026-09-27T03:07:06.021+0530][125.653s] GC(206) Pause Young (Normal) (G1 Evacuation Pause) 106M->30M(128M) 1.575ms
[2026-09-27T03:07:06.602+0530][126.233s] GC(207) Pause Young (Normal) (G1 Evacuation Pause) 105M->30M(128M) 1.895ms
[2026-09-27T03:07:07.125+0530][126.757s] GC(208) Pause Young (Normal) (G1 Evacuation Pause) 105M->30M(128M) 1.997ms
[2026-09-27T03:07:07.630+0530][127.262s] GC(209) Pause Young (Normal) (G1 Evacuation Pause) 105M->31M(128M) 2.208ms
[2026-09-27T03:07:08.137+0530][127.768s] GC(210) Pause Young (Normal) (G1 Evacuation Pause) 106M->31M(128M) 2.266ms
[2026-09-27T03:07:08.635+0530][128.267s] GC(211) Pause Young (Normal) (G1 Evacuation Pause) 106M->31M(128M) 2.171ms
[2026-09-27T03:07:09.051+0530][128.682s] GC(212) Pause Young (Normal) (G1 Evacuation Pause) 106M->31M(128M) 2.370ms
[2026-09-27T03:07:09.549+0530][129.181s] GC(213) Pause Young (Normal) (G1 Evacuation Pause) 106M->31M(128M) 2.333ms
[2026-09-27T03:07:09.979+0530][129.610s] GC(214) Pause Young (Normal) (G1 Evacuation Pause) 106M->31M(128M) 2.391ms
[2026-09-27T03:07:10.495+0530][130.126s] GC(215) Pause Young (Normal) (G1 Evacuation Pause) 106M->31M(128M) 2.152ms
[2026-09-27T03:07:11.006+0530][130.637s] GC(216) Pause Young (Normal) (G1 Evacuation Pause) 106M->31M(128M) 2.172ms
[2026-09-27T03:07:11.570+0530][131.201s] GC(217) Pause Young (Normal) (G1 Evacuation Pause) 106M->31M(128M) 2.057ms
[2026-09-27T03:07:12.187+0530][131.817s] GC(218) Pause Young (Normal) (G1 Evacuation Pause) 106M->31M(128M) 2.331ms
[2026-09-27T03:07:12.714+0530][132.346s] GC(219) Pause Young (Normal) (G1 Evacuation Pause) 106M->31M(128M) 1.958ms
[2026-09-27T03:07:13.247+0530][132.878s] GC(220) Pause Young (Normal) (G1 Evacuation Pause) 105M->31M(128M) 2.150ms
[2026-09-27T03:07:13.772+0530][133.403s] GC(221) Pause Young (Normal) (G1 Evacuation Pause) 106M->31M(128M) 2.121ms
[2026-09-27T03:07:14.312+0530][133.942s] GC(222) Pause Young (Normal) (G1 Evacuation Pause) 105M->31M(128M) 2.323ms
[2026-09-27T03:07:14.828+0530][134.459s] GC(223) Pause Young (Normal) (G1 Evacuation Pause) 106M->31M(128M) 2.458ms
[2026-09-27T03:07:15.384+0530][135.015s] GC(224) Pause Young (Normal) (G1 Evacuation Pause) 105M->31M(128M) 2.434ms
[2026-09-27T03:07:15.894+0530][135.525s] GC(225) Pause Young (Normal) (G1 Evacuation Pause) 106M->31M(128M) 1.845ms
[2026-09-27T03:07:16.567+0530][136.198s] GC(226) Pause Young (Normal) (G1 Evacuation Pause) 106M->31M(128M) 1.982ms
[2026-09-27T03:07:17.079+0530][136.710s] GC(227) Pause Young (Normal) (G1 Evacuation Pause) 106M->31M(128M) 1.882ms
[2026-09-27T03:07:17.645+0530][137.275s] GC(228) Pause Young (Normal) (G1 Evacuation Pause) 106M->31M(128M) 1.756ms
[2026-09-27T03:07:18.260+0530][137.890s] GC(229) Pause Young (Normal) (G1 Evacuation Pause) 106M->31M(128M) 1.726ms
[2026-09-27T03:07:18.793+0530][138.423s] GC(230) Pause Young (Normal) (G1 Evacuation Pause) 106M->31M(128M) 1.610ms
[2026-09-27T03:07:19.302+0530][138.933s] GC(231) Pause Young (Normal) (G1 Evacuation Pause) 106M->31M(128M) 1.985ms
[2026-09-27T03:07:19.870+0530][139.501s] GC(232) Pause Young (Normal) (G1 Evacuation Pause) 106M->31M(128M) 1.790ms
[2026-09-27T03:07:20.331+0530][139.961s] GC(233) Pause Young (Normal) (G1 Evacuation Pause) 106M->31M(128M) 2.034ms
[2026-09-27T03:07:20.886+0530][140.517s] GC(234) Pause Young (Normal) (G1 Evacuation Pause) 106M->31M(128M) 1.901ms
[2026-09-27T03:07:21.452+0530][141.083s] GC(235) Pause Young (Normal) (G1 Evacuation Pause) 106M->31M(128M) 2.132ms
[2026-09-27T03:07:22.000+0530][141.631s] GC(236) Pause Young (Normal) (G1 Evacuation Pause) 106M->31M(128M) 2.190ms
[2026-09-27T03:07:22.585+0530][142.217s] GC(237) Pause Young (Normal) (G1 Evacuation Pause) 106M->31M(128M) 2.100ms
[2026-09-27T03:07:23.124+0530][142.756s] GC(238) Pause Young (Normal) (G1 Evacuation Pause) 106M->32M(128M) 2.179ms
[2026-09-27T03:07:23.493+0530][143.125s] GC(239) Pause Young (Normal) (G1 Evacuation Pause) 106M->31M(128M) 2.342ms
[2026-09-27T03:07:23.996+0530][143.627s] GC(240) Pause Young (Normal) (G1 Evacuation Pause) 106M->31M(128M) 2.238ms
[2026-09-27T03:07:24.424+0530][144.055s] GC(241) Pause Young (Normal) (G1 Evacuation Pause) 106M->31M(128M) 2.273ms
[2026-09-27T03:07:24.917+0530][144.549s] GC(242) Pause Young (Normal) (G1 Evacuation Pause) 106M->32M(128M) 2.279ms
[2026-09-27T03:07:25.364+0530][144.996s] GC(243) Pause Young (Normal) (G1 Evacuation Pause) 106M->32M(128M) 2.366ms
[2026-09-27T03:07:25.874+0530][145.506s] GC(244) Pause Young (Normal) (G1 Evacuation Pause) 106M->31M(128M) 2.637ms
[2026-09-27T03:07:26.393+0530][146.024s] GC(245) Pause Young (Normal) (G1 Evacuation Pause) 106M->32M(128M) 2.227ms
[2026-09-27T03:07:26.947+0530][146.578s] GC(246) Pause Young (Normal) (G1 Evacuation Pause) 106M->31M(128M) 2.346ms
[2026-09-27T03:07:27.515+0530][147.146s] GC(247) Pause Young (Normal) (G1 Evacuation Pause) 106M->32M(128M) 2.518ms
[2026-09-27T03:07:28.046+0530][147.678s] GC(248) Pause Young (Normal) (G1 Evacuation Pause) 106M->32M(128M) 2.367ms
[2026-09-27T03:07:28.572+0530][148.204s] GC(249) Pause Young (Normal) (G1 Evacuation Pause) 107M->32M(128M) 2.159ms
[2026-09-27T03:07:29.224+0530][148.855s] GC(250) Pause Young (Normal) (G1 Evacuation Pause) 106M->31M(128M) 2.388ms
[2026-09-27T03:07:29.727+0530][149.359s] GC(251) Pause Young (Normal) (G1 Evacuation Pause) 106M->31M(128M) 2.113ms
[2026-09-27T03:07:30.267+0530][149.899s] GC(252) Pause Young (Normal) (G1 Evacuation Pause) 106M->32M(128M) 2.079ms
[2026-09-27T03:07:30.772+0530][150.403s] GC(253) Pause Young (Normal) (G1 Evacuation Pause) 107M->31M(128M) 2.388ms
[2026-09-27T03:07:31.415+0530][151.047s] GC(254) Pause Young (Normal) (G1 Evacuation Pause) 106M->32M(128M) 2.001ms
[2026-09-27T03:07:31.926+0530][151.557s] GC(255) Pause Young (Normal) (G1 Evacuation Pause) 107M->31M(128M) 1.844ms
[2026-09-27T03:07:32.465+0530][152.096s] GC(256) Pause Young (Normal) (G1 Evacuation Pause) 106M->32M(128M) 1.968ms
[2026-09-27T03:07:32.978+0530][152.609s] GC(257) Pause Young (Normal) (G1 Evacuation Pause) 107M->32M(128M) 1.762ms
[2026-09-27T03:07:33.538+0530][153.170s] GC(258) Pause Young (Normal) (G1 Evacuation Pause) 107M->32M(128M) 2.032ms
[2026-09-27T03:07:34.114+0530][153.745s] GC(259) Pause Young (Normal) (G1 Evacuation Pause) 106M->32M(128M) 1.882ms
[2026-09-27T03:07:34.620+0530][154.251s] GC(260) Pause Young (Normal) (G1 Evacuation Pause) 107M->31M(128M) 1.483ms
[2026-09-27T03:07:35.151+0530][154.782s] GC(261) Pause Young (Normal) (G1 Evacuation Pause) 106M->32M(128M) 1.990ms
[2026-09-27T03:07:35.652+0530][155.283s] GC(262) Pause Young (Normal) (G1 Evacuation Pause) 107M->31M(128M) 1.412ms
[2026-09-27T03:07:36.297+0530][155.929s] GC(263) Pause Young (Normal) (G1 Evacuation Pause) 106M->32M(128M) 2.109ms
[2026-09-27T03:07:36.809+0530][156.440s] GC(264) Pause Young (Normal) (G1 Evacuation Pause) 107M->32M(128M) 1.759ms
[2026-09-27T03:07:37.363+0530][156.994s] GC(265) Pause Young (Normal) (G1 Evacuation Pause) 107M->32M(128M) 2.171ms
[2026-09-27T03:07:37.869+0530][157.500s] GC(266) Pause Young (Normal) (G1 Evacuation Pause) 107M->32M(128M) 2.053ms
[2026-09-27T03:07:38.376+0530][158.007s] GC(267) Pause Young (Normal) (G1 Evacuation Pause) 107M->32M(128M) 1.951ms
[2026-09-27T03:07:38.869+0530][158.501s] GC(268) Pause Young (Normal) (G1 Evacuation Pause) 107M->32M(128M) 2.010ms
[2026-09-27T03:07:39.368+0530][158.999s] GC(269) Pause Young (Normal) (G1 Evacuation Pause) 107M->32M(128M) 2.175ms
[2026-09-27T03:07:39.765+0530][159.396s] GC(270) Pause Young (Normal) (G1 Evacuation Pause) 107M->33M(128M) 2.331ms
[2026-09-27T03:07:40.189+0530][159.820s] GC(271) Pause Young (Normal) (G1 Evacuation Pause) 107M->32M(128M) 2.303ms
[2026-09-27T03:07:40.703+0530][160.334s] GC(272) Pause Young (Normal) (G1 Evacuation Pause) 107M->32M(128M) 2.287ms
[2026-09-27T03:07:41.205+0530][160.836s] GC(273) Pause Young (Normal) (G1 Evacuation Pause) 107M->32M(128M) 2.294ms
[2026-09-27T03:07:41.735+0530][161.366s] GC(274) Pause Young (Normal) (G1 Evacuation Pause) 107M->32M(128M) 2.045ms
[2026-09-27T03:07:42.243+0530][161.875s] GC(275) Pause Young (Normal) (G1 Evacuation Pause) 107M->32M(128M) 2.259ms
[2026-09-27T03:07:42.893+0530][162.525s] GC(276) Pause Young (Normal) (G1 Evacuation Pause) 107M->32M(128M) 2.196ms
[2026-09-27T03:07:43.446+0530][163.076s] GC(277) Pause Young (Normal) (G1 Evacuation Pause) 106M->32M(128M) 2.054ms
[2026-09-27T03:07:43.953+0530][163.583s] GC(278) Pause Young (Normal) (G1 Evacuation Pause) 107M->32M(128M) 2.155ms
[2026-09-27T03:07:44.600+0530][164.232s] GC(279) Pause Young (Normal) (G1 Evacuation Pause) 107M->32M(128M) 2.314ms
[2026-09-27T03:07:45.010+0530][164.642s] GC(280) Pause Young (Normal) (G1 Evacuation Pause) 107M->32M(128M) 1.960ms
[2026-09-27T03:07:45.633+0530][165.265s] GC(281) Pause Young (Normal) (G1 Evacuation Pause) 107M->32M(128M) 2.087ms
[2026-09-27T03:07:46.136+0530][165.768s] GC(282) Pause Young (Normal) (G1 Evacuation Pause) 107M->32M(128M) 1.927ms
[2026-09-27T03:07:46.657+0530][166.287s] GC(283) Pause Young (Normal) (G1 Evacuation Pause) 107M->32M(128M) 2.374ms
[2026-09-27T03:07:47.167+0530][166.798s] GC(284) Pause Young (Normal) (G1 Evacuation Pause) 107M->32M(128M) 2.167ms
[2026-09-27T03:07:47.727+0530][167.357s] GC(285) Pause Young (Normal) (G1 Evacuation Pause) 107M->32M(128M) 1.876ms
[2026-09-27T03:07:48.320+0530][167.951s] GC(286) Pause Young (Normal) (G1 Evacuation Pause) 107M->32M(128M) 1.958ms
[2026-09-27T03:07:48.850+0530][168.482s] GC(287) Pause Young (Normal) (G1 Evacuation Pause) 107M->32M(128M) 1.804ms
[2026-09-27T03:07:49.397+0530][169.028s] GC(288) Pause Young (Normal) (G1 Evacuation Pause) 107M->32M(128M) 1.920ms
[2026-09-27T03:07:50.056+0530][169.686s] GC(289) Pause Young (Normal) (G1 Evacuation Pause) 107M->32M(128M) 1.788ms
[2026-09-27T03:07:50.504+0530][170.134s] GC(290) Pause Young (Normal) (G1 Evacuation Pause) 107M->32M(128M) 2.019ms
[2026-09-27T03:07:51.090+0530][170.722s] GC(291) Pause Young (Normal) (G1 Evacuation Pause) 107M->32M(128M) 1.913ms
[2026-09-27T03:07:51.589+0530][171.220s] GC(292) Pause Young (Normal) (G1 Evacuation Pause) 107M->32M(128M) 2.303ms
[2026-09-27T03:07:52.138+0530][171.770s] GC(293) Pause Young (Normal) (G1 Evacuation Pause) 107M->32M(128M) 2.193ms
[2026-09-27T03:07:52.656+0530][172.287s] GC(294) Pause Young (Normal) (G1 Evacuation Pause) 107M->32M(128M) 2.038ms
[2026-09-27T03:07:53.271+0530][172.902s] GC(295) Pause Young (Normal) (G1 Evacuation Pause) 107M->33M(128M) 2.591ms
[2026-09-27T03:07:53.690+0530][173.321s] GC(296) Pause Young (Normal) (G1 Evacuation Pause) 107M->33M(128M) 1.939ms
[2026-09-27T03:07:54.197+0530][173.828s] GC(297) Pause Young (Normal) (G1 Evacuation Pause) 108M->33M(128M) 2.109ms
[2026-09-27T03:07:54.634+0530][174.265s] GC(298) Pause Young (Normal) (G1 Evacuation Pause) 108M->33M(128M) 2.228ms
[2026-09-27T03:07:55.071+0530][174.702s] GC(299) Pause Young (Normal) (G1 Evacuation Pause) 108M->33M(128M) 2.178ms
[2026-09-27T03:07:55.482+0530][175.114s] GC(300) Pause Young (Normal) (G1 Evacuation Pause) 108M->33M(128M) 2.243ms
[2026-09-27T03:07:55.989+0530][175.620s] GC(301) Pause Young (Normal) (G1 Evacuation Pause) 108M->33M(128M) 2.346ms
[2026-09-27T03:07:56.480+0530][176.111s] GC(302) Pause Young (Normal) (G1 Evacuation Pause) 107M->33M(128M) 2.086ms
[2026-09-27T03:07:56.999+0530][176.630s] GC(303) Pause Young (Normal) (G1 Evacuation Pause) 107M->33M(128M) 2.516ms
[2026-09-27T03:07:57.506+0530][177.137s] GC(304) Pause Young (Normal) (G1 Evacuation Pause) 108M->33M(128M) 2.286ms
[2026-09-27T03:07:58.117+0530][177.748s] GC(305) Pause Young (Normal) (G1 Evacuation Pause) 107M->33M(128M) 2.248ms
[2026-09-27T03:07:58.635+0530][178.266s] GC(306) Pause Young (Normal) (G1 Evacuation Pause) 107M->33M(128M) 2.039ms
[2026-09-27T03:07:59.223+0530][178.854s] GC(307) Pause Young (Normal) (G1 Evacuation Pause) 108M->33M(128M) 1.962ms
[2026-09-27T03:07:59.744+0530][179.374s] GC(308) Pause Young (Normal) (G1 Evacuation Pause) 108M->33M(128M) 1.978ms
[2026-09-27T03:08:00.391+0530][180.023s] GC(309) Pause Young (Normal) (G1 Evacuation Pause) 108M->33M(128M) 2.091ms
[2026-09-27T03:08:00.898+0530][180.530s] GC(310) Pause Young (Normal) (G1 Evacuation Pause) 108M->33M(128M) 1.951ms
[2026-09-27T03:08:01.425+0530][181.056s] GC(311) Pause Young (Normal) (G1 Evacuation Pause) 108M->33M(128M) 2.125ms
[2026-09-27T03:08:01.922+0530][181.553s] GC(312) Pause Young (Normal) (G1 Evacuation Pause) 108M->33M(128M) 1.930ms
[2026-09-27T03:08:02.448+0530][182.079s] GC(313) Pause Young (Normal) (G1 Evacuation Pause) 108M->33M(128M) 1.995ms
[2026-09-27T03:08:02.967+0530][182.598s] GC(314) Pause Young (Normal) (G1 Evacuation Pause) 108M->33M(128M) 1.779ms
[2026-09-27T03:08:03.532+0530][183.164s] GC(315) Pause Young (Normal) (G1 Evacuation Pause) 108M->33M(128M) 2.028ms
[2026-09-27T03:08:04.126+0530][183.757s] GC(316) Pause Young (Normal) (G1 Evacuation Pause) 108M->33M(128M) 1.688ms
[2026-09-27T03:08:04.660+0530][184.291s] GC(317) Pause Young (Normal) (G1 Evacuation Pause) 108M->33M(128M) 1.408ms
[2026-09-27T03:08:05.167+0530][184.798s] GC(318) Pause Young (Normal) (G1 Evacuation Pause) 108M->33M(128M) 1.849ms
[2026-09-27T03:08:05.732+0530][185.363s] GC(319) Pause Young (Normal) (G1 Evacuation Pause) 108M->33M(128M) 1.367ms
[2026-09-27T03:08:06.231+0530][185.862s] GC(320) Pause Young (Normal) (G1 Evacuation Pause) 108M->33M(128M) 2.199ms
[2026-09-27T03:08:06.837+0530][186.468s] GC(321) Pause Young (Normal) (G1 Evacuation Pause) 108M->34M(128M) 2.295ms
[2026-09-27T03:08:07.248+0530][186.880s] GC(322) Pause Young (Normal) (G1 Evacuation Pause) 108M->33M(128M) 2.216ms
[2026-09-27T03:08:07.861+0530][187.492s] GC(323) Pause Young (Normal) (G1 Evacuation Pause) 108M->33M(128M) 2.289ms
[2026-09-27T03:08:08.368+0530][187.999s] GC(324) Pause Young (Normal) (G1 Evacuation Pause) 108M->33M(128M) 2.199ms
[2026-09-27T03:08:08.874+0530][188.506s] GC(325) Pause Young (Normal) (G1 Evacuation Pause) 108M->33M(128M) 2.130ms
[2026-09-27T03:08:09.268+0530][188.900s] GC(326) Pause Young (Normal) (G1 Evacuation Pause) 108M->33M(128M) 2.152ms
[2026-09-27T03:08:09.770+0530][189.401s] GC(327) Pause Young (Normal) (G1 Evacuation Pause) 108M->33M(128M) 2.057ms
[2026-09-27T03:08:10.231+0530][189.863s] GC(328) Pause Young (Normal) (G1 Evacuation Pause) 108M->33M(128M) 2.215ms
[2026-09-27T03:08:10.729+0530][190.360s] GC(329) Pause Young (Normal) (G1 Evacuation Pause) 108M->33M(128M) 2.073ms
[2026-09-27T03:08:11.219+0530][190.850s] GC(330) Pause Young (Normal) (G1 Evacuation Pause) 108M->33M(128M) 1.990ms
[2026-09-27T03:08:11.742+0530][191.373s] GC(331) Pause Young (Normal) (G1 Evacuation Pause) 108M->33M(128M) 2.214ms
[2026-09-27T03:08:12.126+0530][191.757s] GC(332) Pause Young (Normal) (G1 Evacuation Pause) 108M->33M(128M) 1.716ms
[2026-09-27T03:08:12.757+0530][192.387s] GC(333) Pause Young (Normal) (G1 Evacuation Pause) 108M->33M(128M) 2.457ms
[2026-09-27T03:08:13.269+0530][192.901s] GC(334) Pause Young (Normal) (G1 Evacuation Pause) 108M->33M(128M) 2.269ms
[2026-09-27T03:08:13.789+0530][193.420s] GC(335) Pause Young (Normal) (G1 Evacuation Pause) 108M->33M(128M) 2.142ms
[2026-09-27T03:08:14.311+0530][193.942s] GC(336) Pause Young (Normal) (G1 Evacuation Pause) 108M->33M(128M) 1.996ms
[2026-09-27T03:08:14.931+0530][194.562s] GC(337) Pause Young (Normal) (G1 Evacuation Pause) 108M->33M(128M) 2.123ms
[2026-09-27T03:08:15.440+0530][195.071s] GC(338) Pause Young (Normal) (G1 Evacuation Pause) 108M->33M(128M) 2.092ms
[2026-09-27T03:08:16.083+0530][195.714s] GC(339) Pause Young (Normal) (G1 Evacuation Pause) 108M->33M(128M) 2.174ms
[2026-09-27T03:08:16.527+0530][196.159s] GC(340) Pause Young (Normal) (G1 Evacuation Pause) 108M->33M(128M) 1.974ms
[2026-09-27T03:08:17.106+0530][196.737s] GC(341) Pause Young (Normal) (G1 Evacuation Pause) 108M->33M(128M) 1.905ms
[2026-09-27T03:08:17.603+0530][197.234s] GC(342) Pause Young (Normal) (G1 Evacuation Pause) 108M->33M(128M) 1.999ms
[2026-09-27T03:08:18.155+0530][197.787s] GC(343) Pause Young (Normal) (G1 Evacuation Pause) 108M->33M(128M) 1.636ms
[2026-09-27T03:08:18.663+0530][198.294s] GC(344) Pause Young (Normal) (G1 Evacuation Pause) 108M->33M(128M) 1.831ms
[2026-09-27T03:08:19.184+0530][198.815s] GC(345) Pause Young (Normal) (G1 Evacuation Pause) 108M->33M(128M) 1.639ms
[2026-09-27T03:08:19.706+0530][199.337s] GC(346) Pause Young (Normal) (G1 Evacuation Pause) 108M->33M(128M) 1.583ms
[2026-09-27T03:08:20.342+0530][199.973s] GC(347) Pause Young (Normal) (G1 Evacuation Pause) 108M->34M(128M) 2.015ms
[2026-09-27T03:08:20.859+0530][200.490s] GC(348) Pause Young (Normal) (G1 Evacuation Pause) 109M->33M(128M) 1.894ms
[2026-09-27T03:08:21.379+0530][201.011s] GC(349) Pause Young (Normal) (G1 Evacuation Pause) 108M->34M(128M) 1.571ms
[2026-09-27T03:08:21.877+0530][201.508s] GC(350) Pause Young (Normal) (G1 Evacuation Pause) 109M->33M(128M) 2.175ms
[2026-09-27T03:08:22.423+0530][202.055s] GC(351) Pause Young (Normal) (G1 Evacuation Pause) 108M->34M(128M) 2.093ms
[2026-09-27T03:08:22.896+0530][202.527s] GC(352) Pause Young (Normal) (G1 Evacuation Pause) 109M->34M(128M) 2.414ms
[2026-09-27T03:08:23.432+0530][203.064s] GC(353) Pause Young (Normal) (G1 Evacuation Pause) 109M->34M(128M) 2.664ms
[2026-09-27T03:08:23.903+0530][203.535s] GC(354) Pause Young (Normal) (G1 Evacuation Pause) 109M->34M(128M) 2.087ms
[2026-09-27T03:08:24.410+0530][204.041s] GC(355) Pause Young (Normal) (G1 Evacuation Pause) 109M->34M(128M) 2.316ms
[2026-09-27T03:08:24.899+0530][204.530s] GC(356) Pause Young (Normal) (G1 Evacuation Pause) 109M->34M(128M) 2.031ms
[2026-09-27T03:08:25.405+0530][205.037s] GC(357) Pause Young (Normal) (G1 Evacuation Pause) 109M->34M(128M) 2.268ms
[2026-09-27T03:08:25.746+0530][205.377s] GC(358) Pause Young (Normal) (G1 Evacuation Pause) 109M->34M(128M) 1.988ms
[2026-09-27T03:08:26.267+0530][205.898s] GC(359) Pause Young (Normal) (G1 Evacuation Pause) 109M->34M(128M) 2.057ms
[2026-09-27T03:08:26.745+0530][206.376s] GC(360) Pause Young (Normal) (G1 Evacuation Pause) 109M->34M(128M) 2.350ms
[2026-09-27T03:08:27.287+0530][206.918s] GC(361) Pause Young (Normal) (G1 Evacuation Pause) 109M->34M(128M) 2.349ms
[2026-09-27T03:08:27.769+0530][207.400s] GC(362) Pause Young (Normal) (G1 Evacuation Pause) 108M->34M(128M) 2.413ms
[2026-09-27T03:08:28.280+0530][207.911s] GC(363) Pause Young (Normal) (G1 Evacuation Pause) 109M->34M(128M) 2.787ms
[2026-09-27T03:08:28.805+0530][208.437s] GC(364) Pause Young (Normal) (G1 Evacuation Pause) 109M->34M(128M) 2.153ms
[2026-09-27T03:08:29.334+0530][208.966s] GC(365) Pause Young (Normal) (G1 Evacuation Pause) 108M->34M(128M) 2.290ms
[2026-09-27T03:08:29.944+0530][209.575s] GC(366) Pause Young (Normal) (G1 Evacuation Pause) 109M->34M(128M) 1.991ms
[2026-09-27T03:08:30.475+0530][210.106s] GC(367) Pause Young (Normal) (G1 Evacuation Pause) 109M->34M(128M) 1.992ms
[2026-09-27T03:08:30.985+0530][210.616s] GC(368) Pause Young (Normal) (G1 Evacuation Pause) 109M->34M(128M) 2.025ms
[2026-09-27T03:08:31.503+0530][211.134s] GC(369) Pause Young (Normal) (G1 Evacuation Pause) 109M->34M(128M) 2.069ms
[2026-09-27T03:08:32.003+0530][211.634s] GC(370) Pause Young (Normal) (G1 Evacuation Pause) 109M->34M(128M) 1.761ms
[2026-09-27T03:08:32.625+0530][212.257s] GC(371) Pause Young (Normal) (G1 Evacuation Pause) 109M->34M(128M) 2.022ms
[2026-09-27T03:08:33.024+0530][212.655s] GC(372) Pause Young (Normal) (G1 Evacuation Pause) 109M->34M(128M) 2.184ms
[2026-09-27T03:08:33.637+0530][213.268s] GC(373) Pause Young (Normal) (G1 Evacuation Pause) 109M->34M(128M) 2.258ms
[2026-09-27T03:08:34.143+0530][213.774s] GC(374) Pause Young (Normal) (G1 Evacuation Pause) 109M->34M(128M) 2.096ms
[2026-09-27T03:08:34.697+0530][214.328s] GC(375) Pause Young (Normal) (G1 Evacuation Pause) 109M->34M(128M) 2.257ms
[2026-09-27T03:08:35.277+0530][214.908s] GC(376) Pause Young (Normal) (G1 Evacuation Pause) 109M->34M(128M) 1.968ms
[2026-09-27T03:08:35.845+0530][215.476s] GC(377) Pause Young (Normal) (G1 Evacuation Pause) 109M->34M(128M) 2.129ms
[2026-09-27T03:08:36.349+0530][215.980s] GC(378) Pause Young (Normal) (G1 Evacuation Pause) 109M->34M(128M) 2.136ms
[2026-09-27T03:08:36.867+0530][216.498s] GC(379) Pause Young (Normal) (G1 Evacuation Pause) 109M->34M(128M) 2.106ms
[2026-09-27T03:08:37.366+0530][216.997s] GC(380) Pause Young (Normal) (G1 Evacuation Pause) 109M->35M(128M) 2.331ms
[2026-09-27T03:08:37.928+0530][217.559s] GC(381) Pause Young (Normal) (G1 Evacuation Pause) 110M->35M(128M) 2.164ms
[2026-09-27T03:08:38.385+0530][218.017s] GC(382) Pause Young (Normal) (G1 Evacuation Pause) 110M->35M(128M) 2.520ms
[2026-09-27T03:08:38.891+0530][218.522s] GC(383) Pause Young (Normal) (G1 Evacuation Pause) 109M->35M(128M) 2.538ms
[2026-09-27T03:08:39.332+0530][218.963s] GC(384) Pause Young (Normal) (G1 Evacuation Pause) 109M->35M(128M) 2.575ms
[2026-09-27T03:08:39.835+0530][219.466s] GC(385) Pause Young (Normal) (G1 Evacuation Pause) 109M->35M(128M) 2.302ms
[2026-09-27T03:08:40.220+0530][219.851s] GC(386) Pause Young (Normal) (G1 Evacuation Pause) 109M->35M(128M) 2.447ms
[2026-09-27T03:08:40.719+0530][220.350s] GC(387) Pause Young (Normal) (G1 Evacuation Pause) 109M->35M(128M) 2.150ms
[2026-09-27T03:08:41.126+0530][220.758s] GC(388) Pause Young (Normal) (G1 Evacuation Pause) 109M->36M(128M) 2.249ms
[2026-09-27T03:08:41.614+0530][221.244s] GC(389) Pause Young (Normal) (G1 Evacuation Pause) 110M->35M(128M) 2.378ms
[2026-09-27T03:08:42.147+0530][221.779s] GC(390) Pause Young (Normal) (G1 Evacuation Pause) 109M->35M(128M) 2.193ms
[2026-09-27T03:08:42.628+0530][222.259s] GC(391) Pause Young (Normal) (G1 Evacuation Pause) 109M->35M(128M) 2.539ms
[2026-09-27T03:08:43.201+0530][222.832s] GC(392) Pause Young (Normal) (G1 Evacuation Pause) 109M->35M(128M) 2.286ms
[2026-09-27T03:08:43.634+0530][223.265s] GC(393) Pause Young (Normal) (G1 Evacuation Pause) 109M->35M(128M) 2.368ms
[2026-09-27T03:08:44.143+0530][223.774s] GC(394) Pause Young (Normal) (G1 Evacuation Pause) 109M->35M(128M) 2.447ms
[2026-09-27T03:08:44.646+0530][224.278s] GC(395) Pause Young (Normal) (G1 Evacuation Pause) 110M->35M(128M) 2.297ms
[2026-09-27T03:08:45.164+0530][224.795s] GC(396) Pause Young (Normal) (G1 Evacuation Pause) 110M->35M(128M) 2.035ms
[2026-09-27T03:08:45.785+0530][225.417s] GC(397) Pause Young (Normal) (G1 Evacuation Pause) 110M->35M(128M) 2.177ms
[2026-09-27T03:08:46.301+0530][225.932s] GC(398) Pause Young (Normal) (G1 Evacuation Pause) 110M->35M(128M) 2.022ms
[2026-09-27T03:08:46.807+0530][226.438s] GC(399) Pause Young (Normal) (G1 Evacuation Pause) 110M->35M(128M) 2.194ms
[2026-09-27T03:08:47.356+0530][226.987s] GC(400) Pause Young (Normal) (G1 Evacuation Pause) 110M->36M(128M) 2.340ms
[2026-09-27T03:08:47.838+0530][227.469s] GC(401) Pause Young (Normal) (G1 Evacuation Pause) 110M->35M(128M) 2.212ms
[2026-09-27T03:08:48.414+0530][228.045s] GC(402) Pause Young (Normal) (G1 Evacuation Pause) 110M->36M(128M) 2.454ms
[2026-09-27T03:08:48.846+0530][228.476s] GC(403) Pause Young (Normal) (G1 Evacuation Pause) 110M->35M(128M) 2.009ms
[2026-09-27T03:08:49.431+0530][229.062s] GC(404) Pause Young (Normal) (G1 Evacuation Pause) 110M->35M(128M) 1.814ms
[2026-09-27T03:08:49.941+0530][229.573s] GC(405) Pause Young (Normal) (G1 Evacuation Pause) 110M->35M(128M) 1.688ms
[2026-09-27T03:08:50.475+0530][230.106s] GC(406) Pause Young (Normal) (G1 Evacuation Pause) 110M->35M(128M) 1.868ms
[2026-09-27T03:08:51.039+0530][230.670s] GC(407) Pause Young (Normal) (G1 Evacuation Pause) 110M->35M(128M) 1.519ms
[2026-09-27T03:08:51.552+0530][231.183s] GC(408) Pause Young (Normal) (G1 Evacuation Pause) 110M->36M(128M) 2.235ms
[2026-09-27T03:08:52.060+0530][231.692s] GC(409) Pause Young (Normal) (G1 Evacuation Pause) 110M->35M(128M) 1.895ms
[2026-09-27T03:08:52.595+0530][232.226s] GC(410) Pause Young (Normal) (G1 Evacuation Pause) 110M->36M(128M) 2.549ms
[2026-09-27T03:08:53.068+0530][232.700s] GC(411) Pause Young (Normal) (G1 Evacuation Pause) 110M->35M(128M) 2.307ms
[2026-09-27T03:08:53.618+0530][233.249s] GC(412) Pause Young (Normal) (G1 Evacuation Pause) 110M->35M(128M) 2.150ms
[2026-09-27T03:08:54.064+0530][233.695s] GC(413) Pause Young (Normal) (G1 Evacuation Pause) 110M->35M(128M) 2.298ms
[2026-09-27T03:08:54.505+0530][234.136s] GC(414) Pause Young (Normal) (G1 Evacuation Pause) 110M->36M(128M) 2.237ms
[2026-09-27T03:08:54.983+0530][234.614s] GC(415) Pause Young (Normal) (G1 Evacuation Pause) 111M->36M(128M) 2.396ms
[2026-09-27T03:08:55.465+0530][235.096s] GC(416) Pause Young (Normal) (G1 Evacuation Pause) 111M->35M(128M) 2.027ms
[2026-09-27T03:08:55.926+0530][235.557s] GC(417) Pause Young (Normal) (G1 Evacuation Pause) 110M->36M(128M) 1.965ms
[2026-09-27T03:08:56.428+0530][236.059s] GC(418) Pause Young (Normal) (G1 Evacuation Pause) 111M->36M(128M) 2.080ms
[2026-09-27T03:08:56.813+0530][236.444s] GC(419) Pause Young (Normal) (G1 Evacuation Pause) 111M->36M(128M) 2.094ms
[2026-09-27T03:08:57.332+0530][236.963s] GC(420) Pause Young (Normal) (G1 Evacuation Pause) 111M->35M(128M) 2.012ms
[2026-09-27T03:08:57.841+0530][237.472s] GC(421) Pause Young (Normal) (G1 Evacuation Pause) 110M->36M(128M) 2.455ms
[2026-09-27T03:08:58.349+0530][237.980s] GC(422) Pause Young (Normal) (G1 Evacuation Pause) 110M->36M(128M) 2.166ms
[2026-09-27T03:08:58.873+0530][238.505s] GC(423) Pause Young (Normal) (G1 Evacuation Pause) 111M->36M(128M) 2.436ms
[2026-09-27T03:08:59.347+0530][238.978s] GC(424) Pause Young (Normal) (G1 Evacuation Pause) 110M->36M(128M) 2.246ms
[2026-09-27T03:08:59.867+0530][239.498s] GC(425) Pause Young (Normal) (G1 Evacuation Pause) 111M->36M(128M) 1.922ms
[2026-09-27T03:09:00.370+0530][240.001s] GC(426) Pause Young (Normal) (G1 Evacuation Pause) 111M->36M(128M) 1.877ms
[2026-09-27T03:09:00.963+0530][240.594s] GC(427) Pause Young (Normal) (G1 Evacuation Pause) 111M->36M(128M) 2.075ms
[2026-09-27T03:09:01.507+0530][241.139s] GC(428) Pause Young (Normal) (G1 Evacuation Pause) 110M->36M(128M) 1.901ms
[2026-09-27T03:09:02.021+0530][241.653s] GC(429) Pause Young (Normal) (G1 Evacuation Pause) 111M->36M(128M) 1.796ms
[2026-09-27T03:09:02.533+0530][242.164s] GC(430) Pause Young (Normal) (G1 Evacuation Pause) 111M->36M(128M) 1.769ms
[2026-09-27T03:09:03.039+0530][242.671s] GC(431) Pause Young (Normal) (G1 Evacuation Pause) 111M->36M(128M) 2.187ms
[2026-09-27T03:09:03.551+0530][243.183s] GC(432) Pause Young (Normal) (G1 Evacuation Pause) 110M->36M(128M) 1.974ms
[2026-09-27T03:09:04.071+0530][243.702s] GC(433) Pause Young (Normal) (G1 Evacuation Pause) 111M->36M(128M) 1.711ms
[2026-09-27T03:09:04.558+0530][244.189s] GC(434) Pause Young (Normal) (G1 Evacuation Pause) 111M->36M(128M) 2.049ms
[2026-09-27T03:09:05.069+0530][244.701s] GC(435) Pause Young (Normal) (G1 Evacuation Pause) 111M->36M(128M) 1.822ms
[2026-09-27T03:09:05.570+0530][245.201s] GC(436) Pause Young (Normal) (G1 Evacuation Pause) 111M->36M(128M) 1.883ms
[2026-09-27T03:09:06.087+0530][245.718s] GC(437) Pause Young (Normal) (G1 Evacuation Pause) 111M->36M(128M) 1.783ms
[2026-09-27T03:09:06.605+0530][246.237s] GC(438) Pause Young (Normal) (G1 Evacuation Pause) 111M->36M(128M) 1.880ms
[2026-09-27T03:09:07.142+0530][246.774s] GC(439) Pause Young (Normal) (G1 Evacuation Pause) 111M->36M(128M) 1.904ms
[2026-09-27T03:09:07.646+0530][247.277s] GC(440) Pause Young (Normal) (G1 Evacuation Pause) 111M->36M(128M) 2.061ms
[2026-09-27T03:09:08.171+0530][247.803s] GC(441) Pause Young (Normal) (G1 Evacuation Pause) 111M->36M(128M) 2.335ms
[2026-09-27T03:09:08.639+0530][248.270s] GC(442) Pause Young (Normal) (G1 Evacuation Pause) 111M->36M(128M) 2.422ms
[2026-09-27T03:09:09.173+0530][248.804s] GC(443) Pause Young (Normal) (G1 Evacuation Pause) 111M->36M(128M) 2.673ms
[2026-09-27T03:09:09.607+0530][249.238s] GC(444) Pause Young (Normal) (G1 Evacuation Pause) 111M->36M(128M) 2.286ms
[2026-09-27T03:09:10.004+0530][249.634s] GC(445) Pause Young (Normal) (G1 Evacuation Pause) 111M->36M(128M) 2.125ms
[2026-09-27T03:09:10.478+0530][250.110s] GC(446) Pause Young (Normal) (G1 Evacuation Pause) 111M->36M(128M) 2.185ms
[2026-09-27T03:09:10.973+0530][250.604s] GC(447) Pause Young (Normal) (G1 Evacuation Pause) 110M->36M(128M) 2.140ms
[2026-09-27T03:09:11.390+0530][251.021s] GC(448) Pause Young (Normal) (G1 Evacuation Pause) 111M->37M(128M) 2.321ms
[2026-09-27T03:09:11.851+0530][251.482s] GC(449) Pause Young (Normal) (G1 Evacuation Pause) 111M->36M(128M) 2.074ms
[2026-09-27T03:09:12.359+0530][251.990s] GC(450) Pause Young (Normal) (G1 Evacuation Pause) 110M->36M(128M) 2.118ms
[2026-09-27T03:09:12.855+0530][252.486s] GC(451) Pause Young (Normal) (G1 Evacuation Pause) 111M->36M(128M) 2.235ms
[2026-09-27T03:09:13.452+0530][253.083s] GC(452) Pause Young (Normal) (G1 Evacuation Pause) 110M->36M(128M) 2.095ms
[2026-09-27T03:09:13.866+0530][253.497s] GC(453) Pause Young (Normal) (G1 Evacuation Pause) 111M->36M(128M) 2.512ms
[2026-09-27T03:09:14.390+0530][254.021s] GC(454) Pause Young (Normal) (G1 Evacuation Pause) 111M->36M(128M) 2.152ms
[2026-09-27T03:09:14.846+0530][254.478s] GC(455) Pause Young (Normal) (G1 Evacuation Pause) 111M->36M(128M) 2.201ms
[2026-09-27T03:09:15.359+0530][254.990s] GC(456) Pause Young (Normal) (G1 Evacuation Pause) 111M->36M(128M) 2.388ms
[2026-09-27T03:09:15.864+0530][255.496s] GC(457) Pause Young (Normal) (G1 Evacuation Pause) 111M->36M(128M) 2.097ms
[2026-09-27T03:09:16.414+0530][256.045s] GC(458) Pause Young (Normal) (G1 Evacuation Pause) 111M->36M(128M) 1.867ms
[2026-09-27T03:09:16.920+0530][256.551s] GC(459) Pause Young (Normal) (G1 Evacuation Pause) 111M->36M(128M) 1.813ms
[2026-09-27T03:09:17.502+0530][257.133s] GC(460) Pause Young (Normal) (G1 Evacuation Pause) 111M->36M(128M) 1.705ms
[2026-09-27T03:09:17.939+0530][257.570s] GC(461) Pause Young (Normal) (G1 Evacuation Pause) 111M->36M(128M) 1.868ms
[2026-09-27T03:09:18.563+0530][258.194s] GC(462) Pause Young (Normal) (G1 Evacuation Pause) 111M->36M(128M) 1.866ms
[2026-09-27T03:09:18.944+0530][258.575s] GC(463) Pause Young (Normal) (G1 Evacuation Pause) 111M->36M(128M) 1.940ms
[2026-09-27T03:09:19.463+0530][259.094s] GC(464) Pause Young (Normal) (G1 Evacuation Pause) 111M->36M(128M) 1.907ms
[2026-09-27T03:09:19.908+0530][259.539s] GC(465) Pause Young (Normal) (G1 Evacuation Pause) 111M->36M(128M) 1.710ms
[2026-09-27T03:09:20.472+0530][260.103s] GC(466) Pause Young (Normal) (G1 Evacuation Pause) 111M->36M(128M) 2.268ms
[2026-09-27T03:09:20.921+0530][260.552s] GC(467) Pause Young (Normal) (G1 Evacuation Pause) 111M->36M(128M) 1.858ms
[2026-09-27T03:09:21.496+0530][261.128s] GC(468) Pause Young (Normal) (G1 Evacuation Pause) 111M->36M(128M) 2.012ms
[2026-09-27T03:09:22.000+0530][261.631s] GC(469) Pause Young (Normal) (G1 Evacuation Pause) 111M->36M(128M) 2.084ms
[2026-09-27T03:09:22.523+0530][262.154s] GC(470) Pause Young (Normal) (G1 Evacuation Pause) 111M->37M(128M) 2.236ms
[2026-09-27T03:09:23.036+0530][262.667s] GC(471) Pause Young (Normal) (G1 Evacuation Pause) 112M->37M(128M) 2.022ms
[2026-09-27T03:09:23.642+0530][263.274s] GC(472) Pause Young (Normal) (G1 Evacuation Pause) 112M->37M(128M) 2.359ms
[2026-09-27T03:09:24.041+0530][263.672s] GC(473) Pause Young (Normal) (G1 Evacuation Pause) 112M->37M(128M) 2.144ms
[2026-09-27T03:09:24.544+0530][264.175s] GC(474) Pause Young (Normal) (G1 Evacuation Pause) 112M->37M(128M) 2.670ms
[2026-09-27T03:09:24.969+0530][264.600s] GC(475) Pause Young (Normal) (G1 Evacuation Pause) 112M->37M(128M) 2.013ms
[2026-09-27T03:09:25.410+0530][265.041s] GC(476) Pause Young (Normal) (G1 Evacuation Pause) 111M->37M(128M) 2.310ms
[2026-09-27T03:09:25.869+0530][265.500s] GC(477) Pause Young (Normal) (G1 Evacuation Pause) 112M->37M(128M) 2.468ms
[2026-09-27T03:09:26.216+0530][265.847s] GC(478) Pause Young (Normal) (G1 Evacuation Pause) 111M->37M(128M) 2.387ms
[2026-09-27T03:09:26.708+0530][266.339s] GC(479) Pause Young (Normal) (G1 Evacuation Pause) 111M->37M(128M) 2.134ms
[2026-09-27T03:09:27.189+0530][266.820s] GC(480) Pause Young (Normal) (G1 Evacuation Pause) 112M->37M(128M) 2.452ms
[2026-09-27T03:09:27.706+0530][267.337s] GC(481) Pause Young (Normal) (G1 Evacuation Pause) 112M->37M(128M) 2.143ms
[2026-09-27T03:09:28.206+0530][267.837s] GC(482) Pause Young (Normal) (G1 Evacuation Pause) 112M->37M(128M) 2.227ms
[2026-09-27T03:09:28.720+0530][268.351s] GC(483) Pause Young (Normal) (G1 Evacuation Pause) 112M->37M(128M) 2.306ms
[2026-09-27T03:09:29.217+0530][268.848s] GC(484) Pause Young (Normal) (G1 Evacuation Pause) 112M->37M(128M) 2.161ms
[2026-09-27T03:09:29.718+0530][269.349s] GC(485) Pause Young (Normal) (G1 Evacuation Pause) 112M->37M(128M) 2.451ms
[2026-09-27T03:09:30.210+0530][269.841s] GC(486) Pause Young (Normal) (G1 Evacuation Pause) 112M->38M(128M) 2.711ms
[2026-09-27T03:09:30.623+0530][270.255s] GC(487) Pause Young (Normal) (G1 Evacuation Pause) 112M->37M(128M) 2.251ms
[2026-09-27T03:09:31.231+0530][270.862s] GC(488) Pause Young (Normal) (G1 Evacuation Pause) 112M->37M(128M) 1.695ms
[2026-09-27T03:09:31.654+0530][271.285s] GC(489) Pause Young (Normal) (G1 Evacuation Pause) 112M->37M(128M) 2.143ms
[2026-09-27T03:09:32.246+0530][271.877s] GC(490) Pause Young (Normal) (G1 Evacuation Pause) 112M->37M(128M) 2.093ms
[2026-09-27T03:09:32.750+0530][272.381s] GC(491) Pause Young (Normal) (G1 Evacuation Pause) 112M->37M(128M) 1.976ms
[2026-09-27T03:09:33.266+0530][272.897s] GC(492) Pause Young (Normal) (G1 Evacuation Pause) 112M->37M(128M) 1.737ms
[2026-09-27T03:09:33.768+0530][273.400s] GC(493) Pause Young (Normal) (G1 Evacuation Pause) 112M->37M(128M) 2.003ms
[2026-09-27T03:09:34.277+0530][273.908s] GC(494) Pause Young (Normal) (G1 Evacuation Pause) 112M->37M(128M) 1.984ms
[2026-09-27T03:09:34.690+0530][274.322s] GC(495) Pause Young (Normal) (G1 Evacuation Pause) 112M->37M(128M) 2.193ms
[2026-09-27T03:09:35.278+0530][274.909s] GC(496) Pause Young (Normal) (G1 Evacuation Pause) 112M->37M(128M) 1.718ms
[2026-09-27T03:09:35.676+0530][275.308s] GC(497) Pause Young (Normal) (G1 Evacuation Pause) 112M->37M(128M) 1.871ms
[2026-09-27T03:09:36.179+0530][275.810s] GC(498) Pause Young (Normal) (G1 Evacuation Pause) 112M->37M(128M) 1.981ms
[2026-09-27T03:09:36.613+0530][276.244s] GC(499) Pause Young (Normal) (G1 Evacuation Pause) 112M->37M(128M) 1.772ms
[2026-09-27T03:09:37.185+0530][276.816s] GC(500) Pause Young (Normal) (G1 Evacuation Pause) 112M->37M(128M) 1.871ms
[2026-09-27T03:09:37.622+0530][277.252s] GC(501) Pause Young (Normal) (G1 Evacuation Pause) 112M->37M(128M) 2.057ms
[2026-09-27T03:09:38.198+0530][277.829s] GC(502) Pause Young (Normal) (G1 Evacuation Pause) 112M->37M(128M) 2.168ms
[2026-09-27T03:09:38.700+0530][278.330s] GC(503) Pause Young (Normal) (G1 Evacuation Pause) 112M->37M(128M) 2.325ms
[2026-09-27T03:09:39.211+0530][278.842s] GC(504) Pause Young (Normal) (G1 Evacuation Pause) 112M->38M(128M) 2.312ms
[2026-09-27T03:09:39.654+0530][279.285s] GC(505) Pause Young (Normal) (G1 Evacuation Pause) 113M->38M(128M) 2.667ms
[2026-09-27T03:09:40.144+0530][279.775s] GC(506) Pause Young (Normal) (G1 Evacuation Pause) 111M->37M(128M) 2.198ms
[2026-09-27T03:09:40.589+0530][280.221s] GC(507) Pause Young (Normal) (G1 Evacuation Pause) 111M->37M(128M) 2.013ms
[2026-09-27T03:09:40.907+0530][280.539s] GC(508) Pause Young (Normal) (G1 Evacuation Pause) 111M->38M(128M) 2.206ms
[2026-09-27T03:09:41.377+0530][281.008s] GC(509) Pause Young (Normal) (G1 Evacuation Pause) 112M->37M(128M) 2.250ms
[2026-09-27T03:09:41.852+0530][281.483s] GC(510) Pause Young (Normal) (G1 Evacuation Pause) 112M->37M(128M) 2.276ms
[2026-09-27T03:09:42.353+0530][281.985s] GC(511) Pause Young (Normal) (G1 Evacuation Pause) 112M->38M(128M) 2.242ms
[2026-09-27T03:09:42.787+0530][282.419s] GC(512) Pause Young (Normal) (G1 Evacuation Pause) 111M->38M(128M) 2.264ms
[2026-09-27T03:09:43.276+0530][282.908s] GC(513) Pause Young (Normal) (G1 Evacuation Pause) 111M->37M(128M) 2.045ms
[2026-09-27T03:09:43.817+0530][283.449s] GC(514) Pause Young (Normal) (G1 Evacuation Pause) 111M->38M(128M) 2.049ms
[2026-09-27T03:09:44.292+0530][283.923s] GC(515) Pause Young (Normal) (G1 Evacuation Pause) 112M->38M(128M) 2.015ms
[2026-09-27T03:09:44.799+0530][284.430s] GC(516) Pause Young (Normal) (G1 Evacuation Pause) 112M->38M(128M) 1.913ms
[2026-09-27T03:09:45.223+0530][284.854s] GC(517) Pause Young (Normal) (G1 Evacuation Pause) 113M->38M(128M) 2.128ms
[2026-09-27T03:09:45.768+0530][285.399s] GC(518) Pause Young (Normal) (G1 Evacuation Pause) 113M->37M(128M) 1.987ms
[2026-09-27T03:09:46.215+0530][285.846s] GC(519) Pause Young (Normal) (G1 Evacuation Pause) 112M->38M(128M) 2.198ms
[2026-09-27T03:09:46.721+0530][286.352s] GC(520) Pause Young (Normal) (G1 Evacuation Pause) 113M->38M(128M) 1.953ms
[2026-09-27T03:09:47.178+0530][286.809s] GC(521) Pause Young (Normal) (G1 Evacuation Pause) 113M->38M(128M) 1.667ms
[2026-09-27T03:09:47.726+0530][287.357s] GC(522) Pause Young (Normal) (G1 Evacuation Pause) 113M->37M(128M) 2.060ms
[2026-09-27T03:09:48.229+0530][287.860s] GC(523) Pause Young (Normal) (G1 Evacuation Pause) 112M->38M(128M) 1.797ms
[2026-09-27T03:09:48.755+0530][288.386s] GC(524) Pause Young (Normal) (G1 Evacuation Pause) 113M->38M(128M) 1.706ms
[2026-09-27T03:09:49.245+0530][288.877s] GC(525) Pause Young (Normal) (G1 Evacuation Pause) 113M->38M(128M) 1.962ms
[2026-09-27T03:09:49.754+0530][289.385s] GC(526) Pause Young (Normal) (G1 Evacuation Pause) 113M->38M(128M) 1.741ms
[2026-09-27T03:09:50.208+0530][289.840s] GC(527) Pause Young (Normal) (G1 Evacuation Pause) 113M->38M(128M) 1.856ms
[2026-09-27T03:09:50.715+0530][290.346s] GC(528) Pause Young (Normal) (G1 Evacuation Pause) 113M->38M(128M) 1.836ms
[2026-09-27T03:09:51.171+0530][290.802s] GC(529) Pause Young (Normal) (G1 Evacuation Pause) 113M->39M(128M) 2.112ms
[2026-09-27T03:09:51.638+0530][291.269s] GC(530) Pause Young (Normal) (G1 Evacuation Pause) 112M->38M(128M) 2.139ms
[2026-09-27T03:09:52.147+0530][291.779s] GC(531) Pause Young (Normal) (G1 Evacuation Pause) 112M->38M(128M) 2.055ms
[2026-09-27T03:09:52.549+0530][292.180s] GC(532) Pause Young (Normal) (G1 Evacuation Pause) 112M->38M(128M) 2.219ms
[2026-09-27T03:09:53.161+0530][292.792s] GC(533) Pause Young (Normal) (G1 Evacuation Pause) 112M->38M(128M) 2.165ms
[2026-09-27T03:09:53.564+0530][293.195s] GC(534) Pause Young (Normal) (G1 Evacuation Pause) 112M->38M(128M) 2.339ms
[2026-09-27T03:09:54.170+0530][293.801s] GC(535) Pause Young (Normal) (G1 Evacuation Pause) 112M->38M(128M) 2.319ms
[2026-09-27T03:09:54.569+0530][294.201s] GC(536) Pause Young (Normal) (G1 Evacuation Pause) 111M->38M(128M) 2.306ms
[2026-09-27T03:09:55.072+0530][294.704s] GC(537) Pause Young (Normal) (G1 Evacuation Pause) 112M->38M(128M) 2.144ms
[2026-09-27T03:09:55.502+0530][295.133s] GC(538) Pause Young (Normal) (G1 Evacuation Pause) 111M->38M(128M) 2.389ms
[2026-09-27T03:09:55.918+0530][295.549s] GC(539) Pause Young (Normal) (G1 Evacuation Pause) 111M->38M(128M) 2.472ms
[2026-09-27T03:09:56.346+0530][295.978s] GC(540) Pause Young (Normal) (G1 Evacuation Pause) 111M->38M(128M) 2.050ms
[2026-09-27T03:09:56.737+0530][296.369s] GC(541) Pause Young (Normal) (G1 Evacuation Pause) 113M->38M(128M) 2.329ms
[2026-09-27T03:09:57.233+0530][296.864s] GC(542) Pause Young (Normal) (G1 Evacuation Pause) 113M->38M(128M) 2.327ms
[2026-09-27T03:09:57.616+0530][297.248s] GC(543) Pause Young (Normal) (G1 Evacuation Pause) 113M->38M(128M) 2.273ms
[2026-09-27T03:09:58.122+0530][297.754s] GC(544) Pause Young (Normal) (G1 Evacuation Pause) 111M->38M(128M) 2.203ms
[2026-09-27T03:09:58.626+0530][298.257s] GC(545) Pause Young (Normal) (G1 Evacuation Pause) 113M->38M(128M) 2.243ms
[2026-09-27T03:09:59.138+0530][298.770s] GC(546) Pause Young (Normal) (G1 Evacuation Pause) 113M->38M(128M) 1.956ms
[2026-09-27T03:09:59.640+0530][299.271s] GC(547) Pause Young (Normal) (G1 Evacuation Pause) 113M->38M(128M) 2.200ms
[2026-09-27T03:10:00.148+0530][299.779s] GC(548) Pause Young (Normal) (G1 Evacuation Pause) 113M->38M(128M) 2.258ms
[2026-09-27T03:10:00.584+0530][300.216s] GC(549) Pause Young (Normal) (G1 Evacuation Pause) 112M->38M(128M) 1.883ms
[2026-09-27T03:10:01.091+0530][300.723s] GC(550) Pause Young (Normal) (G1 Evacuation Pause) 112M->38M(128M) 2.196ms
[2026-09-27T03:10:01.588+0530][301.220s] GC(551) Pause Young (Normal) (G1 Evacuation Pause) 112M->39M(128M) 2.284ms
[2026-09-27T03:10:02.003+0530][301.634s] GC(552) Pause Young (Normal) (G1 Evacuation Pause) 111M->38M(128M) 2.018ms
[2026-09-27T03:10:02.515+0530][302.146s] GC(553) Pause Young (Normal) (G1 Evacuation Pause) 111M->38M(128M) 1.791ms
[2026-09-27T03:10:02.956+0530][302.587s] GC(554) Pause Young (Normal) (G1 Evacuation Pause) 111M->38M(128M) 1.800ms
[2026-09-27T03:10:03.512+0530][303.143s] GC(555) Pause Young (Normal) (G1 Evacuation Pause) 111M->38M(128M) 1.875ms
[2026-09-27T03:10:03.948+0530][303.580s] GC(556) Pause Young (Normal) (G1 Evacuation Pause) 111M->38M(128M) 1.816ms
[2026-09-27T03:10:04.473+0530][304.103s] GC(557) Pause Young (Normal) (G1 Evacuation Pause) 111M->38M(128M) 1.709ms
[2026-09-27T03:10:04.941+0530][304.572s] GC(558) Pause Young (Normal) (G1 Evacuation Pause) 112M->38M(128M) 1.860ms
[2026-09-27T03:10:05.447+0530][305.078s] GC(559) Pause Young (Normal) (G1 Evacuation Pause) 112M->38M(128M) 1.940ms
[2026-09-27T03:10:05.932+0530][305.562s] GC(560) Pause Young (Normal) (G1 Evacuation Pause) 112M->38M(128M) 1.676ms
[2026-09-27T03:10:06.371+0530][306.002s] GC(561) Pause Young (Normal) (G1 Evacuation Pause) 112M->38M(128M) 2.017ms
[2026-09-27T03:10:06.859+0530][306.490s] GC(562) Pause Young (Normal) (G1 Evacuation Pause) 112M->39M(128M) 2.162ms
[2026-09-27T03:10:07.238+0530][306.870s] GC(563) Pause Young (Normal) (G1 Evacuation Pause) 113M->38M(128M) 2.587ms
[2026-09-27T03:10:07.758+0530][307.389s] GC(564) Pause Young (Normal) (G1 Evacuation Pause) 112M->39M(128M) 2.163ms
[2026-09-27T03:10:08.231+0530][307.862s] GC(565) Pause Young (Normal) (G1 Evacuation Pause) 112M->39M(128M) 2.173ms
[2026-09-27T03:10:08.738+0530][308.370s] GC(566) Pause Young (Normal) (G1 Evacuation Pause) 112M->39M(128M) 2.391ms
[2026-09-27T03:10:09.193+0530][308.824s] GC(567) Pause Young (Normal) (G1 Evacuation Pause) 112M->39M(128M) 2.367ms
[2026-09-27T03:10:09.713+0530][309.344s] GC(568) Pause Young (Normal) (G1 Evacuation Pause) 111M->39M(128M) 2.637ms
[2026-09-27T03:10:10.105+0530][309.736s] GC(569) Pause Young (Normal) (G1 Evacuation Pause) 111M->39M(128M) 2.375ms
[2026-09-27T03:10:10.599+0530][310.230s] GC(570) Pause Young (Normal) (G1 Evacuation Pause) 111M->39M(128M) 2.204ms
[2026-09-27T03:10:11.014+0530][310.646s] GC(571) Pause Young (Normal) (G1 Evacuation Pause) 111M->39M(128M) 2.222ms
[2026-09-27T03:10:11.452+0530][311.083s] GC(572) Pause Young (Normal) (G1 Evacuation Pause) 111M->39M(128M) 2.550ms
[2026-09-27T03:10:11.913+0530][311.544s] GC(573) Pause Young (Normal) (G1 Evacuation Pause) 111M->39M(128M) 2.412ms
[2026-09-27T03:10:12.223+0530][311.854s] GC(574) Pause Young (Normal) (G1 Evacuation Pause) 111M->39M(128M) 2.617ms
[2026-09-27T03:10:12.656+0530][312.288s] GC(575) Pause Young (Normal) (G1 Evacuation Pause) 111M->39M(128M) 2.614ms
[2026-09-27T03:10:13.110+0530][312.741s] GC(576) Pause Young (Normal) (G1 Evacuation Pause) 111M->40M(128M) 2.914ms
[2026-09-27T03:10:13.569+0530][313.201s] GC(577) Pause Young (Normal) (G1 Evacuation Pause) 110M->39M(128M) 2.499ms
[2026-09-27T03:10:14.078+0530][313.710s] GC(578) Pause Young (Normal) (G1 Evacuation Pause) 111M->39M(128M) 2.302ms
[2026-09-27T03:10:14.575+0530][314.206s] GC(579) Pause Young (Normal) (G1 Evacuation Pause) 112M->39M(128M) 2.411ms
[2026-09-27T03:10:15.080+0530][314.711s] GC(580) Pause Young (Normal) (G1 Evacuation Pause) 112M->39M(128M) 2.241ms
[2026-09-27T03:10:15.543+0530][315.175s] GC(581) Pause Young (Normal) (G1 Evacuation Pause) 113M->39M(128M) 2.153ms
[2026-09-27T03:10:16.086+0530][315.717s] GC(582) Pause Young (Normal) (G1 Evacuation Pause) 113M->39M(128M) 1.947ms
[2026-09-27T03:10:16.490+0530][316.121s] GC(583) Pause Young (Normal) (G1 Evacuation Pause) 113M->39M(128M) 2.185ms
[2026-09-27T03:10:16.993+0530][316.624s] GC(584) Pause Young (Normal) (G1 Evacuation Pause) 112M->39M(128M) 2.373ms
[2026-09-27T03:10:17.352+0530][316.983s] GC(585) Pause Young (Normal) (G1 Evacuation Pause) 112M->39M(128M) 1.818ms
[2026-09-27T03:10:17.852+0530][317.484s] GC(586) Pause Young (Normal) (G1 Evacuation Pause) 112M->39M(128M) 2.256ms
[2026-09-27T03:10:18.332+0530][317.963s] GC(587) Pause Young (Normal) (G1 Evacuation Pause) 112M->40M(128M) 2.122ms
[2026-09-27T03:10:18.808+0530][318.439s] GC(588) Pause Young (Normal) (G1 Evacuation Pause) 111M->39M(128M) 1.921ms
[2026-09-27T03:10:19.321+0530][318.952s] GC(589) Pause Young (Normal) (G1 Evacuation Pause) 111M->39M(128M) 1.922ms
[2026-09-27T03:10:19.738+0530][319.369s] GC(590) Pause Young (Normal) (G1 Evacuation Pause) 111M->39M(128M) 2.092ms
[2026-09-27T03:10:20.246+0530][319.877s] GC(591) Pause Young (Normal) (G1 Evacuation Pause) 111M->39M(128M) 1.940ms
[2026-09-27T03:10:20.724+0530][320.356s] GC(592) Pause Young (Normal) (G1 Evacuation Pause) 112M->39M(128M) 1.993ms
[2026-09-27T03:10:21.229+0530][320.860s] GC(593) Pause Young (Normal) (G1 Evacuation Pause) 112M->39M(128M) 1.804ms
[2026-09-27T03:10:21.661+0530][321.292s] GC(594) Pause Young (Normal) (G1 Evacuation Pause) 112M->39M(128M) 2.302ms
[2026-09-27T03:10:22.174+0530][321.805s] GC(595) Pause Young (Normal) (G1 Evacuation Pause) 112M->39M(128M) 2.289ms
[2026-09-27T03:10:22.564+0530][322.195s] GC(596) Pause Young (Normal) (G1 Evacuation Pause) 112M->40M(128M) 2.253ms
[2026-09-27T03:10:23.057+0530][322.688s] GC(597) Pause Young (Normal) (G1 Evacuation Pause) 112M->40M(128M) 2.573ms
[2026-09-27T03:10:23.558+0530][323.189s] GC(598) Pause Young (Normal) (G1 Evacuation Pause) 112M->40M(128M) 2.417ms
[2026-09-27T03:10:23.953+0530][323.584s] GC(599) Pause Young (Normal) (G1 Evacuation Pause) 111M->40M(128M) 2.169ms
[2026-09-27T03:10:24.457+0530][324.089s] GC(600) Pause Young (Normal) (G1 Evacuation Pause) 112M->40M(128M) 2.210ms
[2026-09-27T03:10:24.910+0530][324.541s] GC(601) Pause Young (Normal) (G1 Evacuation Pause) 112M->40M(128M) 2.312ms
[2026-09-27T03:10:25.381+0530][325.011s] GC(602) Pause Young (Normal) (G1 Evacuation Pause) 111M->40M(128M) 2.153ms
[2026-09-27T03:10:25.762+0530][325.393s] GC(603) Pause Young (Normal) (G1 Evacuation Pause) 111M->40M(128M) 2.204ms
[2026-09-27T03:10:26.231+0530][325.862s] GC(604) Pause Young (Normal) (G1 Evacuation Pause) 113M->40M(128M) 2.279ms
[2026-09-27T03:10:26.669+0530][326.300s] GC(605) Pause Young (Normal) (G1 Evacuation Pause) 113M->41M(128M) 3.011ms
[2026-09-27T03:10:27.096+0530][326.727s] GC(606) Pause Young (Normal) (G1 Evacuation Pause) 112M->40M(128M) 2.522ms
[2026-09-27T03:10:27.500+0530][327.132s] GC(607) Pause Young (Normal) (G1 Evacuation Pause) 112M->40M(128M) 2.341ms
[2026-09-27T03:10:27.895+0530][327.526s] GC(608) Pause Young (Normal) (G1 Evacuation Pause) 112M->40M(128M) 2.360ms
[2026-09-27T03:10:28.297+0530][327.928s] GC(609) Pause Young (Normal) (G1 Evacuation Pause) 112M->40M(128M) 2.592ms
[2026-09-27T03:10:28.795+0530][328.425s] GC(610) Pause Young (Normal) (G1 Evacuation Pause) 112M->41M(128M) 2.712ms
[2026-09-27T03:10:29.255+0530][328.887s] GC(611) Pause Young (Normal) (G1 Evacuation Pause) 112M->40M(128M) 2.159ms
[2026-09-27T03:10:29.759+0530][329.390s] GC(612) Pause Young (Normal) (G1 Evacuation Pause) 112M->40M(128M) 2.155ms
[2026-09-27T03:10:30.226+0530][329.858s] GC(613) Pause Young (Normal) (G1 Evacuation Pause) 112M->40M(128M) 1.894ms
[2026-09-27T03:10:30.731+0530][330.363s] GC(614) Pause Young (Normal) (G1 Evacuation Pause) 112M->40M(128M) 2.030ms
[2026-09-27T03:10:31.153+0530][330.785s] GC(615) Pause Young (Normal) (G1 Evacuation Pause) 112M->40M(128M) 1.741ms
[2026-09-27T03:10:31.694+0530][331.325s] GC(616) Pause Young (Normal) (G1 Evacuation Pause) 113M->40M(128M) 1.799ms
[2026-09-27T03:10:32.059+0530][331.691s] GC(617) Pause Young (Normal) (G1 Evacuation Pause) 113M->40M(128M) 1.806ms
[2026-09-27T03:10:32.571+0530][332.202s] GC(618) Pause Young (Normal) (G1 Evacuation Pause) 113M->40M(128M) 1.970ms
[2026-09-27T03:10:33.001+0530][332.633s] GC(619) Pause Young (Normal) (G1 Evacuation Pause) 113M->41M(128M) 2.283ms
[2026-09-27T03:10:33.467+0530][333.098s] GC(620) Pause Young (Normal) (G1 Evacuation Pause) 112M->40M(128M) 2.206ms
[2026-09-27T03:10:33.972+0530][333.603s] GC(621) Pause Young (Normal) (G1 Evacuation Pause) 112M->40M(128M) 1.906ms
[2026-09-27T03:10:34.384+0530][334.015s] GC(622) Pause Young (Normal) (G1 Evacuation Pause) 112M->40M(128M) 1.577ms
[2026-09-27T03:10:34.884+0530][334.516s] GC(623) Pause Young (Normal) (G1 Evacuation Pause) 112M->40M(128M) 1.719ms
[2026-09-27T03:10:35.357+0530][334.988s] GC(624) Pause Young (Normal) (G1 Evacuation Pause) 112M->40M(128M) 1.751ms
[2026-09-27T03:10:35.863+0530][335.494s] GC(625) Pause Young (Normal) (G1 Evacuation Pause) 113M->40M(128M) 1.658ms
[2026-09-27T03:10:36.323+0530][335.955s] GC(626) Pause Young (Normal) (G1 Evacuation Pause) 113M->40M(128M) 1.867ms
[2026-09-27T03:10:36.827+0530][336.458s] GC(627) Pause Young (Normal) (G1 Evacuation Pause) 113M->40M(128M) 1.955ms
[2026-09-27T03:10:37.264+0530][336.895s] GC(628) Pause Young (Normal) (G1 Evacuation Pause) 113M->40M(128M) 1.992ms
[2026-09-27T03:10:37.768+0530][337.399s] GC(629) Pause Young (Normal) (G1 Evacuation Pause) 113M->40M(128M) 2.466ms
[2026-09-27T03:10:38.207+0530][337.838s] GC(630) Pause Young (Normal) (G1 Evacuation Pause) 113M->41M(128M) 2.595ms
[2026-09-27T03:10:38.619+0530][338.250s] GC(631) Pause Young (Normal) (G1 Evacuation Pause) 111M->40M(128M) 2.402ms
[2026-09-27T03:10:39.119+0530][338.750s] GC(632) Pause Young (Normal) (G1 Evacuation Pause) 112M->40M(128M) 2.216ms
[2026-09-27T03:10:39.575+0530][339.207s] GC(633) Pause Young (Normal) (G1 Evacuation Pause) 112M->40M(128M) 2.461ms
[2026-09-27T03:10:40.039+0530][339.670s] GC(634) Pause Young (Normal) (G1 Evacuation Pause) 112M->40M(128M) 2.241ms
[2026-09-27T03:10:40.447+0530][340.079s] GC(635) Pause Young (Normal) (G1 Evacuation Pause) 112M->40M(128M) 2.023ms
[2026-09-27T03:10:40.922+0530][340.553s] GC(636) Pause Young (Normal) (G1 Evacuation Pause) 112M->40M(128M) 2.223ms
[2026-09-27T03:10:41.378+0530][341.010s] GC(637) Pause Young (Normal) (G1 Evacuation Pause) 112M->40M(128M) 2.052ms
[2026-09-27T03:10:41.832+0530][341.463s] GC(638) Pause Young (Normal) (G1 Evacuation Pause) 113M->40M(128M) 2.378ms
[2026-09-27T03:10:42.287+0530][341.918s] GC(639) Pause Young (Normal) (G1 Evacuation Pause) 113M->41M(128M) 2.364ms
[2026-09-27T03:10:42.617+0530][342.249s] GC(640) Pause Young (Normal) (G1 Evacuation Pause) 112M->40M(128M) 2.421ms
[2026-09-27T03:10:43.100+0530][342.731s] GC(641) Pause Young (Normal) (G1 Evacuation Pause) 113M->40M(128M) 2.327ms
[2026-09-27T03:10:43.460+0530][343.092s] GC(642) Pause Young (Normal) (G1 Evacuation Pause) 112M->41M(128M) 1.802ms
[2026-09-27T03:10:43.930+0530][343.562s] GC(643) Pause Young (Normal) (G1 Evacuation Pause) 113M->40M(128M) 2.496ms
[2026-09-27T03:10:44.435+0530][344.066s] GC(644) Pause Young (Normal) (G1 Evacuation Pause) 112M->40M(128M) 2.214ms
[2026-09-27T03:10:44.886+0530][344.516s] GC(645) Pause Young (Normal) (G1 Evacuation Pause) 112M->40M(128M) 2.036ms
[2026-09-27T03:10:45.387+0530][345.018s] GC(646) Pause Young (Normal) (G1 Evacuation Pause) 112M->41M(128M) 1.938ms
[2026-09-27T03:10:45.832+0530][345.463s] GC(647) Pause Young (Normal) (G1 Evacuation Pause) 113M->40M(128M) 1.681ms
[2026-09-27T03:10:46.335+0530][345.966s] GC(648) Pause Young (Normal) (G1 Evacuation Pause) 112M->40M(128M) 1.747ms
[2026-09-27T03:10:46.757+0530][346.388s] GC(649) Pause Young (Normal) (G1 Evacuation Pause) 112M->40M(128M) 1.863ms
[2026-09-27T03:10:47.270+0530][346.901s] GC(650) Pause Young (Normal) (G1 Evacuation Pause) 112M->41M(128M) 2.073ms
[2026-09-27T03:10:47.679+0530][347.310s] GC(651) Pause Young (Normal) (G1 Evacuation Pause) 113M->40M(128M) 1.885ms
[2026-09-27T03:10:48.179+0530][347.810s] GC(652) Pause Young (Normal) (G1 Evacuation Pause) 112M->40M(128M) 2.162ms
[2026-09-27T03:10:48.603+0530][348.234s] GC(653) Pause Young (Normal) (G1 Evacuation Pause) 112M->41M(128M) 1.949ms
[2026-09-27T03:10:49.007+0530][348.638s] GC(654) Pause Young (Normal) (G1 Evacuation Pause) 111M->41M(128M) 2.320ms
[2026-09-27T03:10:49.499+0530][349.130s] GC(655) Pause Young (Normal) (G1 Evacuation Pause) 112M->41M(128M) 1.925ms
[2026-09-27T03:10:49.950+0530][349.581s] GC(656) Pause Young (Normal) (G1 Evacuation Pause) 112M->40M(128M) 1.789ms
[2026-09-27T03:10:50.449+0530][350.080s] GC(657) Pause Young (Normal) (G1 Evacuation Pause) 111M->40M(128M) 1.899ms
[2026-09-27T03:10:50.896+0530][350.527s] GC(658) Pause Young (Normal) (G1 Evacuation Pause) 112M->40M(128M) 1.632ms
[2026-09-27T03:10:51.407+0530][351.038s] GC(659) Pause Young (Normal) (G1 Evacuation Pause) 112M->40M(128M) 1.741ms
[2026-09-27T03:10:51.836+0530][351.467s] GC(660) Pause Young (Normal) (G1 Evacuation Pause) 112M->40M(128M) 1.710ms
[2026-09-27T03:10:52.339+0530][351.971s] GC(661) Pause Young (Normal) (G1 Evacuation Pause) 112M->41M(128M) 1.976ms
[2026-09-27T03:10:52.780+0530][352.411s] GC(662) Pause Young (Normal) (G1 Evacuation Pause) 113M->42M(128M) 2.295ms
[2026-09-27T03:10:53.247+0530][352.878s] GC(663) Pause Young (Normal) (G1 Evacuation Pause) 112M->41M(128M) 2.423ms
[2026-09-27T03:10:53.759+0530][353.390s] GC(664) Pause Young (Normal) (G1 Evacuation Pause) 112M->41M(128M) 1.913ms
[2026-09-27T03:10:54.061+0530][353.693s] GC(665) Pause Young (Normal) (G1 Evacuation Pause) 112M->41M(128M) 2.097ms
[2026-09-27T03:10:54.538+0530][354.169s] GC(666) Pause Young (Normal) (G1 Evacuation Pause) 112M->41M(128M) 2.697ms
[2026-09-27T03:10:54.958+0530][354.589s] GC(667) Pause Young (Normal) (G1 Evacuation Pause) 112M->41M(128M) 2.018ms
[2026-09-27T03:10:55.453+0530][355.084s] GC(668) Pause Young (Normal) (G1 Evacuation Pause) 112M->41M(128M) 2.310ms
[2026-09-27T03:10:55.903+0530][355.534s] GC(669) Pause Young (Normal) (G1 Evacuation Pause) 113M->41M(128M) 2.313ms
[2026-09-27T03:10:56.314+0530][355.945s] GC(670) Pause Young (Normal) (G1 Evacuation Pause) 113M->41M(128M) 2.175ms
[2026-09-27T03:10:56.791+0530][356.422s] GC(671) Pause Young (Normal) (G1 Evacuation Pause) 111M->41M(128M) 2.125ms
[2026-09-27T03:10:57.157+0530][356.788s] GC(672) Pause Young (Normal) (G1 Evacuation Pause) 113M->41M(128M) 2.147ms
[2026-09-27T03:10:57.587+0530][357.218s] GC(673) Pause Young (Normal) (G1 Evacuation Pause) 113M->41M(128M) 2.263ms
[2026-09-27T03:10:58.011+0530][357.642s] GC(674) Pause Young (Normal) (G1 Evacuation Pause) 113M->42M(128M) 2.642ms
[2026-09-27T03:10:58.420+0530][358.051s] GC(675) Pause Young (Normal) (G1 Evacuation Pause) 112M->41M(128M) 2.209ms
[2026-09-27T03:10:58.920+0530][358.550s] GC(676) Pause Young (Normal) (G1 Evacuation Pause) 112M->41M(128M) 2.187ms
[2026-09-27T03:10:59.312+0530][358.943s] GC(677) Pause Young (Normal) (G1 Evacuation Pause) 112M->41M(128M) 2.122ms
[2026-09-27T03:10:59.691+0530][359.322s] GC(678) Pause Young (Normal) (G1 Evacuation Pause) 112M->41M(128M) 2.195ms
[2026-09-27T03:11:00.181+0530][359.813s] GC(679) Pause Young (Normal) (G1 Evacuation Pause) 112M->41M(128M) 1.896ms
[2026-09-27T03:11:00.652+0530][360.283s] GC(680) Pause Young (Normal) (G1 Evacuation Pause) 112M->41M(128M) 2.099ms
[2026-09-27T03:11:01.131+0530][360.762s] GC(681) Pause Young (Normal) (G1 Evacuation Pause) 112M->41M(128M) 1.745ms
[2026-09-27T03:11:01.614+0530][361.246s] GC(682) Pause Young (Normal) (G1 Evacuation Pause) 112M->41M(128M) 1.610ms
[2026-09-27T03:11:02.094+0530][361.725s] GC(683) Pause Young (Normal) (G1 Evacuation Pause) 112M->41M(128M) 1.803ms
[2026-09-27T03:11:02.535+0530][362.165s] GC(684) Pause Young (Normal) (G1 Evacuation Pause) 112M->41M(128M) 1.760ms
[2026-09-27T03:11:03.034+0530][362.665s] GC(685) Pause Young (Normal) (G1 Evacuation Pause) 112M->41M(128M) 1.730ms
[2026-09-27T03:11:03.405+0530][363.036s] GC(686) Pause Young (Normal) (G1 Evacuation Pause) 112M->41M(128M) 1.571ms
[2026-09-27T03:11:03.906+0530][363.537s] GC(687) Pause Young (Normal) (G1 Evacuation Pause) 112M->41M(128M) 2.086ms
[2026-09-27T03:11:04.334+0530][363.965s] GC(688) Pause Young (Normal) (G1 Evacuation Pause) 112M->42M(128M) 2.251ms
[2026-09-27T03:11:04.729+0530][364.360s] GC(689) Pause Young (Normal) (G1 Evacuation Pause) 111M->41M(128M) 2.217ms
[2026-09-27T03:11:05.198+0530][364.830s] GC(690) Pause Young (Normal) (G1 Evacuation Pause) 111M->41M(128M) 1.786ms
[2026-09-27T03:11:05.640+0530][365.271s] GC(691) Pause Young (Normal) (G1 Evacuation Pause) 111M->41M(128M) 1.736ms
[2026-09-27T03:11:06.134+0530][365.765s] GC(692) Pause Young (Normal) (G1 Evacuation Pause) 111M->41M(128M) 1.839ms
[2026-09-27T03:11:06.578+0530][366.208s] GC(693) Pause Young (Normal) (G1 Evacuation Pause) 111M->41M(128M) 1.744ms
[2026-09-27T03:11:07.028+0530][366.659s] GC(694) Pause Young (Normal) (G1 Evacuation Pause) 111M->41M(128M) 1.874ms
[2026-09-27T03:11:07.468+0530][367.099s] GC(695) Pause Young (Normal) (G1 Evacuation Pause) 111M->42M(128M) 2.755ms
[2026-09-27T03:11:07.922+0530][367.553s] GC(696) Pause Young (Normal) (G1 Evacuation Pause) 110M->42M(128M) 2.241ms
[2026-09-27T03:11:08.422+0530][368.054s] GC(697) Pause Young (Normal) (G1 Evacuation Pause) 111M->42M(128M) 2.313ms
[2026-09-27T03:11:08.780+0530][368.411s] GC(698) Pause Young (Normal) (G1 Evacuation Pause) 112M->41M(128M) 2.382ms
[2026-09-27T03:11:09.219+0530][368.850s] GC(699) Pause Young (Normal) (G1 Evacuation Pause) 111M->41M(128M) 2.406ms
[2026-09-27T03:11:09.614+0530][369.245s] GC(700) Pause Young (Normal) (G1 Evacuation Pause) 111M->42M(128M) 2.001ms
[2026-09-27T03:11:10.078+0530][369.710s] GC(701) Pause Young (Normal) (G1 Evacuation Pause) 112M->42M(128M) 2.337ms
[2026-09-27T03:11:10.578+0530][370.209s] GC(702) Pause Young (Normal) (G1 Evacuation Pause) 112M->42M(128M) 2.242ms
[2026-09-27T03:11:10.974+0530][370.604s] GC(703) Pause Young (Normal) (G1 Evacuation Pause) 112M->42M(128M) 2.143ms
[2026-09-27T03:11:11.331+0530][370.962s] GC(704) Pause Young (Normal) (G1 Evacuation Pause) 113M->42M(128M) 2.166ms
[2026-09-27T03:11:11.790+0530][371.421s] GC(705) Pause Young (Normal) (G1 Evacuation Pause) 113M->42M(128M) 2.150ms
[2026-09-27T03:11:12.252+0530][371.884s] GC(706) Pause Young (Normal) (G1 Evacuation Pause) 113M->42M(128M) 2.247ms
[2026-09-27T03:11:12.676+0530][372.307s] GC(707) Pause Young (Normal) (G1 Evacuation Pause) 113M->42M(128M) 2.011ms
[2026-09-27T03:11:13.107+0530][372.737s] GC(708) Pause Young (Normal) (G1 Evacuation Pause) 113M->42M(128M) 2.048ms
[2026-09-27T03:11:13.532+0530][373.163s] GC(709) Pause Young (Normal) (G1 Evacuation Pause) 113M->42M(128M) 2.075ms
[2026-09-27T03:11:13.861+0530][373.492s] GC(710) Pause Young (Normal) (G1 Evacuation Pause) 113M->42M(128M) 1.912ms
[2026-09-27T03:11:14.359+0530][373.990s] GC(711) Pause Young (Normal) (G1 Evacuation Pause) 113M->42M(128M) 2.223ms
[2026-09-27T03:11:14.812+0530][374.443s] GC(712) Pause Young (Normal) (G1 Evacuation Pause) 113M->43M(128M) 2.599ms
[2026-09-27T03:11:15.248+0530][374.879s] GC(713) Pause Young (Normal) (G1 Evacuation Pause) 112M->42M(128M) 2.192ms
[2026-09-27T03:11:15.680+0530][375.312s] GC(714) Pause Young (Normal) (G1 Evacuation Pause) 112M->42M(128M) 2.124ms
[2026-09-27T03:11:16.133+0530][375.765s] GC(715) Pause Young (Normal) (G1 Evacuation Pause) 112M->42M(128M) 1.878ms
[2026-09-27T03:11:16.631+0530][376.263s] GC(716) Pause Young (Normal) (G1 Evacuation Pause) 112M->42M(128M) 1.780ms
[2026-09-27T03:11:17.042+0530][376.674s] GC(717) Pause Young (Normal) (G1 Evacuation Pause) 112M->42M(128M) 1.822ms
[2026-09-27T03:11:17.546+0530][377.178s] GC(718) Pause Young (Normal) (G1 Evacuation Pause) 113M->42M(128M) 1.733ms
[2026-09-27T03:11:17.910+0530][377.542s] GC(719) Pause Young (Normal) (G1 Evacuation Pause) 113M->43M(128M) 1.883ms
[2026-09-27T03:11:18.397+0530][378.029s] GC(720) Pause Young (Normal) (G1 Evacuation Pause) 112M->42M(128M) 1.772ms
[2026-09-27T03:11:18.894+0530][378.526s] GC(721) Pause Young (Normal) (G1 Evacuation Pause) 112M->42M(128M) 1.693ms
[2026-09-27T03:11:19.303+0530][378.934s] GC(722) Pause Young (Normal) (G1 Evacuation Pause) 112M->42M(128M) 1.741ms
[2026-09-27T03:11:19.796+0530][379.427s] GC(723) Pause Young (Normal) (G1 Evacuation Pause) 112M->42M(128M) 2.012ms
[2026-09-27T03:11:20.179+0530][379.811s] GC(724) Pause Young (Normal) (G1 Evacuation Pause) 112M->42M(128M) 1.780ms
[2026-09-27T03:11:20.602+0530][380.233s] GC(725) Pause Young (Normal) (G1 Evacuation Pause) 113M->42M(128M) 2.037ms
[2026-09-27T03:11:21.089+0530][380.719s] GC(726) Pause Young (Normal) (G1 Evacuation Pause) 113M->43M(128M) 2.298ms
[2026-09-27T03:11:21.447+0530][381.078s] GC(727) Pause Young (Normal) (G1 Evacuation Pause) 111M->42M(128M) 2.065ms
[2026-09-27T03:11:21.943+0530][381.574s] GC(728) Pause Young (Normal) (G1 Evacuation Pause) 112M->42M(128M) 1.775ms
[2026-09-27T03:11:22.382+0530][382.013s] GC(729) Pause Young (Normal) (G1 Evacuation Pause) 112M->42M(128M) 2.225ms
[2026-09-27T03:11:22.882+0530][382.512s] GC(730) Pause Young (Normal) (G1 Evacuation Pause) 112M->42M(128M) 1.947ms
[2026-09-27T03:11:23.267+0530][382.898s] GC(731) Pause Young (Normal) (G1 Evacuation Pause) 112M->42M(128M) 1.732ms
[2026-09-27T03:11:23.765+0530][383.396s] GC(732) Pause Young (Normal) (G1 Evacuation Pause) 112M->42M(128M) 1.764ms
[2026-09-27T03:11:24.241+0530][383.872s] GC(733) Pause Young (Normal) (G1 Evacuation Pause) 112M->42M(128M) 2.267ms
[2026-09-27T03:11:24.627+0530][384.258s] GC(734) Pause Young (Normal) (G1 Evacuation Pause) 111M->42M(128M) 2.107ms
[2026-09-27T03:11:25.134+0530][384.765s] GC(735) Pause Young (Normal) (G1 Evacuation Pause) 112M->42M(128M) 2.088ms
[2026-09-27T03:11:25.467+0530][385.099s] GC(736) Pause Young (Normal) (G1 Evacuation Pause) 113M->42M(128M) 1.929ms
[2026-09-27T03:11:25.903+0530][385.534s] GC(737) Pause Young (Normal) (G1 Evacuation Pause) 111M->42M(128M) 2.266ms
[2026-09-27T03:11:26.316+0530][385.947s] GC(738) Pause Young (Normal) (G1 Evacuation Pause) 113M->42M(128M) 1.944ms
[2026-09-27T03:11:26.728+0530][386.359s] GC(739) Pause Young (Normal) (G1 Evacuation Pause) 111M->42M(128M) 2.125ms
[2026-09-27T03:11:27.180+0530][386.811s] GC(740) Pause Young (Normal) (G1 Evacuation Pause) 113M->42M(128M) 2.280ms
[2026-09-27T03:11:27.536+0530][387.167s] GC(741) Pause Young (Normal) (G1 Evacuation Pause) 113M->42M(128M) 2.230ms
[2026-09-27T03:11:27.944+0530][387.575s] GC(742) Pause Young (Normal) (G1 Evacuation Pause) 113M->42M(128M) 2.264ms
[2026-09-27T03:11:28.431+0530][388.062s] GC(743) Pause Young (Normal) (G1 Evacuation Pause) 113M->42M(128M) 2.220ms
[2026-09-27T03:11:28.833+0530][388.464s] GC(744) Pause Young (Normal) (G1 Evacuation Pause) 113M->42M(128M) 2.143ms
[2026-09-27T03:11:29.321+0530][388.951s] GC(745) Pause Young (Normal) (G1 Evacuation Pause) 113M->42M(128M) 2.298ms
[2026-09-27T03:11:29.728+0530][389.360s] GC(746) Pause Young (Normal) (G1 Evacuation Pause) 112M->42M(128M) 1.950ms
[2026-09-27T03:11:30.228+0530][389.859s] GC(747) Pause Young (Normal) (G1 Evacuation Pause) 112M->42M(128M) 2.036ms
[2026-09-27T03:11:30.592+0530][390.223s] GC(748) Pause Young (Normal) (G1 Evacuation Pause) 112M->42M(128M) 1.765ms
[2026-09-27T03:11:30.980+0530][390.611s] GC(749) Pause Young (Normal) (G1 Evacuation Pause) 112M->42M(128M) 2.058ms
[2026-09-27T03:11:31.481+0530][391.111s] GC(750) Pause Young (Normal) (G1 Evacuation Pause) 112M->43M(128M) 1.920ms
[2026-09-27T03:11:31.875+0530][391.507s] GC(751) Pause Young (Normal) (G1 Evacuation Pause) 113M->42M(128M) 1.666ms
[2026-09-27T03:11:32.351+0530][391.982s] GC(752) Pause Young (Normal) (G1 Evacuation Pause) 112M->42M(128M) 1.703ms
[2026-09-27T03:11:32.832+0530][392.463s] GC(753) Pause Young (Normal) (G1 Evacuation Pause) 112M->43M(128M) 2.029ms
[2026-09-27T03:11:33.296+0530][392.927s] GC(754) Pause Young (Normal) (G1 Evacuation Pause) 111M->43M(128M) 1.774ms
[2026-09-27T03:11:33.650+0530][393.281s] GC(755) Pause Young (Normal) (G1 Evacuation Pause) 112M->42M(128M) 1.802ms
[2026-09-27T03:11:34.146+0530][393.777s] GC(756) Pause Young (Normal) (G1 Evacuation Pause) 111M->42M(128M) 1.722ms
[2026-09-27T03:11:34.562+0530][394.193s] GC(757) Pause Young (Normal) (G1 Evacuation Pause) 112M->42M(128M) 2.031ms
[2026-09-27T03:11:35.041+0530][394.672s] GC(758) Pause Young (Normal) (G1 Evacuation Pause) 112M->42M(128M) 1.679ms
[2026-09-27T03:11:35.429+0530][395.061s] GC(759) Pause Young (Normal) (G1 Evacuation Pause) 112M->42M(128M) 2.049ms
[2026-09-27T03:11:35.905+0530][395.537s] GC(760) Pause Young (Normal) (G1 Evacuation Pause) 112M->43M(128M) 1.569ms
[2026-09-27T03:11:36.352+0530][395.983s] GC(761) Pause Young (Normal) (G1 Evacuation Pause) 113M->43M(128M) 2.258ms
[2026-09-27T03:11:36.691+0530][396.323s] GC(762) Pause Young (Normal) (G1 Evacuation Pause) 113M->43M(128M) 2.118ms
[2026-09-27T03:11:37.103+0530][396.734s] GC(763) Pause Young (Normal) (G1 Evacuation Pause) 113M->43M(128M) 1.941ms
[2026-09-27T03:11:37.588+0530][397.218s] GC(764) Pause Young (Normal) (G1 Evacuation Pause) 113M->43M(128M) 2.574ms
[2026-09-27T03:11:38.070+0530][397.702s] GC(765) Pause Young (Normal) (G1 Evacuation Pause) 113M->43M(128M) 2.400ms
[2026-09-27T03:11:38.452+0530][398.084s] GC(766) Pause Young (Normal) (G1 Evacuation Pause) 111M->43M(128M) 2.258ms
[2026-09-27T03:11:38.940+0530][398.572s] GC(767) Pause Young (Normal) (G1 Evacuation Pause) 112M->43M(128M) 1.760ms
[2026-09-27T03:11:39.414+0530][399.046s] GC(768) Pause Young (Normal) (G1 Evacuation Pause) 112M->43M(128M) 2.573ms
[2026-09-27T03:11:39.905+0530][399.536s] GC(769) Pause Young (Normal) (G1 Evacuation Pause) 112M->43M(128M) 2.063ms
[2026-09-27T03:11:40.206+0530][399.837s] GC(770) Pause Young (Normal) (G1 Evacuation Pause) 111M->43M(128M) 2.067ms
[2026-09-27T03:11:40.628+0530][400.259s] GC(771) Pause Young (Normal) (G1 Evacuation Pause) 113M->43M(128M) 2.100ms
[2026-09-27T03:11:41.117+0530][400.748s] GC(772) Pause Young (Normal) (G1 Evacuation Pause) 111M->43M(128M) 2.171ms
[2026-09-27T03:11:41.453+0530][401.084s] GC(773) Pause Young (Normal) (G1 Evacuation Pause) 111M->43M(128M) 2.219ms
[2026-09-27T03:11:41.765+0530][401.397s] GC(774) Pause Young (Normal) (G1 Evacuation Pause) 113M->43M(128M) 2.135ms
[2026-09-27T03:11:42.245+0530][401.876s] GC(775) Pause Young (Normal) (G1 Evacuation Pause) 113M->43M(128M) 2.037ms
[2026-09-27T03:11:42.637+0530][402.268s] GC(776) Pause Young (Normal) (G1 Evacuation Pause) 113M->43M(128M) 2.040ms
[2026-09-27T03:11:43.001+0530][402.633s] GC(777) Pause Young (Normal) (G1 Evacuation Pause) 113M->43M(128M) 2.105ms
[2026-09-27T03:11:43.467+0530][403.098s] GC(778) Pause Young (Normal) (G1 Evacuation Pause) 113M->43M(128M) 1.970ms
[2026-09-27T03:11:43.953+0530][403.584s] GC(779) Pause Young (Normal) (G1 Evacuation Pause) 113M->43M(128M) 1.981ms
[2026-09-27T03:11:44.283+0530][403.914s] GC(780) Pause Young (Normal) (G1 Evacuation Pause) 113M->43M(128M) 1.989ms
[2026-09-27T03:11:44.719+0530][404.351s] GC(781) Pause Young (Normal) (G1 Evacuation Pause) 113M->43M(128M) 1.621ms
[2026-09-27T03:11:45.173+0530][404.804s] GC(782) Pause Young (Normal) (G1 Evacuation Pause) 113M->43M(128M) 1.894ms
[2026-09-27T03:11:45.554+0530][405.185s] GC(783) Pause Young (Normal) (G1 Evacuation Pause) 112M->43M(128M) 1.740ms
[2026-09-27T03:11:46.051+0530][405.682s] GC(784) Pause Young (Normal) (G1 Evacuation Pause) 112M->43M(128M) 1.927ms
[2026-09-27T03:11:46.444+0530][406.075s] GC(785) Pause Young (Normal) (G1 Evacuation Pause) 112M->44M(128M) 2.738ms
[2026-09-27T03:11:46.800+0530][406.431s] GC(786) Pause Young (Normal) (G1 Evacuation Pause) 111M->43M(128M) 2.172ms
[2026-09-27T03:11:47.207+0530][406.839s] GC(787) Pause Young (Normal) (G1 Evacuation Pause) 111M->43M(128M) 2.139ms
[2026-09-27T03:11:47.587+0530][407.217s] GC(788) Pause Young (Normal) (G1 Evacuation Pause) 111M->43M(128M) 1.841ms
[2026-09-27T03:11:48.078+0530][407.708s] GC(789) Pause Young (Normal) (G1 Evacuation Pause) 111M->43M(128M) 2.107ms
[2026-09-27T03:11:48.546+0530][408.176s] GC(790) Pause Young (Normal) (G1 Evacuation Pause) 111M->44M(128M) 2.048ms
[2026-09-27T03:11:48.864+0530][408.495s] GC(791) Pause Young (Normal) (G1 Evacuation Pause) 110M->43M(128M) 1.667ms
[2026-09-27T03:11:49.339+0530][408.971s] GC(792) Pause Young (Normal) (G1 Evacuation Pause) 111M->43M(128M) 1.915ms
[2026-09-27T03:11:49.755+0530][409.387s] GC(793) Pause Young (Normal) (G1 Evacuation Pause) 111M->43M(128M) 1.769ms
[2026-09-27T03:11:50.240+0530][409.872s] GC(794) Pause Young (Normal) (G1 Evacuation Pause) 111M->43M(128M) 2.086ms
[2026-09-27T03:11:50.623+0530][410.253s] GC(795) Pause Young (Normal) (G1 Evacuation Pause) 111M->45M(128M) 2.886ms
[2026-09-27T03:11:51.066+0530][410.697s] GC(796) Pause Young (Normal) (G1 Evacuation Pause) 111M->43M(128M) 2.084ms
[2026-09-27T03:11:51.404+0530][411.036s] GC(797) Pause Young (Normal) (G1 Evacuation Pause) 110M->43M(128M) 1.907ms
[2026-09-27T03:11:51.798+0530][411.429s] GC(798) Pause Young (Normal) (G1 Evacuation Pause) 111M->43M(128M) 2.001ms
[2026-09-27T03:11:52.236+0530][411.867s] GC(799) Pause Young (Normal) (G1 Evacuation Pause) 111M->44M(128M) 2.812ms
[2026-09-27T03:11:52.651+0530][412.282s] GC(800) Pause Young (Normal) (G1 Evacuation Pause) 112M->44M(128M) 2.229ms
[2026-09-27T03:11:53.077+0530][412.708s] GC(801) Pause Young (Normal) (G1 Evacuation Pause) 112M->44M(128M) 2.334ms
[2026-09-27T03:11:53.434+0530][413.065s] GC(802) Pause Young (Normal) (G1 Evacuation Pause) 112M->44M(128M) 2.314ms
[2026-09-27T03:11:53.888+0530][413.520s] GC(803) Pause Young (Normal) (G1 Evacuation Pause) 112M->44M(128M) 2.467ms
[2026-09-27T03:11:54.331+0530][413.962s] GC(804) Pause Young (Normal) (G1 Evacuation Pause) 111M->44M(128M) 2.596ms
[2026-09-27T03:11:54.802+0530][414.433s] GC(805) Pause Young (Normal) (G1 Evacuation Pause) 111M->44M(128M) 2.347ms
[2026-09-27T03:11:55.166+0530][414.798s] GC(806) Pause Young (Normal) (G1 Evacuation Pause) 113M->44M(128M) 2.453ms
[2026-09-27T03:11:55.610+0530][415.241s] GC(807) Pause Young (Normal) (G1 Evacuation Pause) 111M->44M(128M) 2.409ms
[2026-09-27T03:11:55.929+0530][415.561s] GC(808) Pause Young (Normal) (G1 Evacuation Pause) 111M->44M(128M) 2.360ms
[2026-09-27T03:11:56.353+0530][415.985s] GC(809) Pause Young (Normal) (G1 Evacuation Pause) 111M->44M(128M) 2.510ms
[2026-09-27T03:11:56.777+0530][416.408s] GC(810) Pause Young (Normal) (G1 Evacuation Pause) 111M->44M(128M) 2.425ms
[2026-09-27T03:11:57.118+0530][416.749s] GC(811) Pause Young (Normal) (G1 Evacuation Pause) 111M->44M(128M) 2.368ms
[2026-09-27T03:11:57.450+0530][417.081s] GC(812) Pause Young (Normal) (G1 Evacuation Pause) 111M->44M(128M) 2.420ms
[2026-09-27T03:11:57.866+0530][417.497s] GC(813) Pause Young (Normal) (G1 Evacuation Pause) 113M->44M(128M) 2.487ms
[2026-09-27T03:11:58.229+0530][417.861s] GC(814) Pause Young (Normal) (G1 Evacuation Pause) 113M->44M(128M) 2.398ms
[2026-09-27T03:11:58.648+0530][418.279s] GC(815) Pause Young (Normal) (G1 Evacuation Pause) 113M->44M(128M) 2.181ms
[2026-09-27T03:11:59.020+0530][418.651s] GC(816) Pause Young (Normal) (G1 Evacuation Pause) 113M->45M(128M) 2.006ms
[2026-09-27T03:11:59.392+0530][419.023s] GC(817) Pause Young (Normal) (G1 Evacuation Pause) 112M->44M(128M) 1.969ms
[2026-09-27T03:11:59.886+0530][419.518s] GC(818) Pause Young (Normal) (G1 Evacuation Pause) 113M->44M(128M) 1.956ms
[2026-09-27T03:12:00.265+0530][419.896s] GC(819) Pause Young (Normal) (G1 Evacuation Pause) 113M->44M(128M) 1.719ms
[2026-09-27T03:12:00.716+0530][420.347s] GC(820) Pause Young (Normal) (G1 Evacuation Pause) 112M->44M(128M) 1.844ms
[2026-09-27T03:12:01.112+0530][420.743s] GC(821) Pause Young (Normal) (G1 Evacuation Pause) 112M->45M(128M) 2.357ms
[2026-09-27T03:12:01.473+0530][421.105s] GC(822) Pause Young (Normal) (G1 Evacuation Pause) 110M->44M(128M) 1.703ms
[2026-09-27T03:12:01.915+0530][421.547s] GC(823) Pause Young (Normal) (G1 Evacuation Pause) 111M->44M(128M) 1.782ms
[2026-09-27T03:12:02.257+0530][421.888s] GC(824) Pause Young (Normal) (G1 Evacuation Pause) 111M->44M(128M) 1.837ms
[2026-09-27T03:12:02.686+0530][422.317s] GC(825) Pause Young (Normal) (G1 Evacuation Pause) 111M->44M(128M) 2.106ms
[2026-09-27T03:12:03.033+0530][422.664s] GC(826) Pause Young (Normal) (G1 Evacuation Pause) 111M->44M(128M) 1.748ms
[2026-09-27T03:12:03.446+0530][423.077s] GC(827) Pause Young (Normal) (G1 Evacuation Pause) 111M->44M(128M) 1.803ms
[2026-09-27T03:12:03.896+0530][423.527s] GC(828) Pause Young (Normal) (G1 Evacuation Pause) 112M->44M(128M) 1.695ms
[2026-09-27T03:12:04.304+0530][423.936s] GC(829) Pause Young (Normal) (G1 Evacuation Pause) 112M->44M(128M) 1.572ms
[2026-09-27T03:12:04.769+0530][424.400s] GC(830) Pause Young (Normal) (G1 Evacuation Pause) 112M->44M(128M) 1.794ms
[2026-09-27T03:12:05.242+0530][424.874s] GC(831) Pause Young (Normal) (G1 Evacuation Pause) 112M->44M(128M) 1.707ms
[2026-09-27T03:12:05.524+0530][425.155s] GC(832) Pause Young (Normal) (G1 Evacuation Pause) 112M->44M(128M) 1.592ms
[2026-09-27T03:12:06.017+0530][425.648s] GC(833) Pause Young (Normal) (G1 Evacuation Pause) 112M->44M(128M) 1.794ms
[2026-09-27T03:12:06.354+0530][425.985s] GC(834) Pause Young (Normal) (G1 Evacuation Pause) 112M->44M(128M) 1.889ms
[2026-09-27T03:12:06.807+0530][426.438s] GC(835) Pause Young (Normal) (G1 Evacuation Pause) 112M->44M(128M) 2.341ms
[2026-09-27T03:12:07.277+0530][426.908s] GC(836) Pause Young (Normal) (G1 Evacuation Pause) 112M->44M(128M) 2.143ms
[2026-09-27T03:12:07.554+0530][427.184s] GC(837) Pause Young (Normal) (G1 Evacuation Pause) 112M->44M(128M) 2.247ms
[2026-09-27T03:12:07.916+0530][427.547s] GC(838) Pause Young (Normal) (G1 Evacuation Pause) 112M->44M(128M) 2.091ms
[2026-09-27T03:12:08.359+0530][427.990s] GC(839) Pause Young (Normal) (G1 Evacuation Pause) 112M->45M(128M) 2.410ms
[2026-09-27T03:12:08.797+0530][428.428s] GC(840) Pause Young (Normal) (G1 Evacuation Pause) 112M->45M(128M) 2.344ms
[2026-09-27T03:12:09.099+0530][428.730s] GC(841) Pause Young (Normal) (G1 Evacuation Pause) 113M->45M(128M) 1.901ms
[2026-09-27T03:12:09.552+0530][429.183s] GC(842) Pause Young (Normal) (G1 Evacuation Pause) 113M->45M(128M) 2.356ms
[2026-09-27T03:12:09.934+0530][429.564s] GC(843) Pause Young (Normal) (G1 Evacuation Pause) 111M->45M(128M) 2.111ms
[2026-09-27T03:12:10.395+0530][430.026s] GC(844) Pause Young (Normal) (G1 Evacuation Pause) 113M->45M(128M) 2.047ms
[2026-09-27T03:12:10.823+0530][430.454s] GC(845) Pause Young (Normal) (G1 Evacuation Pause) 113M->45M(128M) 2.199ms
[2026-09-27T03:12:11.153+0530][430.784s] GC(846) Pause Young (Normal) (G1 Evacuation Pause) 113M->45M(128M) 2.145ms
[2026-09-27T03:12:11.582+0530][431.213s] GC(847) Pause Young (Normal) (G1 Evacuation Pause) 113M->45M(128M) 2.210ms
[2026-09-27T03:12:11.930+0530][431.562s] GC(848) Pause Young (Normal) (G1 Evacuation Pause) 113M->45M(128M) 2.443ms
[2026-09-27T03:12:12.372+0530][432.003s] GC(849) Pause Young (Normal) (G1 Evacuation Pause) 113M->45M(128M) 2.054ms
[2026-09-27T03:12:12.626+0530][432.257s] GC(850) Pause Young (Normal) (G1 Evacuation Pause) 113M->45M(128M) 1.890ms
[2026-09-27T03:12:13.089+0530][432.720s] GC(851) Pause Young (Normal) (G1 Evacuation Pause) 113M->45M(128M) 2.093ms
[2026-09-27T03:12:13.433+0530][433.065s] GC(852) Pause Young (Normal) (G1 Evacuation Pause) 113M->45M(128M) 1.991ms
[2026-09-27T03:12:13.690+0530][433.322s] GC(853) Pause Young (Normal) (G1 Evacuation Pause) 113M->45M(128M) 1.904ms
[2026-09-27T03:12:14.145+0530][433.776s] GC(854) Pause Young (Normal) (G1 Evacuation Pause) 113M->45M(128M) 1.718ms
[2026-09-27T03:12:14.610+0530][434.242s] GC(855) Pause Young (Normal) (G1 Evacuation Pause) 113M->45M(128M) 1.638ms
[2026-09-27T03:12:14.979+0530][434.611s] GC(856) Pause Young (Normal) (G1 Evacuation Pause) 113M->45M(128M) 1.499ms
[2026-09-27T03:12:15.438+0530][435.069s] GC(857) Pause Young (Normal) (G1 Evacuation Pause) 113M->45M(128M) 1.597ms
[2026-09-27T03:12:15.717+0530][435.347s] GC(858) Pause Young (Normal) (G1 Evacuation Pause) 112M->45M(128M) 2.663ms
[2026-09-27T03:12:16.171+0530][435.802s] GC(859) Pause Young (Normal) (G1 Evacuation Pause) 112M->45M(128M) 1.415ms
[2026-09-27T03:12:16.639+0530][436.270s] GC(860) Pause Young (Normal) (G1 Evacuation Pause) 112M->45M(128M) 1.413ms
[2026-09-27T03:12:16.981+0530][436.613s] GC(861) Pause Young (Normal) (G1 Evacuation Pause) 112M->45M(128M) 1.437ms
[2026-09-27T03:12:17.433+0530][437.063s] GC(862) Pause Young (Normal) (G1 Evacuation Pause) 112M->45M(128M) 1.804ms
[2026-09-27T03:12:17.735+0530][437.366s] GC(863) Pause Young (Normal) (G1 Evacuation Pause) 112M->46M(128M) 2.434ms
[2026-09-27T03:12:18.156+0530][437.787s] GC(864) Pause Young (Normal) (G1 Evacuation Pause) 110M->45M(128M) 1.576ms
[2026-09-27T03:12:18.539+0530][438.170s] GC(865) Pause Young (Normal) (G1 Evacuation Pause) 111M->45M(128M) 1.488ms
[2026-09-27T03:12:18.948+0530][438.580s] GC(866) Pause Young (Normal) (G1 Evacuation Pause) 111M->45M(128M) 1.292ms
[2026-09-27T03:12:19.275+0530][438.906s] GC(867) Pause Young (Normal) (G1 Evacuation Pause) 111M->45M(128M) 0.977ms
[2026-09-27T03:12:19.721+0530][439.352s] GC(868) Pause Young (Normal) (G1 Evacuation Pause) 111M->45M(128M) 1.164ms
[2026-09-27T03:12:20.197+0530][439.829s] GC(869) Pause Young (Normal) (G1 Evacuation Pause) 112M->45M(128M) 1.045ms
[2026-09-27T03:12:20.576+0530][440.207s] GC(870) Pause Young (Normal) (G1 Evacuation Pause) 112M->45M(128M) 0.983ms
[2026-09-27T03:12:20.982+0530][440.612s] GC(871) Pause Young (Normal) (G1 Evacuation Pause) 112M->45M(128M) 1.295ms
[2026-09-27T03:12:21.303+0530][440.935s] GC(872) Pause Young (Normal) (G1 Evacuation Pause) 112M->45M(128M) 1.298ms
[2026-09-27T03:12:21.738+0530][441.369s] GC(873) Pause Young (Normal) (G1 Evacuation Pause) 112M->45M(128M) 1.485ms
[2026-09-27T03:12:22.212+0530][441.842s] GC(874) Pause Young (Normal) (G1 Evacuation Pause) 112M->45M(128M) 1.538ms
[2026-09-27T03:12:22.563+0530][442.194s] GC(875) Pause Young (Normal) (G1 Evacuation Pause) 112M->45M(128M) 2.113ms
[2026-09-27T03:12:22.963+0530][442.595s] GC(876) Pause Young (Normal) (G1 Evacuation Pause) 112M->47M(128M) 2.875ms
[2026-09-27T03:12:23.246+0530][442.877s] GC(877) Pause Young (Normal) (G1 Evacuation Pause) 110M->45M(128M) 1.987ms
[2026-09-27T03:12:23.641+0530][443.272s] GC(878) Pause Young (Normal) (G1 Evacuation Pause) 111M->46M(128M) 1.939ms
[2026-09-27T03:12:24.042+0530][443.674s] GC(879) Pause Young (Normal) (G1 Evacuation Pause) 112M->46M(128M) 2.320ms
[2026-09-27T03:12:24.343+0530][443.974s] GC(880) Pause Young (Normal) (G1 Evacuation Pause) 112M->46M(128M) 2.320ms
[2026-09-27T03:12:24.777+0530][444.408s] GC(881) Pause Young (Normal) (G1 Evacuation Pause) 112M->46M(128M) 1.889ms
[2026-09-27T03:12:25.248+0530][444.878s] GC(882) Pause Young (Normal) (G1 Evacuation Pause) 112M->46M(128M) 2.128ms
[2026-09-27T03:12:25.617+0530][445.248s] GC(883) Pause Young (Normal) (G1 Evacuation Pause) 112M->46M(128M) 2.170ms
[2026-09-27T03:12:26.071+0530][445.702s] GC(884) Pause Young (Normal) (G1 Evacuation Pause) 113M->46M(128M) 1.885ms
[2026-09-27T03:12:26.359+0530][445.990s] GC(885) Pause Young (Normal) (G1 Evacuation Pause) 113M->46M(128M) 2.114ms
[2026-09-27T03:12:26.784+0530][446.415s] GC(886) Pause Young (Normal) (G1 Evacuation Pause) 113M->46M(128M) 2.275ms
[2026-09-27T03:12:27.185+0530][446.816s] GC(887) Pause Young (Normal) (G1 Evacuation Pause) 113M->46M(128M) 2.212ms
[2026-09-27T03:12:27.594+0530][447.225s] GC(888) Pause Young (Normal) (G1 Evacuation Pause) 113M->46M(128M) 2.177ms
[2026-09-27T03:12:27.885+0530][447.517s] GC(889) Pause Young (Normal) (G1 Evacuation Pause) 113M->46M(128M) 2.229ms
[2026-09-27T03:12:28.291+0530][447.922s] GC(890) Pause Young (Normal) (G1 Evacuation Pause) 113M->46M(128M) 1.976ms
[2026-09-27T03:12:28.630+0530][448.261s] GC(891) Pause Young (Normal) (G1 Evacuation Pause) 113M->46M(128M) 1.918ms
[2026-09-27T03:12:28.947+0530][448.579s] GC(892) Pause Young (Normal) (G1 Evacuation Pause) 113M->46M(128M) 1.557ms
[2026-09-27T03:12:29.327+0530][448.957s] GC(893) Pause Young (Normal) (G1 Evacuation Pause) 113M->46M(128M) 1.850ms
[2026-09-27T03:12:29.762+0530][449.393s] GC(894) Pause Young (Normal) (G1 Evacuation Pause) 113M->46M(128M) 1.531ms
[2026-09-27T03:12:30.179+0530][449.810s] GC(895) Pause Young (Normal) (G1 Evacuation Pause) 113M->46M(128M) 1.409ms
[2026-09-27T03:12:30.622+0530][450.253s] GC(896) Pause Young (Normal) (G1 Evacuation Pause) 113M->46M(128M) 1.726ms
[2026-09-27T03:12:30.929+0530][450.561s] GC(897) Pause Young (Normal) (G1 Evacuation Pause) 113M->46M(128M) 1.666ms
[2026-09-27T03:12:31.344+0530][450.975s] GC(898) Pause Young (Normal) (G1 Evacuation Pause) 113M->46M(128M) 1.562ms
[2026-09-27T03:12:31.764+0530][451.395s] GC(899) Pause Young (Normal) (G1 Evacuation Pause) 113M->46M(128M) 1.630ms
[2026-09-27T03:12:32.183+0530][451.814s] GC(900) Pause Young (Normal) (G1 Evacuation Pause) 113M->46M(128M) 1.664ms
[2026-09-27T03:12:32.464+0530][452.095s] GC(901) Pause Young (Normal) (G1 Evacuation Pause) 113M->46M(128M) 1.515ms
[2026-09-27T03:12:32.894+0530][452.525s] GC(902) Pause Young (Normal) (G1 Evacuation Pause) 113M->46M(128M) 1.477ms
[2026-09-27T03:12:33.339+0530][452.971s] GC(903) Pause Young (Normal) (G1 Evacuation Pause) 113M->46M(128M) 1.417ms
[2026-09-27T03:12:33.721+0530][453.352s] GC(904) Pause Young (Normal) (G1 Evacuation Pause) 113M->46M(128M) 1.312ms
[2026-09-27T03:12:34.199+0530][453.831s] GC(905) Pause Young (Normal) (G1 Evacuation Pause) 113M->46M(128M) 1.252ms
[2026-09-27T03:12:34.462+0530][454.093s] GC(906) Pause Young (Normal) (G1 Evacuation Pause) 113M->46M(128M) 1.158ms
[2026-09-27T03:12:34.894+0530][454.525s] GC(907) Pause Young (Normal) (G1 Evacuation Pause) 113M->46M(128M) 1.080ms
[2026-09-27T03:12:35.305+0530][454.936s] GC(908) Pause Young (Normal) (G1 Evacuation Pause) 113M->46M(128M) 1.025ms
[2026-09-27T03:12:35.715+0530][455.347s] GC(909) Pause Young (Normal) (G1 Evacuation Pause) 113M->46M(128M) 1.013ms
[2026-09-27T03:12:35.991+0530][455.621s] GC(910) Pause Young (Normal) (G1 Evacuation Pause) 113M->46M(128M) 0.915ms
[2026-09-27T03:12:36.407+0530][456.039s] GC(911) Pause Young (Normal) (G1 Evacuation Pause) 113M->46M(128M) 1.134ms
[2026-09-27T03:12:36.816+0530][456.447s] GC(912) Pause Young (Normal) (G1 Evacuation Pause) 113M->46M(128M) 1.231ms
[2026-09-27T03:12:37.239+0530][456.870s] GC(913) Pause Young (Normal) (G1 Evacuation Pause) 113M->46M(128M) 1.464ms
[2026-09-27T03:12:37.497+0530][457.129s] GC(914) Pause Young (Normal) (G1 Evacuation Pause) 113M->46M(128M) 1.310ms
[2026-09-27T03:12:37.932+0530][457.564s] GC(915) Pause Young (Normal) (G1 Evacuation Pause) 113M->46M(128M) 1.879ms
[2026-09-27T03:12:38.332+0530][457.964s] GC(916) Pause Young (Normal) (G1 Evacuation Pause) 113M->46M(128M) 1.783ms
[2026-09-27T03:12:38.742+0530][458.373s] GC(917) Pause Young (Normal) (G1 Evacuation Pause) 113M->46M(128M) 1.806ms
