[2026-09-27T03:52:56.639+0530][0.010s] Using G1
[2026-09-27T03:52:56.974+0530][0.346s] GC(0) Pause Young (Normal) (G1 Evacuation Pause) 14M->3M(128M) 2.447ms
[2026-09-27T03:52:57.381+0530][0.753s] GC(1) Pause Young (Normal) (G1 Evacuation Pause) 17M->5M(128M) 3.522ms
[2026-09-27T03:53:01.192+0530][4.564s] GC(2) Pause Young (Concurrent Start) (Metadata GC Threshold) 51M->9M(128M) 5.609ms
[2026-09-27T03:53:01.192+0530][4.565s] GC(3) Concurrent Mark Cycle
[2026-09-27T03:53:01.200+0530][4.572s] GC(3) Pause Remark 10M->10M(128M) 1.356ms
[2026-09-27T03:53:01.202+0530][4.574s] GC(3) Pause Cleanup 10M->10M(128M) 0.082ms
[2026-09-27T03:53:01.203+0530][4.575s] GC(3) Concurrent Mark Cycle 10.574ms
[2026-09-27T03:53:04.478+0530][7.850s] GC(4) Pause Young (Concurrent Start) (G1 Evacuation Pause) 79M->18M(128M) 13.309ms
[2026-09-27T03:53:04.479+0530][7.851s] GC(5) Concurrent Mark Cycle
[2026-09-27T03:53:04.493+0530][7.865s] GC(5) Pause Remark 22M->22M(128M) 2.862ms
[2026-09-27T03:53:04.498+0530][7.870s] GC(5) Pause Cleanup 22M->22M(128M) 0.040ms
[2026-09-27T03:53:04.498+0530][7.871s] GC(5) Concurrent Mark Cycle 19.937ms
[2026-09-27T03:53:06.393+0530][9.764s] GC(6) Pause Young (Normal) (G1 Evacuation Pause) 83M->25M(128M) 12.040ms
[2026-09-27T03:53:08.878+0530][12.249s] GC(7) Pause Young (Normal) (G1 Evacuation Pause) 87M->25M(128M) 7.501ms
[2026-09-27T03:53:11.594+0530][14.965s] GC(8) Pause Young (Normal) (G1 Evacuation Pause) 91M->25M(128M) 2.785ms
[2026-09-27T03:53:14.752+0530][18.124s] GC(9) Pause Young (Normal) (G1 Evacuation Pause) 96M->25M(128M) 1.603ms
[2026-09-27T03:53:16.538+0530][19.909s] GC(10) Pause Young (Normal) (G1 Evacuation Pause) 100M->25M(128M) 1.857ms
[2026-09-27T03:53:17.331+0530][20.703s] GC(11) Pause Young (Normal) (G1 Evacuation Pause) 99M->25M(128M) 2.297ms
[2026-09-27T03:53:17.966+0530][21.338s] GC(12) Pause Young (Normal) (G1 Evacuation Pause) 99M->25M(128M) 2.178ms
[2026-09-27T03:53:18.490+0530][21.862s] GC(13) Pause Young (Normal) (G1 Evacuation Pause) 99M->26M(128M) 2.382ms
[2026-09-27T03:53:19.004+0530][22.376s] GC(14) Pause Young (Normal) (G1 Evacuation Pause) 100M->25M(128M) 2.588ms
[2026-09-27T03:53:19.478+0530][22.849s] GC(15) Pause Young (Normal) (G1 Evacuation Pause) 99M->26M(128M) 2.248ms
[2026-09-27T03:53:19.923+0530][23.294s] GC(16) Pause Young (Normal) (G1 Evacuation Pause) 100M->26M(128M) 2.421ms
[2026-09-27T03:53:20.402+0530][23.774s] GC(17) Pause Young (Normal) (G1 Evacuation Pause) 100M->26M(128M) 2.792ms
[2026-09-27T03:53:20.885+0530][24.256s] GC(18) Pause Young (Normal) (G1 Evacuation Pause) 100M->26M(128M) 2.692ms
[2026-09-27T03:53:21.448+0530][24.820s] GC(19) Pause Young (Normal) (G1 Evacuation Pause) 100M->26M(128M) 2.377ms
[2026-09-27T03:53:21.916+0530][25.288s] GC(20) Pause Young (Normal) (G1 Evacuation Pause) 100M->26M(128M) 2.873ms
[2026-09-27T03:53:22.542+0530][25.914s] GC(21) Pause Young (Normal) (G1 Evacuation Pause) 100M->26M(128M) 2.765ms
[2026-09-27T03:53:23.046+0530][26.418s] GC(22) Pause Young (Normal) (G1 Evacuation Pause) 100M->26M(128M) 2.949ms
[2026-09-27T03:53:23.627+0530][26.999s] GC(23) Pause Young (Normal) (G1 Evacuation Pause) 100M->26M(128M) 2.565ms
[2026-09-27T03:53:24.193+0530][27.565s] GC(24) Pause Young (Normal) (G1 Evacuation Pause) 100M->26M(128M) 2.719ms
[2026-09-27T03:53:24.739+0530][28.111s] GC(25) Pause Young (Normal) (G1 Evacuation Pause) 100M->26M(128M) 2.646ms
[2026-09-27T03:53:25.318+0530][28.690s] GC(26) Pause Young (Normal) (G1 Evacuation Pause) 101M->26M(128M) 2.310ms
[2026-09-27T03:53:25.923+0530][29.295s] GC(27) Pause Young (Normal) (G1 Evacuation Pause) 101M->26M(128M) 2.050ms
[2026-09-27T03:53:26.565+0530][29.936s] GC(28) Pause Young (Normal) (G1 Evacuation Pause) 101M->26M(128M) 2.379ms
[2026-09-27T03:53:27.103+0530][30.474s] GC(29) Pause Young (Normal) (G1 Evacuation Pause) 101M->26M(128M) 2.178ms
[2026-09-27T03:53:27.735+0530][31.106s] GC(30) Pause Young (Normal) (G1 Evacuation Pause) 101M->26M(128M) 2.037ms
[2026-09-27T03:53:28.187+0530][31.559s] GC(31) Pause Young (Normal) (G1 Evacuation Pause) 101M->26M(128M) 2.118ms
[2026-09-27T03:53:28.827+0530][32.198s] GC(32) Pause Young (Normal) (G1 Evacuation Pause) 101M->26M(128M) 1.900ms
[2026-09-27T03:53:29.347+0530][32.719s] GC(33) Pause Young (Normal) (G1 Evacuation Pause) 101M->26M(128M) 1.820ms
[2026-09-27T03:53:29.901+0530][33.273s] GC(34) Pause Young (Normal) (G1 Evacuation Pause) 101M->27M(128M) 2.173ms
[2026-09-27T03:53:30.528+0530][33.900s] GC(35) Pause Young (Normal) (G1 Evacuation Pause) 101M->26M(128M) 1.599ms
[2026-09-27T03:53:31.136+0530][34.508s] GC(36) Pause Young (Normal) (G1 Evacuation Pause) 101M->26M(128M) 1.870ms
[2026-09-27T03:53:31.737+0530][35.108s] GC(37) Pause Young (Normal) (G1 Evacuation Pause) 101M->26M(128M) 1.507ms
[2026-09-27T03:53:32.290+0530][35.662s] GC(38) Pause Young (Normal) (G1 Evacuation Pause) 101M->26M(128M) 1.638ms
[2026-09-27T03:53:32.887+0530][36.259s] GC(39) Pause Young (Normal) (G1 Evacuation Pause) 101M->26M(128M) 1.599ms
[2026-09-27T03:53:33.406+0530][36.777s] GC(40) Pause Young (Normal) (G1 Evacuation Pause) 101M->26M(128M) 1.758ms
[2026-09-27T03:53:33.930+0530][37.302s] GC(41) Pause Young (Normal) (G1 Evacuation Pause) 101M->26M(128M) 1.904ms
[2026-09-27T03:53:34.435+0530][37.806s] GC(42) Pause Young (Normal) (G1 Evacuation Pause) 101M->26M(128M) 2.376ms
[2026-09-27T03:53:34.932+0530][38.304s] GC(43) Pause Young (Normal) (G1 Evacuation Pause) 101M->26M(128M) 1.937ms
[2026-09-27T03:53:35.328+0530][38.699s] GC(44) Pause Young (Normal) (G1 Evacuation Pause) 101M->26M(128M) 1.842ms
[2026-09-27T03:53:35.863+0530][39.234s] GC(45) Pause Young (Normal) (G1 Evacuation Pause) 101M->26M(128M) 1.999ms
[2026-09-27T03:53:36.338+0530][39.709s] GC(46) Pause Young (Normal) (G1 Evacuation Pause) 101M->26M(128M) 2.075ms
[2026-09-27T03:53:36.882+0530][40.253s] GC(47) Pause Young (Normal) (G1 Evacuation Pause) 101M->26M(128M) 2.340ms
[2026-09-27T03:53:37.417+0530][40.788s] GC(48) Pause Young (Normal) (G1 Evacuation Pause) 101M->26M(128M) 1.797ms
[2026-09-27T03:53:38.044+0530][41.416s] GC(49) Pause Young (Normal) (G1 Evacuation Pause) 101M->26M(128M) 2.314ms
[2026-09-27T03:53:38.551+0530][41.923s] GC(50) Pause Young (Normal) (G1 Evacuation Pause) 101M->26M(128M) 2.273ms
[2026-09-27T03:53:39.142+0530][42.514s] GC(51) Pause Young (Normal) (G1 Evacuation Pause) 101M->26M(128M) 2.239ms
[2026-09-27T03:53:39.754+0530][43.125s] GC(52) Pause Young (Normal) (G1 Evacuation Pause) 101M->27M(128M) 2.361ms
[2026-09-27T03:53:40.310+0530][43.681s] GC(53) Pause Young (Normal) (G1 Evacuation Pause) 102M->26M(128M) 1.881ms
[2026-09-27T03:53:40.895+0530][44.267s] GC(54) Pause Young (Normal) (G1 Evacuation Pause) 101M->27M(128M) 1.882ms
[2026-09-27T03:53:41.438+0530][44.809s] GC(55) Pause Young (Normal) (G1 Evacuation Pause) 102M->26M(128M) 1.984ms
[2026-09-27T03:53:42.029+0530][45.401s] GC(56) Pause Young (Normal) (G1 Evacuation Pause) 101M->26M(128M) 1.976ms
[2026-09-27T03:53:42.614+0530][45.986s] GC(57) Pause Young (Normal) (G1 Evacuation Pause) 101M->26M(128M) 2.224ms
[2026-09-27T03:53:43.207+0530][46.578s] GC(58) Pause Young (Normal) (G1 Evacuation Pause) 101M->26M(128M) 1.947ms
[2026-09-27T03:53:43.714+0530][47.085s] GC(59) Pause Young (Normal) (G1 Evacuation Pause) 101M->26M(128M) 2.103ms
[2026-09-27T03:53:44.357+0530][47.729s] GC(60) Pause Young (Normal) (G1 Evacuation Pause) 101M->26M(128M) 2.239ms
[2026-09-27T03:53:44.868+0530][48.240s] GC(61) Pause Young (Normal) (G1 Evacuation Pause) 101M->26M(128M) 2.009ms
[2026-09-27T03:53:45.478+0530][48.849s] GC(62) Pause Young (Normal) (G1 Evacuation Pause) 101M->26M(128M) 1.886ms
[2026-09-27T03:53:46.059+0530][49.430s] GC(63) Pause Young (Normal) (G1 Evacuation Pause) 101M->26M(128M) 1.774ms
[2026-09-27T03:53:46.576+0530][49.948s] GC(64) Pause Young (Normal) (G1 Evacuation Pause) 101M->26M(128M) 1.935ms
[2026-09-27T03:53:47.257+0530][50.628s] GC(65) Pause Young (Normal) (G1 Evacuation Pause) 101M->26M(128M) 1.870ms
[2026-09-27T03:53:47.766+0530][51.138s] GC(66) Pause Young (Normal) (G1 Evacuation Pause) 101M->26M(128M) 1.849ms
[2026-09-27T03:53:48.433+0530][51.804s] GC(67) Pause Young (Normal) (G1 Evacuation Pause) 101M->27M(128M) 1.925ms
[2026-09-27T03:53:48.944+0530][52.316s] GC(68) Pause Young (Normal) (G1 Evacuation Pause) 102M->27M(128M) 2.210ms
[2026-09-27T03:53:49.452+0530][52.824s] GC(69) Pause Young (Normal) (G1 Evacuation Pause) 102M->27M(128M) 1.979ms
[2026-09-27T03:53:49.905+0530][53.276s] GC(70) Pause Young (Normal) (G1 Evacuation Pause) 102M->27M(128M) 2.171ms
[2026-09-27T03:53:50.422+0530][53.794s] GC(71) Pause Young (Normal) (G1 Evacuation Pause) 102M->27M(128M) 2.342ms
[2026-09-27T03:53:50.771+0530][54.142s] GC(72) Pause Young (Normal) (G1 Evacuation Pause) 102M->27M(128M) 1.777ms
[2026-09-27T03:53:51.309+0530][54.680s] GC(73) Pause Young (Normal) (G1 Evacuation Pause) 102M->27M(128M) 1.801ms
[2026-09-27T03:53:51.823+0530][55.195s] GC(74) Pause Young (Normal) (G1 Evacuation Pause) 102M->27M(128M) 2.017ms
[2026-09-27T03:53:52.481+0530][55.853s] GC(75) Pause Young (Normal) (G1 Evacuation Pause) 102M->27M(128M) 2.015ms
[2026-09-27T03:53:53.042+0530][56.413s] GC(76) Pause Young (Normal) (G1 Evacuation Pause) 102M->27M(128M) 2.150ms
[2026-09-27T03:53:53.581+0530][56.952s] GC(77) Pause Young (Normal) (G1 Evacuation Pause) 102M->27M(128M) 1.915ms
[2026-09-27T03:53:54.106+0530][57.478s] GC(78) Pause Young (Normal) (G1 Evacuation Pause) 102M->27M(128M) 2.100ms
[2026-09-27T03:53:54.662+0530][58.033s] GC(79) Pause Young (Normal) (G1 Evacuation Pause) 102M->27M(128M) 2.349ms
[2026-09-27T03:53:55.186+0530][58.558s] GC(80) Pause Young (Normal) (G1 Evacuation Pause) 102M->27M(128M) 2.241ms
[2026-09-27T03:53:55.792+0530][59.163s] GC(81) Pause Young (Normal) (G1 Evacuation Pause) 102M->27M(128M) 1.958ms
[2026-09-27T03:53:56.403+0530][59.775s] GC(82) Pause Young (Normal) (G1 Evacuation Pause) 102M->27M(128M) 2.109ms
[2026-09-27T03:53:56.949+0530][60.320s] GC(83) Pause Young (Normal) (G1 Evacuation Pause) 101M->27M(128M) 2.073ms
[2026-09-27T03:53:57.651+0530][61.022s] GC(84) Pause Young (Normal) (G1 Evacuation Pause) 102M->27M(128M) 1.806ms
[2026-09-27T03:53:58.160+0530][61.531s] GC(85) Pause Young (Normal) (G1 Evacuation Pause) 102M->27M(128M) 2.285ms
[2026-09-27T03:53:58.720+0530][62.091s] GC(86) Pause Young (Normal) (G1 Evacuation Pause) 102M->27M(128M) 1.691ms
[2026-09-27T03:53:59.196+0530][62.568s] GC(87) Pause Young (Normal) (G1 Evacuation Pause) 102M->27M(128M) 2.106ms
[2026-09-27T03:53:59.872+0530][63.244s] GC(88) Pause Young (Normal) (G1 Evacuation Pause) 102M->27M(128M) 2.022ms
[2026-09-27T03:54:00.382+0530][63.754s] GC(89) Pause Young (Normal) (G1 Evacuation Pause) 102M->27M(128M) 1.983ms
[2026-09-27T03:54:00.948+0530][64.320s] GC(90) Pause Young (Normal) (G1 Evacuation Pause) 102M->28M(128M) 2.228ms
[2026-09-27T03:54:01.510+0530][64.882s] GC(91) Pause Young (Normal) (G1 Evacuation Pause) 102M->27M(128M) 1.961ms
[2026-09-27T03:54:02.140+0530][65.512s] GC(92) Pause Young (Normal) (G1 Evacuation Pause) 102M->27M(128M) 1.820ms
[2026-09-27T03:54:02.721+0530][66.092s] GC(93) Pause Young (Normal) (G1 Evacuation Pause) 102M->27M(128M) 1.993ms
[2026-09-27T03:54:03.237+0530][66.609s] GC(94) Pause Young (Normal) (G1 Evacuation Pause) 102M->27M(128M) 1.907ms
[2026-09-27T03:54:03.832+0530][67.204s] GC(95) Pause Young (Normal) (G1 Evacuation Pause) 102M->27M(128M) 1.916ms
[2026-09-27T03:54:04.307+0530][67.678s] GC(96) Pause Young (Normal) (G1 Evacuation Pause) 102M->27M(128M) 1.881ms
[2026-09-27T03:54:04.819+0530][68.190s] GC(97) Pause Young (Normal) (G1 Evacuation Pause) 102M->27M(128M) 1.957ms
[2026-09-27T03:54:05.256+0530][68.628s] GC(98) Pause Young (Normal) (G1 Evacuation Pause) 102M->27M(128M) 2.095ms
[2026-09-27T03:54:05.754+0530][69.125s] GC(99) Pause Young (Normal) (G1 Evacuation Pause) 102M->27M(128M) 2.017ms
[2026-09-27T03:54:06.204+0530][69.576s] GC(100) Pause Young (Normal) (G1 Evacuation Pause) 102M->28M(128M) 2.019ms
[2026-09-27T03:54:06.709+0530][70.081s] GC(101) Pause Young (Normal) (G1 Evacuation Pause) 103M->28M(128M) 2.311ms
[2026-09-27T03:54:07.215+0530][70.587s] GC(102) Pause Young (Normal) (G1 Evacuation Pause) 103M->28M(128M) 2.240ms
[2026-09-27T03:54:07.802+0530][71.174s] GC(103) Pause Young (Normal) (G1 Evacuation Pause) 103M->28M(128M) 1.945ms
[2026-09-27T03:54:08.316+0530][71.687s] GC(104) Pause Young (Normal) (G1 Evacuation Pause) 103M->28M(128M) 2.145ms
[2026-09-27T03:54:08.902+0530][72.274s] GC(105) Pause Young (Normal) (G1 Evacuation Pause) 103M->28M(128M) 2.126ms
[2026-09-27T03:54:09.406+0530][72.778s] GC(106) Pause Young (Normal) (G1 Evacuation Pause) 103M->28M(128M) 2.076ms
[2026-09-27T03:54:10.019+0530][73.391s] GC(107) Pause Young (Normal) (G1 Evacuation Pause) 103M->28M(128M) 2.315ms
[2026-09-27T03:54:10.548+0530][73.920s] GC(108) Pause Young (Normal) (G1 Evacuation Pause) 103M->28M(128M) 2.174ms
[2026-09-27T03:54:11.144+0530][74.515s] GC(109) Pause Young (Normal) (G1 Evacuation Pause) 103M->28M(128M) 2.173ms
[2026-09-27T03:54:11.758+0530][75.130s] GC(110) Pause Young (Normal) (G1 Evacuation Pause) 103M->28M(128M) 2.120ms
[2026-09-27T03:54:12.339+0530][75.711s] GC(111) Pause Young (Normal) (G1 Evacuation Pause) 103M->28M(128M) 2.182ms
[2026-09-27T03:54:12.908+0530][76.279s] GC(112) Pause Young (Normal) (G1 Evacuation Pause) 102M->28M(128M) 1.873ms
[2026-09-27T03:54:13.445+0530][76.817s] GC(113) Pause Young (Normal) (G1 Evacuation Pause) 103M->28M(128M) 1.700ms
[2026-09-27T03:54:14.035+0530][77.406s] GC(114) Pause Young (Normal) (G1 Evacuation Pause) 103M->28M(128M) 2.184ms
[2026-09-27T03:54:14.540+0530][77.912s] GC(115) Pause Young (Normal) (G1 Evacuation Pause) 103M->28M(128M) 1.764ms
[2026-09-27T03:54:15.107+0530][78.479s] GC(116) Pause Young (Normal) (G1 Evacuation Pause) 103M->28M(128M) 2.250ms
[2026-09-27T03:54:15.646+0530][79.018s] GC(117) Pause Young (Normal) (G1 Evacuation Pause) 103M->28M(128M) 1.753ms
[2026-09-27T03:54:16.230+0530][79.602s] GC(118) Pause Young (Normal) (G1 Evacuation Pause) 103M->28M(128M) 1.928ms
[2026-09-27T03:54:16.817+0530][80.189s] GC(119) Pause Young (Normal) (G1 Evacuation Pause) 103M->28M(128M) 1.565ms
[2026-09-27T03:54:17.427+0530][80.799s] GC(120) Pause Young (Normal) (G1 Evacuation Pause) 103M->28M(128M) 1.658ms
[2026-09-27T03:54:17.993+0530][81.365s] GC(121) Pause Young (Normal) (G1 Evacuation Pause) 103M->28M(128M) 1.740ms
[2026-09-27T03:54:18.551+0530][81.923s] GC(122) Pause Young (Normal) (G1 Evacuation Pause) 103M->28M(128M) 1.800ms
[2026-09-27T03:54:19.086+0530][82.458s] GC(123) Pause Young (Normal) (G1 Evacuation Pause) 102M->28M(128M) 2.134ms
[2026-09-27T03:54:19.595+0530][82.967s] GC(124) Pause Young (Normal) (G1 Evacuation Pause) 103M->29M(128M) 2.131ms
[2026-09-27T03:54:20.032+0530][83.404s] GC(125) Pause Young (Normal) (G1 Evacuation Pause) 103M->28M(128M) 2.228ms
[2026-09-27T03:54:20.522+0530][83.894s] GC(126) Pause Young (Normal) (G1 Evacuation Pause) 103M->28M(128M) 1.826ms
[2026-09-27T03:54:20.943+0530][84.315s] GC(127) Pause Young (Normal) (G1 Evacuation Pause) 103M->28M(128M) 2.437ms
[2026-09-27T03:54:21.441+0530][84.813s] GC(128) Pause Young (Normal) (G1 Evacuation Pause) 103M->28M(128M) 2.381ms
[2026-09-27T03:54:21.947+0530][85.319s] GC(129) Pause Young (Normal) (G1 Evacuation Pause) 103M->28M(128M) 2.055ms
[2026-09-27T03:54:22.465+0530][85.837s] GC(130) Pause Young (Normal) (G1 Evacuation Pause) 103M->28M(128M) 1.960ms
[2026-09-27T03:54:23.009+0530][86.381s] GC(131) Pause Young (Normal) (G1 Evacuation Pause) 103M->28M(128M) 1.942ms
[2026-09-27T03:54:23.565+0530][86.937s] GC(132) Pause Young (Normal) (G1 Evacuation Pause) 103M->28M(128M) 2.113ms
[2026-09-27T03:54:24.077+0530][87.449s] GC(133) Pause Young (Normal) (G1 Evacuation Pause) 103M->28M(128M) 2.139ms
[2026-09-27T03:54:24.692+0530][88.064s] GC(134) Pause Young (Normal) (G1 Evacuation Pause) 103M->28M(128M) 2.390ms
[2026-09-27T03:54:25.149+0530][88.521s] GC(135) Pause Young (Normal) (G1 Evacuation Pause) 103M->28M(128M) 2.123ms
[2026-09-27T03:54:25.758+0530][89.130s] GC(136) Pause Young (Normal) (G1 Evacuation Pause) 103M->28M(128M) 2.373ms
[2026-09-27T03:54:26.266+0530][89.638s] GC(137) Pause Young (Normal) (G1 Evacuation Pause) 103M->28M(128M) 2.158ms
[2026-09-27T03:54:26.871+0530][90.243s] GC(138) Pause Young (Normal) (G1 Evacuation Pause) 103M->28M(128M) 2.225ms
[2026-09-27T03:54:27.508+0530][90.880s] GC(139) Pause Young (Normal) (G1 Evacuation Pause) 103M->28M(128M) 2.023ms
[2026-09-27T03:54:28.022+0530][91.394s] GC(140) Pause Young (Normal) (G1 Evacuation Pause) 103M->28M(128M) 1.940ms
[2026-09-27T03:54:28.608+0530][91.979s] GC(141) Pause Young (Normal) (G1 Evacuation Pause) 103M->28M(128M) 1.945ms
[2026-09-27T03:54:29.133+0530][92.504s] GC(142) Pause Young (Normal) (G1 Evacuation Pause) 103M->28M(128M) 1.878ms
[2026-09-27T03:54:29.700+0530][93.071s] GC(143) Pause Young (Normal) (G1 Evacuation Pause) 103M->28M(128M) 1.793ms
[2026-09-27T03:54:30.188+0530][93.559s] GC(144) Pause Young (Normal) (G1 Evacuation Pause) 103M->28M(128M) 1.592ms
[2026-09-27T03:54:30.791+0530][94.163s] GC(145) Pause Young (Normal) (G1 Evacuation Pause) 103M->28M(128M) 1.703ms
[2026-09-27T03:54:31.308+0530][94.679s] GC(146) Pause Young (Normal) (G1 Evacuation Pause) 103M->28M(128M) 1.520ms
[2026-09-27T03:54:31.916+0530][95.288s] GC(147) Pause Young (Normal) (G1 Evacuation Pause) 103M->28M(128M) 1.732ms
[2026-09-27T03:54:32.466+0530][95.837s] GC(148) Pause Young (Normal) (G1 Evacuation Pause) 103M->28M(128M) 1.627ms
[2026-09-27T03:54:33.077+0530][96.448s] GC(149) Pause Young (Normal) (G1 Evacuation Pause) 103M->29M(128M) 2.147ms
[2026-09-27T03:54:33.605+0530][96.977s] GC(150) Pause Young (Normal) (G1 Evacuation Pause) 103M->28M(128M) 1.653ms
[2026-09-27T03:54:34.175+0530][97.547s] GC(151) Pause Young (Normal) (G1 Evacuation Pause) 103M->28M(128M) 1.842ms
[2026-09-27T03:54:34.692+0530][98.064s] GC(152) Pause Young (Normal) (G1 Evacuation Pause) 103M->29M(128M) 2.022ms
[2026-09-27T03:54:35.174+0530][98.546s] GC(153) Pause Young (Normal) (G1 Evacuation Pause) 104M->29M(128M) 2.561ms
[2026-09-27T03:54:35.611+0530][98.983s] GC(154) Pause Young (Normal) (G1 Evacuation Pause) 103M->29M(128M) 2.345ms
[2026-09-27T03:54:36.084+0530][99.456s] GC(155) Pause Young (Normal) (G1 Evacuation Pause) 104M->29M(128M) 2.088ms
[2026-09-27T03:54:36.478+0530][99.850s] GC(156) Pause Young (Normal) (G1 Evacuation Pause) 104M->29M(128M) 2.383ms
[2026-09-27T03:54:36.985+0530][100.357s] GC(157) Pause Young (Normal) (G1 Evacuation Pause) 104M->29M(128M) 2.344ms
[2026-09-27T03:54:37.492+0530][100.864s] GC(158) Pause Young (Normal) (G1 Evacuation Pause) 104M->29M(128M) 2.220ms
[2026-09-27T03:54:38.053+0530][101.425s] GC(159) Pause Young (Normal) (G1 Evacuation Pause) 104M->29M(128M) 1.798ms
[2026-09-27T03:54:38.647+0530][102.019s] GC(160) Pause Young (Normal) (G1 Evacuation Pause) 104M->29M(128M) 1.852ms
[2026-09-27T03:54:39.233+0530][102.604s] GC(161) Pause Young (Normal) (G1 Evacuation Pause) 104M->29M(128M) 2.029ms
[2026-09-27T03:54:39.739+0530][103.110s] GC(162) Pause Young (Normal) (G1 Evacuation Pause) 104M->29M(128M) 2.248ms
[2026-09-27T03:54:40.293+0530][103.665s] GC(163) Pause Young (Normal) (G1 Evacuation Pause) 104M->29M(128M) 2.348ms
[2026-09-27T03:54:40.791+0530][104.163s] GC(164) Pause Young (Normal) (G1 Evacuation Pause) 104M->29M(128M) 2.262ms
[2026-09-27T03:54:41.318+0530][104.690s] GC(165) Pause Young (Normal) (G1 Evacuation Pause) 104M->29M(128M) 2.069ms
[2026-09-27T03:54:41.827+0530][105.198s] GC(166) Pause Young (Normal) (G1 Evacuation Pause) 104M->29M(128M) 2.196ms
[2026-09-27T03:54:42.432+0530][105.803s] GC(167) Pause Young (Normal) (G1 Evacuation Pause) 104M->30M(128M) 2.356ms
[2026-09-27T03:54:43.011+0530][106.383s] GC(168) Pause Young (Normal) (G1 Evacuation Pause) 104M->29M(128M) 1.741ms
[2026-09-27T03:54:43.561+0530][106.933s] GC(169) Pause Young (Normal) (G1 Evacuation Pause) 104M->29M(128M) 1.755ms
[2026-09-27T03:54:44.120+0530][107.492s] GC(170) Pause Young (Normal) (G1 Evacuation Pause) 104M->29M(128M) 2.145ms
[2026-09-27T03:54:44.696+0530][108.068s] GC(171) Pause Young (Normal) (G1 Evacuation Pause) 104M->29M(128M) 2.047ms
[2026-09-27T03:54:45.245+0530][108.616s] GC(172) Pause Young (Normal) (G1 Evacuation Pause) 104M->29M(128M) 2.046ms
[2026-09-27T03:54:45.718+0530][109.090s] GC(173) Pause Young (Normal) (G1 Evacuation Pause) 104M->29M(128M) 1.858ms
[2026-09-27T03:54:46.354+0530][109.725s] GC(174) Pause Young (Normal) (G1 Evacuation Pause) 104M->29M(128M) 2.191ms
[2026-09-27T03:54:46.868+0530][110.240s] GC(175) Pause Young (Normal) (G1 Evacuation Pause) 104M->29M(128M) 1.818ms
[2026-09-27T03:54:47.411+0530][110.782s] GC(176) Pause Young (Normal) (G1 Evacuation Pause) 104M->29M(128M) 1.861ms
[2026-09-27T03:54:47.923+0530][111.295s] GC(177) Pause Young (Normal) (G1 Evacuation Pause) 104M->29M(128M) 1.747ms
[2026-09-27T03:54:48.531+0530][111.902s] GC(178) Pause Young (Normal) (G1 Evacuation Pause) 104M->29M(128M) 1.937ms
[2026-09-27T03:54:49.042+0530][112.414s] GC(179) Pause Young (Normal) (G1 Evacuation Pause) 104M->29M(128M) 2.101ms
[2026-09-27T03:54:49.642+0530][113.013s] GC(180) Pause Young (Normal) (G1 Evacuation Pause) 104M->29M(128M) 2.062ms
[2026-09-27T03:54:50.101+0530][113.473s] GC(181) Pause Young (Normal) (G1 Evacuation Pause) 104M->30M(128M) 2.279ms
[2026-09-27T03:54:50.562+0530][113.934s] GC(182) Pause Young (Normal) (G1 Evacuation Pause) 105M->30M(128M) 2.141ms
[2026-09-27T03:54:50.976+0530][114.347s] GC(183) Pause Young (Normal) (G1 Evacuation Pause) 105M->30M(128M) 2.265ms
[2026-09-27T03:54:51.463+0530][114.835s] GC(184) Pause Young (Normal) (G1 Evacuation Pause) 104M->30M(128M) 2.789ms
[2026-09-27T03:54:51.928+0530][115.300s] GC(185) Pause Young (Normal) (G1 Evacuation Pause) 104M->30M(128M) 2.416ms
[2026-09-27T03:54:52.433+0530][115.804s] GC(186) Pause Young (Normal) (G1 Evacuation Pause) 104M->30M(128M) 2.629ms
[2026-09-27T03:54:52.860+0530][116.231s] GC(187) Pause Young (Normal) (G1 Evacuation Pause) 104M->30M(128M) 2.537ms
[2026-09-27T03:54:53.487+0530][116.859s] GC(188) Pause Young (Normal) (G1 Evacuation Pause) 104M->30M(128M) 2.531ms
[2026-09-27T03:54:54.010+0530][117.382s] GC(189) Pause Young (Normal) (G1 Evacuation Pause) 104M->30M(128M) 2.453ms
[2026-09-27T03:54:54.538+0530][117.909s] GC(190) Pause Young (Normal) (G1 Evacuation Pause) 104M->30M(128M) 2.309ms
[2026-09-27T03:54:55.042+0530][118.413s] GC(191) Pause Young (Normal) (G1 Evacuation Pause) 104M->30M(128M) 2.288ms
[2026-09-27T03:54:55.614+0530][118.985s] GC(192) Pause Young (Normal) (G1 Evacuation Pause) 104M->30M(128M) 2.524ms
[2026-09-27T03:54:56.061+0530][119.432s] GC(193) Pause Young (Normal) (G1 Evacuation Pause) 104M->30M(128M) 2.372ms
[2026-09-27T03:54:56.625+0530][119.998s] GC(194) Pause Young (Normal) (G1 Evacuation Pause) 104M->30M(128M) 2.622ms
[2026-09-27T03:54:57.132+0530][120.504s] GC(195) Pause Young (Normal) (G1 Evacuation Pause) 104M->30M(128M) 2.410ms
[2026-09-27T03:54:57.746+0530][121.118s] GC(196) Pause Young (Normal) (G1 Evacuation Pause) 105M->30M(128M) 2.094ms
[2026-09-27T03:54:58.291+0530][121.662s] GC(197) Pause Young (Normal) (G1 Evacuation Pause) 105M->30M(128M) 1.995ms
[2026-09-27T03:54:58.868+0530][122.239s] GC(198) Pause Young (Normal) (G1 Evacuation Pause) 105M->30M(128M) 1.918ms
[2026-09-27T03:54:59.399+0530][122.770s] GC(199) Pause Young (Normal) (G1 Evacuation Pause) 105M->30M(128M) 1.821ms
[2026-09-27T03:55:00.065+0530][123.437s] GC(200) Pause Young (Normal) (G1 Evacuation Pause) 105M->30M(128M) 1.838ms
[2026-09-27T03:55:00.570+0530][123.942s] GC(201) Pause Young (Normal) (G1 Evacuation Pause) 105M->30M(128M) 1.831ms
[2026-09-27T03:55:01.117+0530][124.488s] GC(202) Pause Young (Normal) (G1 Evacuation Pause) 105M->30M(128M) 1.822ms
[2026-09-27T03:55:01.617+0530][124.988s] GC(203) Pause Young (Normal) (G1 Evacuation Pause) 105M->30M(128M) 2.018ms
[2026-09-27T03:55:02.136+0530][125.508s] GC(204) Pause Young (Normal) (G1 Evacuation Pause) 105M->30M(128M) 1.780ms
[2026-09-27T03:55:02.650+0530][126.022s] GC(205) Pause Young (Normal) (G1 Evacuation Pause) 105M->30M(128M) 1.827ms
[2026-09-27T03:55:03.236+0530][126.607s] GC(206) Pause Young (Normal) (G1 Evacuation Pause) 105M->30M(128M) 1.720ms
[2026-09-27T03:55:03.800+0530][127.171s] GC(207) Pause Young (Normal) (G1 Evacuation Pause) 105M->30M(128M) 1.815ms
[2026-09-27T03:55:04.336+0530][127.707s] GC(208) Pause Young (Normal) (G1 Evacuation Pause) 105M->30M(128M) 2.136ms
[2026-09-27T03:55:04.902+0530][128.274s] GC(209) Pause Young (Normal) (G1 Evacuation Pause) 105M->30M(128M) 2.062ms
[2026-09-27T03:55:05.353+0530][128.725s] GC(210) Pause Young (Normal) (G1 Evacuation Pause) 105M->30M(128M) 2.166ms
[2026-09-27T03:55:05.831+0530][129.202s] GC(211) Pause Young (Normal) (G1 Evacuation Pause) 105M->30M(128M) 2.118ms
[2026-09-27T03:55:06.350+0530][129.722s] GC(212) Pause Young (Normal) (G1 Evacuation Pause) 105M->30M(128M) 2.152ms
[2026-09-27T03:55:06.689+0530][130.061s] GC(213) Pause Young (Normal) (G1 Evacuation Pause) 105M->30M(128M) 2.250ms
[2026-09-27T03:55:07.203+0530][130.574s] GC(214) Pause Young (Normal) (G1 Evacuation Pause) 105M->30M(128M) 2.263ms
[2026-09-27T03:55:07.666+0530][131.038s] GC(215) Pause Young (Normal) (G1 Evacuation Pause) 105M->30M(128M) 1.944ms
[2026-09-27T03:55:08.222+0530][131.593s] GC(216) Pause Young (Normal) (G1 Evacuation Pause) 105M->31M(128M) 2.306ms
[2026-09-27T03:55:08.732+0530][132.103s] GC(217) Pause Young (Normal) (G1 Evacuation Pause) 106M->30M(128M) 2.106ms
[2026-09-27T03:55:09.322+0530][132.694s] GC(218) Pause Young (Normal) (G1 Evacuation Pause) 105M->30M(128M) 1.712ms
[2026-09-27T03:55:09.833+0530][133.204s] GC(219) Pause Young (Normal) (G1 Evacuation Pause) 105M->30M(128M) 2.169ms
[2026-09-27T03:55:10.467+0530][133.839s] GC(220) Pause Young (Normal) (G1 Evacuation Pause) 105M->30M(128M) 2.099ms
[2026-09-27T03:55:10.981+0530][134.352s] GC(221) Pause Young (Normal) (G1 Evacuation Pause) 105M->30M(128M) 2.217ms
[2026-09-27T03:55:11.500+0530][134.872s] GC(222) Pause Young (Normal) (G1 Evacuation Pause) 105M->30M(128M) 2.101ms
[2026-09-27T03:55:11.998+0530][135.369s] GC(223) Pause Young (Normal) (G1 Evacuation Pause) 105M->30M(128M) 2.459ms
[2026-09-27T03:55:12.559+0530][135.931s] GC(224) Pause Young (Normal) (G1 Evacuation Pause) 105M->30M(128M) 1.999ms
[2026-09-27T03:55:13.070+0530][136.442s] GC(225) Pause Young (Normal) (G1 Evacuation Pause) 105M->31M(128M) 2.233ms
[2026-09-27T03:55:13.621+0530][136.993s] GC(226) Pause Young (Normal) (G1 Evacuation Pause) 106M->31M(128M) 1.840ms
[2026-09-27T03:55:14.282+0530][137.654s] GC(227) Pause Young (Normal) (G1 Evacuation Pause) 106M->30M(128M) 1.818ms
[2026-09-27T03:55:14.803+0530][138.174s] GC(228) Pause Young (Normal) (G1 Evacuation Pause) 105M->30M(128M) 1.827ms
[2026-09-27T03:55:15.381+0530][138.752s] GC(229) Pause Young (Normal) (G1 Evacuation Pause) 105M->30M(128M) 1.688ms
[2026-09-27T03:55:15.887+0530][139.259s] GC(230) Pause Young (Normal) (G1 Evacuation Pause) 105M->30M(128M) 1.834ms
[2026-09-27T03:55:16.438+0530][139.810s] GC(231) Pause Young (Normal) (G1 Evacuation Pause) 105M->31M(128M) 2.016ms
[2026-09-27T03:55:16.911+0530][140.283s] GC(232) Pause Young (Normal) (G1 Evacuation Pause) 106M->31M(128M) 1.855ms
[2026-09-27T03:55:17.464+0530][140.836s] GC(233) Pause Young (Normal) (G1 Evacuation Pause) 106M->31M(128M) 2.171ms
[2026-09-27T03:55:17.981+0530][141.353s] GC(234) Pause Young (Normal) (G1 Evacuation Pause) 106M->31M(128M) 2.055ms
[2026-09-27T03:55:18.562+0530][141.934s] GC(235) Pause Young (Normal) (G1 Evacuation Pause) 106M->31M(128M) 2.261ms
[2026-09-27T03:55:19.123+0530][142.495s] GC(236) Pause Young (Normal) (G1 Evacuation Pause) 106M->31M(128M) 2.013ms
[2026-09-27T03:55:19.654+0530][143.026s] GC(237) Pause Young (Normal) (G1 Evacuation Pause) 106M->31M(128M) 2.128ms
[2026-09-27T03:55:20.202+0530][143.573s] GC(238) Pause Young (Normal) (G1 Evacuation Pause) 106M->31M(128M) 2.331ms
[2026-09-27T03:55:20.719+0530][144.091s] GC(239) Pause Young (Normal) (G1 Evacuation Pause) 106M->31M(128M) 2.295ms
[2026-09-27T03:55:21.103+0530][144.475s] GC(240) Pause Young (Normal) (G1 Evacuation Pause) 106M->31M(128M) 2.044ms
[2026-09-27T03:55:21.611+0530][144.983s] GC(241) Pause Young (Normal) (G1 Evacuation Pause) 106M->31M(128M) 2.254ms
[2026-09-27T03:55:21.997+0530][145.369s] GC(242) Pause Young (Normal) (G1 Evacuation Pause) 106M->31M(128M) 2.151ms
[2026-09-27T03:55:22.497+0530][145.868s] GC(243) Pause Young (Normal) (G1 Evacuation Pause) 106M->31M(128M) 2.291ms
[2026-09-27T03:55:22.987+0530][146.359s] GC(244) Pause Young (Normal) (G1 Evacuation Pause) 106M->31M(128M) 2.185ms
[2026-09-27T03:55:23.501+0530][146.872s] GC(245) Pause Young (Normal) (G1 Evacuation Pause) 106M->31M(128M) 2.353ms
[2026-09-27T03:55:24.011+0530][147.382s] GC(246) Pause Young (Normal) (G1 Evacuation Pause) 106M->31M(128M) 2.248ms
[2026-09-27T03:55:24.573+0530][147.945s] GC(247) Pause Young (Normal) (G1 Evacuation Pause) 106M->31M(128M) 2.191ms
[2026-09-27T03:55:25.084+0530][148.456s] GC(248) Pause Young (Normal) (G1 Evacuation Pause) 105M->31M(128M) 2.227ms
[2026-09-27T03:55:25.728+0530][149.100s] GC(249) Pause Young (Normal) (G1 Evacuation Pause) 106M->31M(128M) 2.306ms
[2026-09-27T03:55:26.161+0530][149.532s] GC(250) Pause Young (Normal) (G1 Evacuation Pause) 105M->31M(128M) 2.165ms
[2026-09-27T03:55:26.747+0530][150.119s] GC(251) Pause Young (Normal) (G1 Evacuation Pause) 106M->31M(128M) 2.435ms
[2026-09-27T03:55:27.262+0530][150.633s] GC(252) Pause Young (Normal) (G1 Evacuation Pause) 106M->31M(128M) 2.159ms
[2026-09-27T03:55:27.824+0530][151.196s] GC(253) Pause Young (Normal) (G1 Evacuation Pause) 106M->31M(128M) 2.429ms
[2026-09-27T03:55:28.341+0530][151.712s] GC(254) Pause Young (Normal) (G1 Evacuation Pause) 106M->31M(128M) 2.040ms
[2026-09-27T03:55:28.861+0530][152.233s] GC(255) Pause Young (Normal) (G1 Evacuation Pause) 106M->31M(128M) 2.042ms
[2026-09-27T03:55:29.524+0530][152.895s] GC(256) Pause Young (Normal) (G1 Evacuation Pause) 106M->31M(128M) 1.817ms
[2026-09-27T03:55:30.045+0530][153.417s] GC(257) Pause Young (Normal) (G1 Evacuation Pause) 106M->31M(128M) 1.725ms
[2026-09-27T03:55:30.558+0530][153.930s] GC(258) Pause Young (Normal) (G1 Evacuation Pause) 106M->31M(128M) 1.807ms
[2026-09-27T03:55:31.146+0530][154.517s] GC(259) Pause Young (Normal) (G1 Evacuation Pause) 106M->31M(128M) 1.758ms
[2026-09-27T03:55:31.658+0530][155.030s] GC(260) Pause Young (Normal) (G1 Evacuation Pause) 106M->31M(128M) 1.900ms
[2026-09-27T03:55:32.191+0530][155.562s] GC(261) Pause Young (Normal) (G1 Evacuation Pause) 106M->31M(128M) 1.835ms
[2026-09-27T03:55:32.674+0530][156.046s] GC(262) Pause Young (Normal) (G1 Evacuation Pause) 106M->31M(128M) 1.972ms
[2026-09-27T03:55:33.267+0530][156.639s] GC(263) Pause Young (Normal) (G1 Evacuation Pause) 106M->31M(128M) 1.999ms
[2026-09-27T03:55:33.782+0530][157.154s] GC(264) Pause Young (Normal) (G1 Evacuation Pause) 106M->31M(128M) 2.035ms
[2026-09-27T03:55:34.340+0530][157.711s] GC(265) Pause Young (Normal) (G1 Evacuation Pause) 106M->31M(128M) 1.994ms
[2026-09-27T03:55:34.849+0530][158.221s] GC(266) Pause Young (Normal) (G1 Evacuation Pause) 106M->31M(128M) 2.127ms
[2026-09-27T03:55:35.409+0530][158.781s] GC(267) Pause Young (Normal) (G1 Evacuation Pause) 106M->32M(128M) 1.996ms
[2026-09-27T03:55:35.864+0530][159.235s] GC(268) Pause Young (Normal) (G1 Evacuation Pause) 106M->32M(128M) 1.836ms
[2026-09-27T03:55:36.358+0530][159.729s] GC(269) Pause Young (Normal) (G1 Evacuation Pause) 107M->32M(128M) 2.354ms
[2026-09-27T03:55:36.841+0530][160.212s] GC(270) Pause Young (Normal) (G1 Evacuation Pause) 107M->32M(128M) 2.476ms
[2026-09-27T03:55:37.256+0530][160.627s] GC(271) Pause Young (Normal) (G1 Evacuation Pause) 107M->32M(128M) 2.287ms
[2026-09-27T03:55:37.683+0530][161.054s] GC(272) Pause Young (Normal) (G1 Evacuation Pause) 107M->32M(128M) 2.110ms
[2026-09-27T03:55:38.183+0530][161.554s] GC(273) Pause Young (Normal) (G1 Evacuation Pause) 107M->32M(128M) 2.381ms
[2026-09-27T03:55:38.680+0530][162.051s] GC(274) Pause Young (Normal) (G1 Evacuation Pause) 107M->32M(128M) 2.130ms
[2026-09-27T03:55:39.258+0530][162.630s] GC(275) Pause Young (Normal) (G1 Evacuation Pause) 107M->32M(128M) 2.209ms
[2026-09-27T03:55:39.768+0530][163.140s] GC(276) Pause Young (Normal) (G1 Evacuation Pause) 107M->32M(128M) 2.136ms
[2026-09-27T03:55:40.365+0530][163.736s] GC(277) Pause Young (Normal) (G1 Evacuation Pause) 107M->32M(128M) 2.060ms
[2026-09-27T03:55:40.891+0530][164.262s] GC(278) Pause Young (Normal) (G1 Evacuation Pause) 107M->32M(128M) 2.285ms
[2026-09-27T03:55:41.421+0530][164.793s] GC(279) Pause Young (Normal) (G1 Evacuation Pause) 107M->32M(128M) 2.129ms
[2026-09-27T03:55:41.924+0530][165.295s] GC(280) Pause Young (Normal) (G1 Evacuation Pause) 107M->32M(128M) 2.260ms
[2026-09-27T03:55:42.471+0530][165.842s] GC(281) Pause Young (Normal) (G1 Evacuation Pause) 107M->32M(128M) 2.054ms
[2026-09-27T03:55:42.952+0530][166.324s] GC(282) Pause Young (Normal) (G1 Evacuation Pause) 107M->32M(128M) 2.094ms
[2026-09-27T03:55:43.500+0530][166.871s] GC(283) Pause Young (Normal) (G1 Evacuation Pause) 107M->32M(128M) 2.087ms
[2026-09-27T03:55:44.008+0530][167.380s] GC(284) Pause Young (Normal) (G1 Evacuation Pause) 107M->32M(128M) 1.967ms
[2026-09-27T03:55:44.738+0530][168.110s] GC(285) Pause Young (Normal) (G1 Evacuation Pause) 107M->32M(128M) 2.205ms
[2026-09-27T03:55:45.249+0530][168.620s] GC(286) Pause Young (Normal) (G1 Evacuation Pause) 107M->32M(128M) 1.959ms
[2026-09-27T03:55:45.779+0530][169.151s] GC(287) Pause Young (Normal) (G1 Evacuation Pause) 107M->32M(128M) 1.694ms
[2026-09-27T03:55:46.290+0530][169.661s] GC(288) Pause Young (Normal) (G1 Evacuation Pause) 107M->32M(128M) 1.979ms
[2026-09-27T03:55:46.847+0530][170.219s] GC(289) Pause Young (Normal) (G1 Evacuation Pause) 107M->32M(128M) 2.259ms
[2026-09-27T03:55:47.370+0530][170.742s] GC(290) Pause Young (Normal) (G1 Evacuation Pause) 106M->32M(128M) 1.948ms
[2026-09-27T03:55:47.880+0530][171.252s] GC(291) Pause Young (Normal) (G1 Evacuation Pause) 107M->33M(128M) 2.002ms
[2026-09-27T03:55:48.384+0530][171.756s] GC(292) Pause Young (Normal) (G1 Evacuation Pause) 107M->32M(128M) 2.370ms
[2026-09-27T03:55:48.936+0530][172.307s] GC(293) Pause Young (Normal) (G1 Evacuation Pause) 107M->32M(128M) 2.154ms
[2026-09-27T03:55:49.423+0530][172.794s] GC(294) Pause Young (Normal) (G1 Evacuation Pause) 106M->32M(128M) 2.052ms
[2026-09-27T03:55:49.996+0530][173.368s] GC(295) Pause Young (Normal) (G1 Evacuation Pause) 107M->33M(128M) 2.531ms
[2026-09-27T03:55:50.542+0530][173.913s] GC(296) Pause Young (Normal) (G1 Evacuation Pause) 107M->32M(128M) 2.099ms
[2026-09-27T03:55:51.030+0530][174.401s] GC(297) Pause Young (Normal) (G1 Evacuation Pause) 107M->33M(128M) 2.501ms
[2026-09-27T03:55:51.510+0530][174.881s] GC(298) Pause Young (Normal) (G1 Evacuation Pause) 107M->32M(128M) 2.275ms
[2026-09-27T03:55:52.021+0530][175.393s] GC(299) Pause Young (Normal) (G1 Evacuation Pause) 107M->32M(128M) 2.284ms
[2026-09-27T03:55:52.361+0530][175.732s] GC(300) Pause Young (Normal) (G1 Evacuation Pause) 106M->32M(128M) 2.197ms
[2026-09-27T03:55:52.867+0530][176.239s] GC(301) Pause Young (Normal) (G1 Evacuation Pause) 107M->32M(128M) 2.252ms
[2026-09-27T03:55:53.348+0530][176.721s] GC(302) Pause Young (Normal) (G1 Evacuation Pause) 107M->32M(128M) 2.179ms
[2026-09-27T03:55:53.857+0530][177.229s] GC(303) Pause Young (Normal) (G1 Evacuation Pause) 107M->32M(128M) 2.501ms
[2026-09-27T03:55:54.361+0530][177.732s] GC(304) Pause Young (Normal) (G1 Evacuation Pause) 107M->32M(128M) 2.232ms
[2026-09-27T03:55:54.878+0530][178.250s] GC(305) Pause Young (Normal) (G1 Evacuation Pause) 107M->32M(128M) 2.361ms
[2026-09-27T03:55:55.387+0530][178.759s] GC(306) Pause Young (Normal) (G1 Evacuation Pause) 107M->32M(128M) 2.117ms
[2026-09-27T03:55:55.969+0530][179.340s] GC(307) Pause Young (Normal) (G1 Evacuation Pause) 106M->32M(128M) 2.270ms
[2026-09-27T03:55:56.479+0530][179.850s] GC(308) Pause Young (Normal) (G1 Evacuation Pause) 107M->32M(128M) 2.156ms
[2026-09-27T03:55:57.116+0530][180.487s] GC(309) Pause Young (Normal) (G1 Evacuation Pause) 107M->32M(128M) 2.041ms
[2026-09-27T03:55:57.572+0530][180.944s] GC(310) Pause Young (Normal) (G1 Evacuation Pause) 107M->32M(128M) 2.094ms
[2026-09-27T03:55:58.146+0530][181.518s] GC(311) Pause Young (Normal) (G1 Evacuation Pause) 107M->32M(128M) 2.025ms
[2026-09-27T03:55:58.645+0530][182.017s] GC(312) Pause Young (Normal) (G1 Evacuation Pause) 107M->32M(128M) 2.079ms
[2026-09-27T03:55:59.165+0530][182.536s] GC(313) Pause Young (Normal) (G1 Evacuation Pause) 107M->32M(128M) 2.139ms
[2026-09-27T03:55:59.667+0530][183.038s] GC(314) Pause Young (Normal) (G1 Evacuation Pause) 107M->32M(128M) 1.728ms
[2026-09-27T03:56:00.216+0530][183.587s] GC(315) Pause Young (Normal) (G1 Evacuation Pause) 107M->32M(128M) 1.835ms
[2026-09-27T03:56:00.743+0530][184.115s] GC(316) Pause Young (Normal) (G1 Evacuation Pause) 107M->32M(128M) 1.831ms
[2026-09-27T03:56:01.417+0530][184.789s] GC(317) Pause Young (Normal) (G1 Evacuation Pause) 107M->33M(128M) 2.058ms
[2026-09-27T03:56:01.940+0530][185.312s] GC(318) Pause Young (Normal) (G1 Evacuation Pause) 108M->32M(128M) 1.868ms
[2026-09-27T03:56:02.452+0530][185.823s] GC(319) Pause Young (Normal) (G1 Evacuation Pause) 107M->33M(128M) 2.157ms
[2026-09-27T03:56:02.961+0530][186.332s] GC(320) Pause Young (Normal) (G1 Evacuation Pause) 107M->32M(128M) 1.915ms
[2026-09-27T03:56:03.483+0530][186.855s] GC(321) Pause Young (Normal) (G1 Evacuation Pause) 107M->32M(128M) 1.876ms
[2026-09-27T03:56:03.973+0530][187.345s] GC(322) Pause Young (Normal) (G1 Evacuation Pause) 107M->33M(128M) 2.379ms
[2026-09-27T03:56:04.496+0530][187.867s] GC(323) Pause Young (Normal) (G1 Evacuation Pause) 108M->33M(128M) 2.221ms
[2026-09-27T03:56:04.996+0530][188.368s] GC(324) Pause Young (Normal) (G1 Evacuation Pause) 108M->33M(128M) 2.115ms
[2026-09-27T03:56:05.577+0530][188.948s] GC(325) Pause Young (Normal) (G1 Evacuation Pause) 108M->33M(128M) 2.215ms
[2026-09-27T03:56:06.020+0530][189.391s] GC(326) Pause Young (Normal) (G1 Evacuation Pause) 108M->33M(128M) 1.850ms
[2026-09-27T03:56:06.554+0530][189.926s] GC(327) Pause Young (Normal) (G1 Evacuation Pause) 108M->33M(128M) 2.141ms
[2026-09-27T03:56:07.013+0530][190.385s] GC(328) Pause Young (Normal) (G1 Evacuation Pause) 108M->33M(128M) 2.121ms
[2026-09-27T03:56:07.509+0530][190.881s] GC(329) Pause Young (Normal) (G1 Evacuation Pause) 108M->33M(128M) 1.875ms
[2026-09-27T03:56:07.848+0530][191.219s] GC(330) Pause Young (Normal) (G1 Evacuation Pause) 108M->33M(128M) 2.026ms
[2026-09-27T03:56:08.338+0530][191.710s] GC(331) Pause Young (Normal) (G1 Evacuation Pause) 108M->33M(128M) 2.026ms
[2026-09-27T03:56:08.810+0530][192.182s] GC(332) Pause Young (Normal) (G1 Evacuation Pause) 108M->33M(128M) 2.174ms
[2026-09-27T03:56:09.321+0530][192.692s] GC(333) Pause Young (Normal) (G1 Evacuation Pause) 108M->33M(128M) 2.193ms
[2026-09-27T03:56:09.827+0530][193.198s] GC(334) Pause Young (Normal) (G1 Evacuation Pause) 108M->33M(128M) 2.103ms
[2026-09-27T03:56:10.362+0530][193.734s] GC(335) Pause Young (Normal) (G1 Evacuation Pause) 108M->33M(128M) 2.185ms
[2026-09-27T03:56:10.900+0530][194.271s] GC(336) Pause Young (Normal) (G1 Evacuation Pause) 108M->33M(128M) 1.925ms
[2026-09-27T03:56:11.557+0530][194.929s] GC(337) Pause Young (Normal) (G1 Evacuation Pause) 108M->33M(128M) 2.023ms
[2026-09-27T03:56:12.069+0530][195.440s] GC(338) Pause Young (Normal) (G1 Evacuation Pause) 108M->33M(128M) 1.780ms
[2026-09-27T03:56:12.602+0530][195.974s] GC(339) Pause Young (Normal) (G1 Evacuation Pause) 108M->33M(128M) 1.845ms
[2026-09-27T03:56:13.106+0530][196.478s] GC(340) Pause Young (Normal) (G1 Evacuation Pause) 108M->33M(128M) 2.058ms
[2026-09-27T03:56:13.690+0530][197.062s] GC(341) Pause Young (Normal) (G1 Evacuation Pause) 108M->33M(128M) 1.959ms
[2026-09-27T03:56:14.127+0530][197.499s] GC(342) Pause Young (Normal) (G1 Evacuation Pause) 108M->33M(128M) 1.817ms
[2026-09-27T03:56:14.708+0530][198.080s] GC(343) Pause Young (Normal) (G1 Evacuation Pause) 108M->33M(128M) 2.191ms
[2026-09-27T03:56:15.216+0530][198.587s] GC(344) Pause Young (Normal) (G1 Evacuation Pause) 108M->33M(128M) 1.915ms
[2026-09-27T03:56:15.753+0530][199.124s] GC(345) Pause Young (Normal) (G1 Evacuation Pause) 108M->33M(128M) 2.031ms
[2026-09-27T03:56:16.301+0530][199.672s] GC(346) Pause Young (Normal) (G1 Evacuation Pause) 108M->33M(128M) 1.834ms
[2026-09-27T03:56:16.889+0530][200.260s] GC(347) Pause Young (Normal) (G1 Evacuation Pause) 108M->33M(128M) 1.900ms
[2026-09-27T03:56:17.397+0530][200.768s] GC(348) Pause Young (Normal) (G1 Evacuation Pause) 108M->33M(128M) 1.549ms
[2026-09-27T03:56:17.934+0530][201.306s] GC(349) Pause Young (Normal) (G1 Evacuation Pause) 108M->33M(128M) 1.833ms
[2026-09-27T03:56:18.416+0530][201.788s] GC(350) Pause Young (Normal) (G1 Evacuation Pause) 108M->33M(128M) 1.918ms
[2026-09-27T03:56:18.953+0530][202.325s] GC(351) Pause Young (Normal) (G1 Evacuation Pause) 108M->33M(128M) 1.982ms
[2026-09-27T03:56:19.436+0530][202.807s] GC(352) Pause Young (Normal) (G1 Evacuation Pause) 108M->33M(128M) 2.486ms
[2026-09-27T03:56:19.977+0530][203.349s] GC(353) Pause Young (Normal) (G1 Evacuation Pause) 108M->33M(128M) 2.196ms
[2026-09-27T03:56:20.489+0530][203.861s] GC(354) Pause Young (Normal) (G1 Evacuation Pause) 108M->33M(128M) 2.185ms
[2026-09-27T03:56:21.017+0530][204.389s] GC(355) Pause Young (Normal) (G1 Evacuation Pause) 108M->33M(128M) 2.193ms
[2026-09-27T03:56:21.493+0530][204.865s] GC(356) Pause Young (Normal) (G1 Evacuation Pause) 108M->33M(128M) 2.232ms
[2026-09-27T03:56:21.990+0530][205.362s] GC(357) Pause Young (Normal) (G1 Evacuation Pause) 108M->34M(128M) 2.102ms
[2026-09-27T03:56:22.491+0530][205.863s] GC(358) Pause Young (Normal) (G1 Evacuation Pause) 109M->34M(128M) 2.068ms
[2026-09-27T03:56:22.909+0530][206.281s] GC(359) Pause Young (Normal) (G1 Evacuation Pause) 109M->34M(128M) 1.951ms
[2026-09-27T03:56:23.349+0530][206.721s] GC(360) Pause Young (Normal) (G1 Evacuation Pause) 109M->34M(128M) 2.582ms
[2026-09-27T03:56:23.849+0530][207.220s] GC(361) Pause Young (Normal) (G1 Evacuation Pause) 108M->34M(128M) 2.347ms
[2026-09-27T03:56:24.371+0530][207.743s] GC(362) Pause Young (Normal) (G1 Evacuation Pause) 108M->33M(128M) 2.241ms
[2026-09-27T03:56:24.778+0530][208.150s] GC(363) Pause Young (Normal) (G1 Evacuation Pause) 108M->34M(128M) 2.198ms
[2026-09-27T03:56:25.370+0530][208.742s] GC(364) Pause Young (Normal) (G1 Evacuation Pause) 109M->34M(128M) 2.484ms
[2026-09-27T03:56:25.868+0530][209.239s] GC(365) Pause Young (Normal) (G1 Evacuation Pause) 109M->34M(128M) 2.381ms
[2026-09-27T03:56:26.390+0530][209.761s] GC(366) Pause Young (Normal) (G1 Evacuation Pause) 108M->34M(128M) 2.505ms
[2026-09-27T03:56:26.902+0530][210.274s] GC(367) Pause Young (Normal) (G1 Evacuation Pause) 109M->34M(128M) 2.215ms
[2026-09-27T03:56:27.445+0530][210.816s] GC(368) Pause Young (Normal) (G1 Evacuation Pause) 109M->34M(128M) 2.008ms
[2026-09-27T03:56:27.952+0530][211.323s] GC(369) Pause Young (Normal) (G1 Evacuation Pause) 109M->34M(128M) 2.028ms
[2026-09-27T03:56:28.538+0530][211.909s] GC(370) Pause Young (Normal) (G1 Evacuation Pause) 109M->34M(128M) 2.358ms
[2026-09-27T03:56:29.088+0530][212.459s] GC(371) Pause Young (Normal) (G1 Evacuation Pause) 108M->34M(128M) 2.172ms
[2026-09-27T03:56:29.589+0530][212.960s] GC(372) Pause Young (Normal) (G1 Evacuation Pause) 109M->35M(128M) 2.324ms
[2026-09-27T03:56:30.099+0530][213.471s] GC(373) Pause Young (Normal) (G1 Evacuation Pause) 109M->34M(128M) 2.238ms
[2026-09-27T03:56:30.621+0530][213.993s] GC(374) Pause Young (Normal) (G1 Evacuation Pause) 109M->34M(128M) 2.265ms
[2026-09-27T03:56:31.124+0530][214.495s] GC(375) Pause Young (Normal) (G1 Evacuation Pause) 109M->34M(128M) 1.976ms
[2026-09-27T03:56:31.642+0530][215.014s] GC(376) Pause Young (Normal) (G1 Evacuation Pause) 109M->34M(128M) 1.937ms
[2026-09-27T03:56:32.149+0530][215.520s] GC(377) Pause Young (Normal) (G1 Evacuation Pause) 109M->34M(128M) 2.134ms
[2026-09-27T03:56:32.704+0530][216.076s] GC(378) Pause Young (Normal) (G1 Evacuation Pause) 109M->34M(128M) 1.974ms
[2026-09-27T03:56:33.215+0530][216.587s] GC(379) Pause Young (Normal) (G1 Evacuation Pause) 109M->34M(128M) 2.223ms
[2026-09-27T03:56:33.742+0530][217.114s] GC(380) Pause Young (Normal) (G1 Evacuation Pause) 109M->35M(128M) 2.524ms
[2026-09-27T03:56:34.404+0530][217.776s] GC(381) Pause Young (Normal) (G1 Evacuation Pause) 109M->34M(128M) 2.431ms
[2026-09-27T03:56:34.782+0530][218.154s] GC(382) Pause Young (Normal) (G1 Evacuation Pause) 109M->35M(128M) 2.760ms
[2026-09-27T03:56:35.229+0530][218.601s] GC(383) Pause Young (Normal) (G1 Evacuation Pause) 109M->34M(128M) 2.476ms
[2026-09-27T03:56:35.820+0530][219.192s] GC(384) Pause Young (Normal) (G1 Evacuation Pause) 109M->35M(128M) 2.842ms
[2026-09-27T03:56:36.272+0530][219.643s] GC(385) Pause Young (Normal) (G1 Evacuation Pause) 109M->35M(128M) 2.268ms
[2026-09-27T03:56:36.788+0530][220.160s] GC(386) Pause Young (Normal) (G1 Evacuation Pause) 109M->35M(128M) 2.785ms
[2026-09-27T03:56:37.230+0530][220.602s] GC(387) Pause Young (Normal) (G1 Evacuation Pause) 109M->35M(128M) 2.556ms
[2026-09-27T03:56:37.733+0530][221.105s] GC(388) Pause Young (Normal) (G1 Evacuation Pause) 109M->35M(128M) 2.508ms
[2026-09-27T03:56:38.078+0530][221.449s] GC(389) Pause Young (Normal) (G1 Evacuation Pause) 109M->35M(128M) 2.051ms
[2026-09-27T03:56:38.582+0530][221.954s] GC(390) Pause Young (Normal) (G1 Evacuation Pause) 109M->34M(128M) 2.346ms
[2026-09-27T03:56:39.053+0530][222.425s] GC(391) Pause Young (Normal) (G1 Evacuation Pause) 109M->34M(128M) 2.564ms
[2026-09-27T03:56:39.587+0530][222.959s] GC(392) Pause Young (Normal) (G1 Evacuation Pause) 108M->35M(128M) 2.313ms
[2026-09-27T03:56:40.047+0530][223.419s] GC(393) Pause Young (Normal) (G1 Evacuation Pause) 109M->34M(128M) 2.368ms
[2026-09-27T03:56:40.566+0530][223.937s] GC(394) Pause Young (Normal) (G1 Evacuation Pause) 108M->34M(128M) 2.593ms
[2026-09-27T03:56:41.064+0530][224.436s] GC(395) Pause Young (Normal) (G1 Evacuation Pause) 108M->34M(128M) 2.508ms
[2026-09-27T03:56:41.581+0530][224.953s] GC(396) Pause Young (Normal) (G1 Evacuation Pause) 108M->35M(128M) 2.600ms
[2026-09-27T03:56:42.098+0530][225.470s] GC(397) Pause Young (Normal) (G1 Evacuation Pause) 110M->34M(128M) 2.065ms
[2026-09-27T03:56:42.651+0530][226.024s] GC(398) Pause Young (Normal) (G1 Evacuation Pause) 109M->35M(128M) 2.115ms
[2026-09-27T03:56:43.157+0530][226.528s] GC(399) Pause Young (Normal) (G1 Evacuation Pause) 110M->35M(128M) 1.921ms
[2026-09-27T03:56:43.674+0530][227.046s] GC(400) Pause Young (Normal) (G1 Evacuation Pause) 110M->35M(128M) 1.875ms
[2026-09-27T03:56:44.180+0530][227.551s] GC(401) Pause Young (Normal) (G1 Evacuation Pause) 110M->35M(128M) 1.743ms
[2026-09-27T03:56:44.701+0530][228.072s] GC(402) Pause Young (Normal) (G1 Evacuation Pause) 110M->35M(128M) 1.998ms
[2026-09-27T03:56:45.203+0530][228.574s] GC(403) Pause Young (Normal) (G1 Evacuation Pause) 110M->35M(128M) 2.142ms
[2026-09-27T03:56:45.705+0530][229.077s] GC(404) Pause Young (Normal) (G1 Evacuation Pause) 109M->35M(128M) 2.258ms
[2026-09-27T03:56:46.230+0530][229.601s] GC(405) Pause Young (Normal) (G1 Evacuation Pause) 110M->35M(128M) 2.010ms
[2026-09-27T03:56:46.718+0530][230.090s] GC(406) Pause Young (Normal) (G1 Evacuation Pause) 109M->35M(128M) 1.992ms
[2026-09-27T03:56:47.268+0530][230.640s] GC(407) Pause Young (Normal) (G1 Evacuation Pause) 110M->35M(128M) 2.158ms
[2026-09-27T03:56:47.861+0530][231.232s] GC(408) Pause Young (Normal) (G1 Evacuation Pause) 109M->35M(128M) 1.761ms
[2026-09-27T03:56:48.364+0530][231.735s] GC(409) Pause Young (Normal) (G1 Evacuation Pause) 110M->35M(128M) 1.573ms
[2026-09-27T03:56:48.883+0530][232.255s] GC(410) Pause Young (Normal) (G1 Evacuation Pause) 110M->35M(128M) 1.761ms
[2026-09-27T03:56:49.382+0530][232.754s] GC(411) Pause Young (Normal) (G1 Evacuation Pause) 110M->35M(128M) 1.765ms
[2026-09-27T03:56:49.894+0530][233.265s] GC(412) Pause Young (Normal) (G1 Evacuation Pause) 110M->35M(128M) 2.037ms
[2026-09-27T03:56:50.392+0530][233.763s] GC(413) Pause Young (Normal) (G1 Evacuation Pause) 110M->36M(128M) 2.334ms
[2026-09-27T03:56:50.897+0530][234.268s] GC(414) Pause Young (Normal) (G1 Evacuation Pause) 110M->35M(128M) 1.993ms
[2026-09-27T03:56:51.415+0530][234.787s] GC(415) Pause Young (Normal) (G1 Evacuation Pause) 110M->35M(128M) 2.416ms
[2026-09-27T03:56:51.793+0530][235.165s] GC(416) Pause Young (Normal) (G1 Evacuation Pause) 110M->35M(128M) 2.107ms
[2026-09-27T03:56:52.297+0530][235.668s] GC(417) Pause Young (Normal) (G1 Evacuation Pause) 110M->35M(128M) 1.963ms
[2026-09-27T03:56:52.783+0530][236.155s] GC(418) Pause Young (Normal) (G1 Evacuation Pause) 110M->35M(128M) 2.000ms
[2026-09-27T03:56:53.226+0530][236.598s] GC(419) Pause Young (Normal) (G1 Evacuation Pause) 109M->35M(128M) 2.139ms
[2026-09-27T03:56:53.708+0530][237.080s] GC(420) Pause Young (Normal) (G1 Evacuation Pause) 110M->35M(128M) 2.041ms
[2026-09-27T03:56:54.213+0530][237.584s] GC(421) Pause Young (Normal) (G1 Evacuation Pause) 110M->35M(128M) 1.967ms
[2026-09-27T03:56:54.714+0530][238.085s] GC(422) Pause Young (Normal) (G1 Evacuation Pause) 110M->35M(128M) 2.099ms
[2026-09-27T03:56:55.240+0530][238.611s] GC(423) Pause Young (Normal) (G1 Evacuation Pause) 110M->35M(128M) 2.315ms
[2026-09-27T03:56:55.651+0530][239.022s] GC(424) Pause Young (Normal) (G1 Evacuation Pause) 110M->36M(128M) 2.377ms
[2026-09-27T03:56:56.036+0530][239.408s] GC(425) Pause Young (Normal) (G1 Evacuation Pause) 110M->35M(128M) 2.288ms
[2026-09-27T03:56:56.671+0530][240.043s] GC(426) Pause Young (Normal) (G1 Evacuation Pause) 110M->36M(128M) 2.514ms
[2026-09-27T03:56:57.060+0530][240.432s] GC(427) Pause Young (Normal) (G1 Evacuation Pause) 110M->35M(128M) 2.004ms
[2026-09-27T03:56:57.716+0530][241.088s] GC(428) Pause Young (Normal) (G1 Evacuation Pause) 110M->36M(128M) 2.475ms
[2026-09-27T03:56:58.283+0530][241.655s] GC(429) Pause Young (Normal) (G1 Evacuation Pause) 110M->35M(128M) 1.881ms
[2026-09-27T03:56:58.788+0530][242.160s] GC(430) Pause Young (Normal) (G1 Evacuation Pause) 110M->35M(128M) 1.931ms
[2026-09-27T03:56:59.304+0530][242.676s] GC(431) Pause Young (Normal) (G1 Evacuation Pause) 110M->35M(128M) 1.912ms
[2026-09-27T03:56:59.810+0530][243.182s] GC(432) Pause Young (Normal) (G1 Evacuation Pause) 110M->35M(128M) 1.762ms
[2026-09-27T03:57:00.322+0530][243.694s] GC(433) Pause Young (Normal) (G1 Evacuation Pause) 110M->35M(128M) 1.920ms
[2026-09-27T03:57:00.830+0530][244.202s] GC(434) Pause Young (Normal) (G1 Evacuation Pause) 110M->36M(128M) 2.224ms
[2026-09-27T03:57:01.331+0530][244.702s] GC(435) Pause Young (Normal) (G1 Evacuation Pause) 110M->35M(128M) 1.805ms
[2026-09-27T03:57:01.843+0530][245.215s] GC(436) Pause Young (Normal) (G1 Evacuation Pause) 110M->35M(128M) 2.029ms
[2026-09-27T03:57:02.339+0530][245.711s] GC(437) Pause Young (Normal) (G1 Evacuation Pause) 110M->35M(128M) 2.074ms
[2026-09-27T03:57:02.877+0530][246.249s] GC(438) Pause Young (Normal) (G1 Evacuation Pause) 110M->35M(128M) 1.807ms
[2026-09-27T03:57:03.382+0530][246.754s] GC(439) Pause Young (Normal) (G1 Evacuation Pause) 110M->35M(128M) 1.821ms
[2026-09-27T03:57:03.895+0530][247.268s] GC(440) Pause Young (Normal) (G1 Evacuation Pause) 110M->35M(128M) 1.944ms
[2026-09-27T03:57:04.401+0530][247.773s] GC(441) Pause Young (Normal) (G1 Evacuation Pause) 110M->35M(128M) 2.139ms
[2026-09-27T03:57:04.916+0530][248.288s] GC(442) Pause Young (Normal) (G1 Evacuation Pause) 110M->35M(128M) 2.470ms
[2026-09-27T03:57:05.408+0530][248.779s] GC(443) Pause Young (Normal) (G1 Evacuation Pause) 110M->36M(128M) 2.047ms
[2026-09-27T03:57:05.919+0530][249.291s] GC(444) Pause Young (Normal) (G1 Evacuation Pause) 111M->36M(128M) 2.146ms
[2026-09-27T03:57:06.413+0530][249.784s] GC(445) Pause Young (Normal) (G1 Evacuation Pause) 111M->36M(128M) 2.501ms
[2026-09-27T03:57:06.907+0530][250.278s] GC(446) Pause Young (Normal) (G1 Evacuation Pause) 111M->36M(128M) 2.342ms
[2026-09-27T03:57:07.189+0530][250.560s] GC(447) Pause Young (Normal) (G1 Evacuation Pause) 110M->36M(128M) 1.885ms
[2026-09-27T03:57:07.614+0530][250.986s] GC(448) Pause Young (Normal) (G1 Evacuation Pause) 110M->36M(128M) 2.256ms
[2026-09-27T03:57:08.112+0530][251.483s] GC(449) Pause Young (Normal) (G1 Evacuation Pause) 110M->36M(128M) 2.097ms
[2026-09-27T03:57:08.589+0530][251.961s] GC(450) Pause Young (Normal) (G1 Evacuation Pause) 110M->36M(128M) 2.103ms
[2026-09-27T03:57:09.108+0530][252.480s] GC(451) Pause Young (Normal) (G1 Evacuation Pause) 110M->36M(128M) 2.192ms
[2026-09-27T03:57:09.482+0530][252.853s] GC(452) Pause Young (Normal) (G1 Evacuation Pause) 111M->36M(128M) 1.912ms
[2026-09-27T03:57:09.991+0530][253.363s] GC(453) Pause Young (Normal) (G1 Evacuation Pause) 111M->36M(128M) 1.804ms
[2026-09-27T03:57:10.488+0530][253.860s] GC(454) Pause Young (Normal) (G1 Evacuation Pause) 111M->36M(128M) 2.019ms
[2026-09-27T03:57:11.010+0530][254.381s] GC(455) Pause Young (Normal) (G1 Evacuation Pause) 111M->36M(128M) 1.988ms
[2026-09-27T03:57:11.489+0530][254.861s] GC(456) Pause Young (Normal) (G1 Evacuation Pause) 111M->36M(128M) 1.903ms
[2026-09-27T03:57:11.992+0530][255.363s] GC(457) Pause Young (Normal) (G1 Evacuation Pause) 111M->36M(128M) 2.321ms
[2026-09-27T03:57:12.494+0530][255.865s] GC(458) Pause Young (Normal) (G1 Evacuation Pause) 111M->36M(128M) 2.060ms
[2026-09-27T03:57:13.005+0530][256.376s] GC(459) Pause Young (Normal) (G1 Evacuation Pause) 111M->36M(128M) 2.071ms
[2026-09-27T03:57:13.509+0530][256.880s] GC(460) Pause Young (Normal) (G1 Evacuation Pause) 111M->36M(128M) 1.865ms
[2026-09-27T03:57:14.032+0530][257.404s] GC(461) Pause Young (Normal) (G1 Evacuation Pause) 111M->36M(128M) 1.885ms
[2026-09-27T03:57:14.535+0530][257.907s] GC(462) Pause Young (Normal) (G1 Evacuation Pause) 111M->36M(128M) 1.746ms
[2026-09-27T03:57:15.053+0530][258.425s] GC(463) Pause Young (Normal) (G1 Evacuation Pause) 111M->36M(128M) 1.690ms
[2026-09-27T03:57:15.551+0530][258.923s] GC(464) Pause Young (Normal) (G1 Evacuation Pause) 111M->36M(128M) 1.716ms
[2026-09-27T03:57:16.063+0530][259.434s] GC(465) Pause Young (Normal) (G1 Evacuation Pause) 111M->36M(128M) 1.636ms
[2026-09-27T03:57:16.546+0530][259.917s] GC(466) Pause Young (Normal) (G1 Evacuation Pause) 111M->36M(128M) 1.611ms
[2026-09-27T03:57:17.039+0530][260.410s] GC(467) Pause Young (Normal) (G1 Evacuation Pause) 111M->36M(128M) 2.031ms
[2026-09-27T03:57:17.535+0530][260.907s] GC(468) Pause Young (Normal) (G1 Evacuation Pause) 111M->36M(128M) 1.994ms
[2026-09-27T03:57:18.044+0530][261.416s] GC(469) Pause Young (Normal) (G1 Evacuation Pause) 111M->36M(128M) 2.113ms
[2026-09-27T03:57:18.548+0530][261.920s] GC(470) Pause Young (Normal) (G1 Evacuation Pause) 111M->37M(128M) 2.241ms
[2026-09-27T03:57:19.057+0530][262.429s] GC(471) Pause Young (Normal) (G1 Evacuation Pause) 111M->36M(128M) 2.056ms
[2026-09-27T03:57:19.580+0530][262.952s] GC(472) Pause Young (Normal) (G1 Evacuation Pause) 111M->37M(128M) 2.407ms
[2026-09-27T03:57:20.079+0530][263.451s] GC(473) Pause Young (Normal) (G1 Evacuation Pause) 111M->36M(128M) 2.201ms
[2026-09-27T03:57:20.603+0530][263.974s] GC(474) Pause Young (Normal) (G1 Evacuation Pause) 111M->36M(128M) 2.196ms
[2026-09-27T03:57:21.067+0530][264.438s] GC(475) Pause Young (Normal) (G1 Evacuation Pause) 111M->36M(128M) 2.085ms
[2026-09-27T03:57:21.575+0530][264.946s] GC(476) Pause Young (Normal) (G1 Evacuation Pause) 111M->36M(128M) 2.745ms
[2026-09-27T03:57:22.040+0530][265.412s] GC(477) Pause Young (Normal) (G1 Evacuation Pause) 111M->36M(128M) 2.216ms
[2026-09-27T03:57:22.540+0530][265.911s] GC(478) Pause Young (Normal) (G1 Evacuation Pause) 111M->36M(128M) 2.429ms
[2026-09-27T03:57:22.768+0530][266.139s] GC(479) Pause Young (Normal) (G1 Evacuation Pause) 111M->36M(128M) 2.065ms
[2026-09-27T03:57:23.269+0530][266.641s] GC(480) Pause Young (Normal) (G1 Evacuation Pause) 111M->36M(128M) 2.292ms
[2026-09-27T03:57:23.760+0530][267.132s] GC(481) Pause Young (Normal) (G1 Evacuation Pause) 111M->37M(128M) 2.305ms
[2026-09-27T03:57:24.160+0530][267.532s] GC(482) Pause Young (Normal) (G1 Evacuation Pause) 111M->36M(128M) 2.135ms
[2026-09-27T03:57:24.660+0530][268.032s] GC(483) Pause Young (Normal) (G1 Evacuation Pause) 111M->36M(128M) 2.302ms
[2026-09-27T03:57:25.154+0530][268.527s] GC(484) Pause Young (Normal) (G1 Evacuation Pause) 110M->37M(128M) 2.509ms
[2026-09-27T03:57:25.667+0530][269.038s] GC(485) Pause Young (Normal) (G1 Evacuation Pause) 111M->36M(128M) 2.346ms
[2026-09-27T03:57:26.162+0530][269.533s] GC(486) Pause Young (Normal) (G1 Evacuation Pause) 111M->37M(128M) 2.093ms
[2026-09-27T03:57:26.668+0530][270.039s] GC(487) Pause Young (Normal) (G1 Evacuation Pause) 112M->36M(128M) 2.379ms
[2026-09-27T03:57:27.127+0530][270.498s] GC(488) Pause Young (Normal) (G1 Evacuation Pause) 111M->37M(128M) 2.252ms
[2026-09-27T03:57:27.633+0530][271.004s] GC(489) Pause Young (Normal) (G1 Evacuation Pause) 112M->36M(128M) 2.475ms
[2026-09-27T03:57:28.127+0530][271.500s] GC(490) Pause Young (Normal) (G1 Evacuation Pause) 111M->37M(128M) 2.095ms
[2026-09-27T03:57:28.637+0530][272.008s] GC(491) Pause Young (Normal) (G1 Evacuation Pause) 112M->36M(128M) 2.162ms
[2026-09-27T03:57:29.139+0530][272.511s] GC(492) Pause Young (Normal) (G1 Evacuation Pause) 111M->37M(128M) 1.914ms
[2026-09-27T03:57:29.655+0530][273.027s] GC(493) Pause Young (Normal) (G1 Evacuation Pause) 112M->37M(128M) 2.162ms
[2026-09-27T03:57:30.157+0530][273.529s] GC(494) Pause Young (Normal) (G1 Evacuation Pause) 112M->37M(128M) 2.043ms
[2026-09-27T03:57:30.670+0530][274.041s] GC(495) Pause Young (Normal) (G1 Evacuation Pause) 112M->37M(128M) 1.910ms
[2026-09-27T03:57:31.166+0530][274.538s] GC(496) Pause Young (Normal) (G1 Evacuation Pause) 112M->37M(128M) 1.851ms
[2026-09-27T03:57:31.676+0530][275.047s] GC(497) Pause Young (Normal) (G1 Evacuation Pause) 112M->36M(128M) 2.226ms
[2026-09-27T03:57:32.145+0530][275.517s] GC(498) Pause Young (Normal) (G1 Evacuation Pause) 111M->37M(128M) 2.062ms
[2026-09-27T03:57:32.493+0530][275.864s] GC(499) Pause Young (Normal) (G1 Evacuation Pause) 112M->37M(128M) 2.041ms
[2026-09-27T03:57:33.144+0530][276.516s] GC(500) Pause Young (Normal) (G1 Evacuation Pause) 112M->37M(128M) 2.136ms
[2026-09-27T03:57:33.446+0530][276.818s] GC(501) Pause Young (Normal) (G1 Evacuation Pause) 111M->37M(128M) 1.702ms
[2026-09-27T03:57:33.992+0530][277.364s] GC(502) Pause Young (Normal) (G1 Evacuation Pause) 112M->37M(128M) 1.950ms
[2026-09-27T03:57:34.464+0530][277.836s] GC(503) Pause Young (Normal) (G1 Evacuation Pause) 112M->37M(128M) 2.036ms
[2026-09-27T03:57:35.029+0530][278.401s] GC(504) Pause Young (Normal) (G1 Evacuation Pause) 112M->37M(128M) 2.035ms
[2026-09-27T03:57:35.475+0530][278.846s] GC(505) Pause Young (Normal) (G1 Evacuation Pause) 112M->37M(128M) 2.034ms
[2026-09-27T03:57:36.050+0530][279.422s] GC(506) Pause Young (Normal) (G1 Evacuation Pause) 112M->37M(128M) 2.012ms
[2026-09-27T03:57:36.427+0530][279.799s] GC(507) Pause Young (Normal) (G1 Evacuation Pause) 112M->37M(128M) 2.504ms
[2026-09-27T03:57:36.933+0530][280.305s] GC(508) Pause Young (Normal) (G1 Evacuation Pause) 112M->37M(128M) 2.513ms
[2026-09-27T03:57:37.414+0530][280.785s] GC(509) Pause Young (Normal) (G1 Evacuation Pause) 112M->37M(128M) 1.957ms
[2026-09-27T03:57:37.807+0530][281.178s] GC(510) Pause Young (Normal) (G1 Evacuation Pause) 112M->37M(128M) 2.204ms
[2026-09-27T03:57:38.298+0530][281.670s] GC(511) Pause Young (Normal) (G1 Evacuation Pause) 112M->37M(128M) 1.804ms
[2026-09-27T03:57:38.744+0530][282.116s] GC(512) Pause Young (Normal) (G1 Evacuation Pause) 112M->37M(128M) 2.322ms
[2026-09-27T03:57:39.242+0530][282.613s] GC(513) Pause Young (Normal) (G1 Evacuation Pause) 112M->37M(128M) 2.067ms
[2026-09-27T03:57:39.729+0530][283.101s] GC(514) Pause Young (Normal) (G1 Evacuation Pause) 112M->37M(128M) 2.162ms
[2026-09-27T03:57:40.090+0530][283.462s] GC(515) Pause Young (Normal) (G1 Evacuation Pause) 112M->37M(128M) 2.052ms
[2026-09-27T03:57:40.546+0530][283.917s] GC(516) Pause Young (Normal) (G1 Evacuation Pause) 112M->37M(128M) 2.000ms
[2026-09-27T03:57:41.099+0530][284.471s] GC(517) Pause Young (Normal) (G1 Evacuation Pause) 112M->37M(128M) 2.247ms
[2026-09-27T03:57:41.481+0530][284.853s] GC(518) Pause Young (Normal) (G1 Evacuation Pause) 112M->37M(128M) 2.247ms
[2026-09-27T03:57:42.000+0530][285.372s] GC(519) Pause Young (Normal) (G1 Evacuation Pause) 112M->37M(128M) 1.940ms
[2026-09-27T03:57:42.496+0530][285.867s] GC(520) Pause Young (Normal) (G1 Evacuation Pause) 112M->38M(128M) 2.144ms
[2026-09-27T03:57:42.976+0530][286.347s] GC(521) Pause Young (Normal) (G1 Evacuation Pause) 112M->37M(128M) 2.003ms
[2026-09-27T03:57:43.481+0530][286.853s] GC(522) Pause Young (Normal) (G1 Evacuation Pause) 111M->37M(128M) 1.951ms
[2026-09-27T03:57:43.911+0530][287.283s] GC(523) Pause Young (Normal) (G1 Evacuation Pause) 111M->37M(128M) 1.752ms
[2026-09-27T03:57:44.419+0530][287.790s] GC(524) Pause Young (Normal) (G1 Evacuation Pause) 111M->37M(128M) 1.796ms
[2026-09-27T03:57:44.901+0530][288.273s] GC(525) Pause Young (Normal) (G1 Evacuation Pause) 111M->37M(128M) 2.038ms
[2026-09-27T03:57:45.421+0530][288.793s] GC(526) Pause Young (Normal) (G1 Evacuation Pause) 111M->37M(128M) 1.982ms
[2026-09-27T03:57:45.882+0530][289.254s] GC(527) Pause Young (Normal) (G1 Evacuation Pause) 111M->37M(128M) 1.842ms
[2026-09-27T03:57:46.431+0530][289.803s] GC(528) Pause Young (Normal) (G1 Evacuation Pause) 112M->37M(128M) 1.965ms
[2026-09-27T03:57:46.884+0530][290.256s] GC(529) Pause Young (Normal) (G1 Evacuation Pause) 112M->37M(128M) 2.078ms
[2026-09-27T03:57:47.381+0530][290.752s] GC(530) Pause Young (Normal) (G1 Evacuation Pause) 112M->37M(128M) 1.765ms
[2026-09-27T03:57:47.833+0530][291.205s] GC(531) Pause Young (Normal) (G1 Evacuation Pause) 112M->37M(128M) 1.824ms
[2026-09-27T03:57:48.335+0530][291.706s] GC(532) Pause Young (Normal) (G1 Evacuation Pause) 112M->37M(128M) 2.267ms
[2026-09-27T03:57:48.827+0530][292.199s] GC(533) Pause Young (Normal) (G1 Evacuation Pause) 112M->37M(128M) 1.886ms
[2026-09-27T03:57:49.341+0530][292.712s] GC(534) Pause Young (Normal) (G1 Evacuation Pause) 112M->37M(128M) 2.223ms
[2026-09-27T03:57:49.819+0530][293.190s] GC(535) Pause Young (Normal) (G1 Evacuation Pause) 112M->39M(128M) 2.728ms
[2026-09-27T03:57:50.217+0530][293.588s] GC(536) Pause Young (Normal) (G1 Evacuation Pause) 110M->38M(128M) 1.988ms
[2026-09-27T03:57:50.724+0530][294.095s] GC(537) Pause Young (Normal) (G1 Evacuation Pause) 111M->38M(128M) 1.973ms
[2026-09-27T03:57:51.178+0530][294.550s] GC(538) Pause Young (Normal) (G1 Evacuation Pause) 112M->38M(128M) 2.263ms
[2026-09-27T03:57:51.680+0530][295.051s] GC(539) Pause Young (Normal) (G1 Evacuation Pause) 112M->38M(128M) 2.581ms
[2026-09-27T03:57:52.098+0530][295.471s] GC(540) Pause Young (Normal) (G1 Evacuation Pause) 111M->38M(128M) 2.336ms
[2026-09-27T03:57:52.567+0530][295.939s] GC(541) Pause Young (Normal) (G1 Evacuation Pause) 111M->38M(128M) 2.176ms
[2026-09-27T03:57:52.998+0530][296.370s] GC(542) Pause Young (Normal) (G1 Evacuation Pause) 112M->38M(128M) 1.826ms
[2026-09-27T03:57:53.448+0530][296.820s] GC(543) Pause Young (Normal) (G1 Evacuation Pause) 111M->38M(128M) 2.650ms
[2026-09-27T03:57:53.933+0530][297.305s] GC(544) Pause Young (Normal) (G1 Evacuation Pause) 111M->38M(128M) 2.194ms
[2026-09-27T03:57:54.148+0530][297.519s] GC(545) Pause Young (Normal) (G1 Evacuation Pause) 111M->38M(128M) 1.940ms
[2026-09-27T03:57:54.639+0530][298.010s] GC(546) Pause Young (Normal) (G1 Evacuation Pause) 111M->38M(128M) 2.284ms
[2026-09-27T03:57:55.074+0530][298.446s] GC(547) Pause Young (Normal) (G1 Evacuation Pause) 113M->39M(128M) 2.611ms
[2026-09-27T03:57:55.542+0530][298.914s] GC(548) Pause Young (Normal) (G1 Evacuation Pause) 110M->38M(128M) 2.058ms
[2026-09-27T03:57:56.050+0530][299.421s] GC(549) Pause Young (Normal) (G1 Evacuation Pause) 111M->38M(128M) 2.183ms
[2026-09-27T03:57:56.537+0530][299.909s] GC(550) Pause Young (Normal) (G1 Evacuation Pause) 111M->38M(128M) 1.912ms
[2026-09-27T03:57:57.039+0530][300.411s] GC(551) Pause Young (Normal) (G1 Evacuation Pause) 112M->38M(128M) 2.002ms
[2026-09-27T03:57:57.538+0530][300.909s] GC(552) Pause Young (Normal) (G1 Evacuation Pause) 112M->38M(128M) 2.111ms
[2026-09-27T03:57:58.053+0530][301.424s] GC(553) Pause Young (Normal) (G1 Evacuation Pause) 112M->38M(128M) 2.009ms
[2026-09-27T03:57:58.517+0530][301.888s] GC(554) Pause Young (Normal) (G1 Evacuation Pause) 113M->38M(128M) 1.928ms
[2026-09-27T03:57:59.017+0530][302.388s] GC(555) Pause Young (Normal) (G1 Evacuation Pause) 113M->38M(128M) 2.122ms
[2026-09-27T03:57:59.316+0530][302.689s] GC(556) Pause Young (Normal) (G1 Evacuation Pause) 113M->38M(128M) 1.594ms
[2026-09-27T03:57:59.824+0530][303.195s] GC(557) Pause Young (Normal) (G1 Evacuation Pause) 113M->38M(128M) 1.862ms
[2026-09-27T03:58:00.329+0530][303.701s] GC(558) Pause Young (Normal) (G1 Evacuation Pause) 113M->38M(128M) 1.908ms
[2026-09-27T03:58:00.847+0530][304.218s] GC(559) Pause Young (Normal) (G1 Evacuation Pause) 113M->38M(128M) 1.893ms
[2026-09-27T03:58:01.326+0530][304.697s] GC(560) Pause Young (Normal) (G1 Evacuation Pause) 113M->39M(128M) 2.183ms
[2026-09-27T03:58:01.768+0530][305.140s] GC(561) Pause Young (Normal) (G1 Evacuation Pause) 112M->38M(128M) 1.610ms
[2026-09-27T03:58:02.273+0530][305.644s] GC(562) Pause Young (Normal) (G1 Evacuation Pause) 112M->38M(128M) 1.813ms
[2026-09-27T03:58:02.725+0530][306.097s] GC(563) Pause Young (Normal) (G1 Evacuation Pause) 112M->38M(128M) 1.819ms
[2026-09-27T03:58:03.230+0530][306.601s] GC(564) Pause Young (Normal) (G1 Evacuation Pause) 112M->38M(128M) 1.470ms
[2026-09-27T03:58:03.699+0530][307.071s] GC(565) Pause Young (Normal) (G1 Evacuation Pause) 112M->38M(128M) 1.966ms
[2026-09-27T03:58:04.210+0530][307.582s] GC(566) Pause Young (Normal) (G1 Evacuation Pause) 113M->38M(128M) 2.183ms
[2026-09-27T03:58:04.700+0530][308.072s] GC(567) Pause Young (Normal) (G1 Evacuation Pause) 112M->38M(128M) 2.335ms
[2026-09-27T03:58:05.204+0530][308.576s] GC(568) Pause Young (Normal) (G1 Evacuation Pause) 112M->38M(128M) 2.360ms
[2026-09-27T03:58:05.614+0530][308.986s] GC(569) Pause Young (Normal) (G1 Evacuation Pause) 112M->38M(128M) 2.350ms
[2026-09-27T03:58:06.119+0530][309.491s] GC(570) Pause Young (Normal) (G1 Evacuation Pause) 112M->38M(128M) 2.152ms
[2026-09-27T03:58:06.612+0530][309.984s] GC(571) Pause Young (Normal) (G1 Evacuation Pause) 112M->39M(128M) 2.492ms
[2026-09-27T03:58:07.115+0530][310.486s] GC(572) Pause Young (Normal) (G1 Evacuation Pause) 112M->39M(128M) 2.522ms
[2026-09-27T03:58:07.573+0530][310.945s] GC(573) Pause Young (Normal) (G1 Evacuation Pause) 112M->38M(128M) 2.238ms
[2026-09-27T03:58:07.837+0530][311.208s] GC(574) Pause Young (Normal) (G1 Evacuation Pause) 113M->39M(128M) 2.251ms
[2026-09-27T03:58:08.307+0530][311.679s] GC(575) Pause Young (Normal) (G1 Evacuation Pause) 112M->39M(128M) 2.284ms
[2026-09-27T03:58:08.756+0530][312.128s] GC(576) Pause Young (Normal) (G1 Evacuation Pause) 112M->39M(128M) 2.571ms
[2026-09-27T03:58:09.178+0530][312.550s] GC(577) Pause Young (Normal) (G1 Evacuation Pause) 112M->39M(128M) 2.402ms
[2026-09-27T03:58:09.648+0530][313.020s] GC(578) Pause Young (Normal) (G1 Evacuation Pause) 112M->39M(128M) 2.433ms
[2026-09-27T03:58:09.878+0530][313.250s] GC(579) Pause Young (Normal) (G1 Evacuation Pause) 112M->39M(128M) 2.414ms
[2026-09-27T03:58:10.373+0530][313.744s] GC(580) Pause Young (Normal) (G1 Evacuation Pause) 111M->39M(128M) 2.253ms
[2026-09-27T03:58:10.834+0530][314.205s] GC(581) Pause Young (Normal) (G1 Evacuation Pause) 111M->39M(128M) 2.156ms
[2026-09-27T03:58:11.340+0530][314.711s] GC(582) Pause Young (Normal) (G1 Evacuation Pause) 111M->39M(128M) 2.239ms
[2026-09-27T03:58:11.816+0530][315.188s] GC(583) Pause Young (Normal) (G1 Evacuation Pause) 111M->39M(128M) 1.984ms
[2026-09-27T03:58:12.321+0530][315.693s] GC(584) Pause Young (Normal) (G1 Evacuation Pause) 113M->39M(128M) 2.207ms
[2026-09-27T03:58:12.820+0530][316.192s] GC(585) Pause Young (Normal) (G1 Evacuation Pause) 113M->40M(128M) 2.241ms
[2026-09-27T03:58:13.311+0530][316.682s] GC(586) Pause Young (Normal) (G1 Evacuation Pause) 112M->39M(128M) 2.123ms
[2026-09-27T03:58:13.812+0530][317.183s] GC(587) Pause Young (Normal) (G1 Evacuation Pause) 112M->39M(128M) 2.158ms
[2026-09-27T03:58:14.221+0530][317.593s] GC(588) Pause Young (Normal) (G1 Evacuation Pause) 112M->39M(128M) 2.171ms
[2026-09-27T03:58:14.696+0530][318.068s] GC(589) Pause Young (Normal) (G1 Evacuation Pause) 113M->39M(128M) 2.374ms
[2026-09-27T03:58:15.014+0530][318.386s] GC(590) Pause Young (Normal) (G1 Evacuation Pause) 113M->39M(128M) 1.935ms
[2026-09-27T03:58:15.518+0530][318.890s] GC(591) Pause Young (Normal) (G1 Evacuation Pause) 113M->39M(128M) 2.073ms
[2026-09-27T03:58:15.995+0530][319.367s] GC(592) Pause Young (Normal) (G1 Evacuation Pause) 113M->40M(128M) 2.460ms
[2026-09-27T03:58:16.441+0530][319.812s] GC(593) Pause Young (Normal) (G1 Evacuation Pause) 112M->39M(128M) 1.603ms
[2026-09-27T03:58:16.947+0530][320.318s] GC(594) Pause Young (Normal) (G1 Evacuation Pause) 112M->39M(128M) 1.923ms
[2026-09-27T03:58:17.408+0530][320.780s] GC(595) Pause Young (Normal) (G1 Evacuation Pause) 112M->39M(128M) 1.830ms
[2026-09-27T03:58:17.913+0530][321.285s] GC(596) Pause Young (Normal) (G1 Evacuation Pause) 112M->39M(128M) 1.938ms
[2026-09-27T03:58:18.389+0530][321.761s] GC(597) Pause Young (Normal) (G1 Evacuation Pause) 113M->39M(128M) 1.983ms
[2026-09-27T03:58:18.899+0530][322.271s] GC(598) Pause Young (Normal) (G1 Evacuation Pause) 113M->39M(128M) 2.033ms
[2026-09-27T03:58:19.379+0530][322.751s] GC(599) Pause Young (Normal) (G1 Evacuation Pause) 113M->39M(128M) 2.168ms
[2026-09-27T03:58:19.812+0530][323.184s] GC(600) Pause Young (Normal) (G1 Evacuation Pause) 113M->39M(128M) 2.541ms
[2026-09-27T03:58:20.261+0530][323.633s] GC(601) Pause Young (Normal) (G1 Evacuation Pause) 113M->39M(128M) 2.295ms
[2026-09-27T03:58:20.764+0530][324.136s] GC(602) Pause Young (Normal) (G1 Evacuation Pause) 113M->39M(128M) 2.595ms
[2026-09-27T03:58:21.112+0530][324.484s] GC(603) Pause Young (Normal) (G1 Evacuation Pause) 112M->39M(128M) 2.115ms
[2026-09-27T03:58:21.587+0530][324.959s] GC(604) Pause Young (Normal) (G1 Evacuation Pause) 113M->39M(128M) 2.544ms
[2026-09-27T03:58:22.029+0530][325.401s] GC(605) Pause Young (Normal) (G1 Evacuation Pause) 111M->39M(128M) 2.080ms
[2026-09-27T03:58:22.505+0530][325.876s] GC(606) Pause Young (Normal) (G1 Evacuation Pause) 111M->39M(128M) 1.926ms
[2026-09-27T03:58:22.972+0530][326.343s] GC(607) Pause Young (Normal) (G1 Evacuation Pause) 113M->39M(128M) 2.196ms
[2026-09-27T03:58:23.448+0530][326.820s] GC(608) Pause Young (Normal) (G1 Evacuation Pause) 113M->39M(128M) 2.266ms
[2026-09-27T03:58:23.940+0530][327.312s] GC(609) Pause Young (Normal) (G1 Evacuation Pause) 113M->39M(128M) 2.557ms
[2026-09-27T03:58:24.329+0530][327.702s] GC(610) Pause Young (Normal) (G1 Evacuation Pause) 113M->41M(128M) 2.992ms
[2026-09-27T03:58:24.537+0530][327.909s] GC(611) Pause Young (Normal) (G1 Evacuation Pause) 111M->40M(128M) 2.328ms
[2026-09-27T03:58:25.028+0530][328.400s] GC(612) Pause Young (Normal) (G1 Evacuation Pause) 112M->39M(128M) 2.129ms
[2026-09-27T03:58:25.479+0530][328.851s] GC(613) Pause Young (Normal) (G1 Evacuation Pause) 112M->40M(128M) 2.405ms
[2026-09-27T03:58:25.974+0530][329.346s] GC(614) Pause Young (Normal) (G1 Evacuation Pause) 112M->40M(128M) 2.442ms
[2026-09-27T03:58:26.453+0530][329.825s] GC(615) Pause Young (Normal) (G1 Evacuation Pause) 112M->41M(128M) 2.866ms
[2026-09-27T03:58:26.917+0530][330.289s] GC(616) Pause Young (Normal) (G1 Evacuation Pause) 111M->40M(128M) 2.246ms
[2026-09-27T03:58:27.419+0530][330.791s] GC(617) Pause Young (Normal) (G1 Evacuation Pause) 112M->40M(128M) 1.888ms
[2026-09-27T03:58:27.860+0530][331.231s] GC(618) Pause Young (Normal) (G1 Evacuation Pause) 112M->40M(128M) 1.808ms
[2026-09-27T03:58:28.365+0530][331.736s] GC(619) Pause Young (Normal) (G1 Evacuation Pause) 112M->40M(128M) 2.337ms
[2026-09-27T03:58:28.664+0530][332.036s] GC(620) Pause Young (Normal) (G1 Evacuation Pause) 112M->40M(128M) 1.801ms
[2026-09-27T03:58:29.085+0530][332.457s] GC(621) Pause Young (Normal) (G1 Evacuation Pause) 112M->40M(128M) 1.804ms
[2026-09-27T03:58:29.563+0530][332.935s] GC(622) Pause Young (Normal) (G1 Evacuation Pause) 113M->41M(128M) 2.348ms
[2026-09-27T03:58:30.033+0530][333.404s] GC(623) Pause Young (Normal) (G1 Evacuation Pause) 112M->40M(128M) 2.057ms
[2026-09-27T03:58:30.531+0530][333.903s] GC(624) Pause Young (Normal) (G1 Evacuation Pause) 112M->40M(128M) 2.063ms
[2026-09-27T03:58:31.014+0530][334.386s] GC(625) Pause Young (Normal) (G1 Evacuation Pause) 112M->40M(128M) 1.799ms
[2026-09-27T03:58:31.504+0530][334.876s] GC(626) Pause Young (Normal) (G1 Evacuation Pause) 112M->40M(128M) 1.976ms
[2026-09-27T03:58:31.935+0530][335.306s] GC(627) Pause Young (Normal) (G1 Evacuation Pause) 112M->40M(128M) 1.876ms
[2026-09-27T03:58:32.438+0530][335.810s] GC(628) Pause Young (Normal) (G1 Evacuation Pause) 112M->40M(128M) 1.839ms
[2026-09-27T03:58:32.732+0530][336.104s] GC(629) Pause Young (Normal) (G1 Evacuation Pause) 113M->40M(128M) 1.716ms
[2026-09-27T03:58:33.236+0530][336.608s] GC(630) Pause Young (Normal) (G1 Evacuation Pause) 113M->40M(128M) 1.723ms
[2026-09-27T03:58:33.731+0530][337.103s] GC(631) Pause Young (Normal) (G1 Evacuation Pause) 113M->40M(128M) 2.189ms
[2026-09-27T03:58:34.140+0530][337.512s] GC(632) Pause Young (Normal) (G1 Evacuation Pause) 111M->40M(128M) 2.295ms
[2026-09-27T03:58:34.653+0530][338.025s] GC(633) Pause Young (Normal) (G1 Evacuation Pause) 112M->40M(128M) 1.906ms
[2026-09-27T03:58:35.078+0530][338.450s] GC(634) Pause Young (Normal) (G1 Evacuation Pause) 112M->40M(128M) 2.214ms
[2026-09-27T03:58:35.575+0530][338.947s] GC(635) Pause Young (Normal) (G1 Evacuation Pause) 112M->40M(128M) 2.412ms
[2026-09-27T03:58:36.010+0530][339.382s] GC(636) Pause Young (Normal) (G1 Evacuation Pause) 112M->40M(128M) 2.228ms
[2026-09-27T03:58:36.487+0530][339.858s] GC(637) Pause Young (Normal) (G1 Evacuation Pause) 112M->40M(128M) 2.340ms
[2026-09-27T03:58:36.903+0530][340.275s] GC(638) Pause Young (Normal) (G1 Evacuation Pause) 111M->41M(128M) 2.586ms
[2026-09-27T03:58:37.278+0530][340.650s] GC(639) Pause Young (Normal) (G1 Evacuation Pause) 112M->40M(128M) 2.167ms
[2026-09-27T03:58:37.720+0530][341.092s] GC(640) Pause Young (Normal) (G1 Evacuation Pause) 111M->40M(128M) 1.992ms
[2026-09-27T03:58:38.169+0530][341.540s] GC(641) Pause Young (Normal) (G1 Evacuation Pause) 112M->40M(128M) 1.928ms
[2026-09-27T03:58:38.663+0530][342.034s] GC(642) Pause Young (Normal) (G1 Evacuation Pause) 112M->40M(128M) 1.861ms
[2026-09-27T03:58:39.066+0530][342.437s] GC(643) Pause Young (Normal) (G1 Evacuation Pause) 112M->40M(128M) 2.026ms
[2026-09-27T03:58:39.519+0530][342.891s] GC(644) Pause Young (Normal) (G1 Evacuation Pause) 113M->40M(128M) 2.315ms
[2026-09-27T03:58:39.844+0530][343.216s] GC(645) Pause Young (Normal) (G1 Evacuation Pause) 113M->40M(128M) 2.176ms
[2026-09-27T03:58:40.229+0530][343.601s] GC(646) Pause Young (Normal) (G1 Evacuation Pause) 113M->40M(128M) 2.025ms
[2026-09-27T03:58:40.706+0530][344.077s] GC(647) Pause Young (Normal) (G1 Evacuation Pause) 113M->40M(128M) 2.268ms
[2026-09-27T03:58:41.168+0530][344.540s] GC(648) Pause Young (Normal) (G1 Evacuation Pause) 113M->40M(128M) 1.935ms
[2026-09-27T03:58:41.670+0530][345.041s] GC(649) Pause Young (Normal) (G1 Evacuation Pause) 113M->40M(128M) 2.128ms
[2026-09-27T03:58:42.157+0530][345.529s] GC(650) Pause Young (Normal) (G1 Evacuation Pause) 113M->41M(128M) 2.455ms
[2026-09-27T03:58:42.611+0530][345.982s] GC(651) Pause Young (Normal) (G1 Evacuation Pause) 111M->40M(128M) 1.908ms
[2026-09-27T03:58:43.063+0530][346.435s] GC(652) Pause Young (Normal) (G1 Evacuation Pause) 111M->40M(128M) 1.879ms
[2026-09-27T03:58:43.363+0530][346.735s] GC(653) Pause Young (Normal) (G1 Evacuation Pause) 111M->40M(128M) 1.568ms
[2026-09-27T03:58:43.864+0530][347.235s] GC(654) Pause Young (Normal) (G1 Evacuation Pause) 111M->40M(128M) 1.938ms
[2026-09-27T03:58:44.301+0530][347.672s] GC(655) Pause Young (Normal) (G1 Evacuation Pause) 111M->40M(128M) 1.450ms
[2026-09-27T03:58:44.773+0530][348.145s] GC(656) Pause Young (Normal) (G1 Evacuation Pause) 112M->40M(128M) 1.764ms
[2026-09-27T03:58:45.278+0530][348.650s] GC(657) Pause Young (Normal) (G1 Evacuation Pause) 112M->40M(128M) 1.746ms
[2026-09-27T03:58:45.736+0530][349.108s] GC(658) Pause Young (Normal) (G1 Evacuation Pause) 112M->40M(128M) 2.284ms
[2026-09-27T03:58:46.234+0530][349.606s] GC(659) Pause Young (Normal) (G1 Evacuation Pause) 112M->40M(128M) 2.058ms
[2026-09-27T03:58:46.655+0530][350.027s] GC(660) Pause Young (Normal) (G1 Evacuation Pause) 112M->40M(128M) 1.919ms
[2026-09-27T03:58:47.108+0530][350.480s] GC(661) Pause Young (Normal) (G1 Evacuation Pause) 112M->40M(128M) 1.889ms
[2026-09-27T03:58:47.419+0530][350.791s] GC(662) Pause Young (Normal) (G1 Evacuation Pause) 112M->41M(128M) 2.088ms
[2026-09-27T03:58:47.907+0530][351.279s] GC(663) Pause Young (Normal) (G1 Evacuation Pause) 111M->40M(128M) 1.826ms
[2026-09-27T03:58:48.363+0530][351.736s] GC(664) Pause Young (Normal) (G1 Evacuation Pause) 111M->40M(128M) 1.675ms
[2026-09-27T03:58:48.829+0530][352.201s] GC(665) Pause Young (Normal) (G1 Evacuation Pause) 111M->40M(128M) 1.620ms
[2026-09-27T03:58:49.331+0530][352.703s] GC(666) Pause Young (Normal) (G1 Evacuation Pause) 111M->40M(128M) 1.875ms
[2026-09-27T03:58:49.790+0530][353.161s] GC(667) Pause Young (Normal) (G1 Evacuation Pause) 111M->41M(128M) 2.380ms
[2026-09-27T03:58:50.288+0530][353.660s] GC(668) Pause Young (Normal) (G1 Evacuation Pause) 112M->41M(128M) 2.227ms
[2026-09-27T03:58:50.670+0530][354.042s] GC(669) Pause Young (Normal) (G1 Evacuation Pause) 112M->41M(128M) 2.156ms
[2026-09-27T03:58:50.975+0530][354.347s] GC(670) Pause Young (Normal) (G1 Evacuation Pause) 112M->41M(128M) 2.332ms
[2026-09-27T03:58:51.457+0530][354.829s] GC(671) Pause Young (Normal) (G1 Evacuation Pause) 112M->41M(128M) 2.133ms
[2026-09-27T03:58:51.898+0530][355.270s] GC(672) Pause Young (Normal) (G1 Evacuation Pause) 112M->41M(128M) 1.836ms
[2026-09-27T03:58:52.381+0530][355.752s] GC(673) Pause Young (Normal) (G1 Evacuation Pause) 112M->41M(128M) 1.819ms
[2026-09-27T03:58:52.837+0530][356.208s] GC(674) Pause Young (Normal) (G1 Evacuation Pause) 113M->41M(128M) 2.106ms
[2026-09-27T03:58:53.334+0530][356.706s] GC(675) Pause Young (Normal) (G1 Evacuation Pause) 113M->41M(128M) 2.292ms
[2026-09-27T03:58:53.753+0530][357.125s] GC(676) Pause Young (Normal) (G1 Evacuation Pause) 113M->41M(128M) 2.178ms
[2026-09-27T03:58:54.218+0530][357.590s] GC(677) Pause Young (Normal) (G1 Evacuation Pause) 113M->41M(128M) 2.154ms
[2026-09-27T03:58:54.493+0530][357.865s] GC(678) Pause Young (Normal) (G1 Evacuation Pause) 113M->41M(128M) 1.794ms
[2026-09-27T03:58:54.908+0530][358.280s] GC(679) Pause Young (Normal) (G1 Evacuation Pause) 113M->41M(128M) 1.883ms
[2026-09-27T03:58:55.394+0530][358.766s] GC(680) Pause Young (Normal) (G1 Evacuation Pause) 113M->41M(128M) 1.997ms
[2026-09-27T03:58:55.837+0530][359.208s] GC(681) Pause Young (Normal) (G1 Evacuation Pause) 113M->41M(128M) 2.043ms
[2026-09-27T03:58:56.236+0530][359.607s] GC(682) Pause Young (Normal) (G1 Evacuation Pause) 113M->41M(128M) 2.529ms
[2026-09-27T03:58:56.737+0530][360.109s] GC(683) Pause Young (Normal) (G1 Evacuation Pause) 113M->41M(128M) 2.105ms
[2026-09-27T03:58:57.024+0530][360.396s] GC(684) Pause Young (Normal) (G1 Evacuation Pause) 113M->41M(128M) 1.996ms
[2026-09-27T03:58:57.522+0530][360.894s] GC(685) Pause Young (Normal) (G1 Evacuation Pause) 113M->41M(128M) 1.922ms
[2026-09-27T03:58:57.956+0530][361.328s] GC(686) Pause Young (Normal) (G1 Evacuation Pause) 113M->41M(128M) 2.012ms
[2026-09-27T03:58:58.460+0530][361.831s] GC(687) Pause Young (Normal) (G1 Evacuation Pause) 113M->41M(128M) 1.857ms
[2026-09-27T03:58:58.932+0530][362.303s] GC(688) Pause Young (Normal) (G1 Evacuation Pause) 113M->41M(128M) 1.615ms
[2026-09-27T03:58:59.399+0530][362.771s] GC(689) Pause Young (Normal) (G1 Evacuation Pause) 113M->41M(128M) 1.910ms
[2026-09-27T03:58:59.893+0530][363.265s] GC(690) Pause Young (Normal) (G1 Evacuation Pause) 113M->42M(128M) 2.278ms
[2026-09-27T03:59:00.332+0530][363.704s] GC(691) Pause Young (Normal) (G1 Evacuation Pause) 111M->41M(128M) 1.843ms
[2026-09-27T03:59:00.833+0530][364.204s] GC(692) Pause Young (Normal) (G1 Evacuation Pause) 112M->41M(128M) 1.732ms
[2026-09-27T03:59:01.075+0530][364.446s] GC(693) Pause Young (Normal) (G1 Evacuation Pause) 112M->41M(128M) 1.661ms
[2026-09-27T03:59:01.536+0530][364.908s] GC(694) Pause Young (Normal) (G1 Evacuation Pause) 112M->41M(128M) 1.841ms
[2026-09-27T03:59:02.022+0530][365.394s] GC(695) Pause Young (Normal) (G1 Evacuation Pause) 112M->42M(128M) 2.151ms
[2026-09-27T03:59:02.475+0530][365.847s] GC(696) Pause Young (Normal) (G1 Evacuation Pause) 111M->41M(128M) 1.872ms
[2026-09-27T03:59:02.939+0530][366.311s] GC(697) Pause Young (Normal) (G1 Evacuation Pause) 111M->41M(128M) 1.769ms
[2026-09-27T03:59:03.427+0530][366.799s] GC(698) Pause Young (Normal) (G1 Evacuation Pause) 112M->41M(128M) 1.873ms
[2026-09-27T03:59:03.924+0530][367.296s] GC(699) Pause Young (Normal) (G1 Evacuation Pause) 112M->41M(128M) 2.057ms
[2026-09-27T03:59:04.367+0530][367.739s] GC(700) Pause Young (Normal) (G1 Evacuation Pause) 112M->41M(128M) 2.189ms
[2026-09-27T03:59:04.867+0530][368.239s] GC(701) Pause Young (Normal) (G1 Evacuation Pause) 112M->41M(128M) 2.118ms
[2026-09-27T03:59:05.125+0530][368.496s] GC(702) Pause Young (Normal) (G1 Evacuation Pause) 112M->42M(128M) 2.477ms
[2026-09-27T03:59:05.568+0530][368.939s] GC(703) Pause Young (Normal) (G1 Evacuation Pause) 111M->41M(128M) 2.021ms
[2026-09-27T03:59:06.065+0530][369.436s] GC(704) Pause Young (Normal) (G1 Evacuation Pause) 112M->41M(128M) 1.930ms
[2026-09-27T03:59:06.472+0530][369.844s] GC(705) Pause Young (Normal) (G1 Evacuation Pause) 112M->41M(128M) 2.111ms
[2026-09-27T03:59:06.960+0530][370.331s] GC(706) Pause Young (Normal) (G1 Evacuation Pause) 112M->41M(128M) 2.417ms
[2026-09-27T03:59:07.400+0530][370.772s] GC(707) Pause Young (Normal) (G1 Evacuation Pause) 112M->41M(128M) 2.105ms
[2026-09-27T03:59:07.892+0530][371.264s] GC(708) Pause Young (Normal) (G1 Evacuation Pause) 112M->41M(128M) 2.498ms
[2026-09-27T03:59:08.294+0530][371.665s] GC(709) Pause Young (Normal) (G1 Evacuation Pause) 111M->42M(128M) 2.169ms
[2026-09-27T03:59:08.609+0530][371.981s] GC(710) Pause Young (Normal) (G1 Evacuation Pause) 112M->41M(128M) 2.107ms
[2026-09-27T03:59:09.069+0530][372.441s] GC(711) Pause Young (Normal) (G1 Evacuation Pause) 112M->41M(128M) 1.900ms
[2026-09-27T03:59:09.495+0530][372.866s] GC(712) Pause Young (Normal) (G1 Evacuation Pause) 112M->41M(128M) 1.948ms
[2026-09-27T03:59:09.982+0530][373.354s] GC(713) Pause Young (Normal) (G1 Evacuation Pause) 113M->41M(128M) 2.306ms
[2026-09-27T03:59:10.366+0530][373.737s] GC(714) Pause Young (Normal) (G1 Evacuation Pause) 111M->43M(128M) 2.913ms
[2026-09-27T03:59:10.640+0530][374.011s] GC(715) Pause Young (Normal) (G1 Evacuation Pause) 111M->42M(128M) 2.238ms
[2026-09-27T03:59:11.097+0530][374.468s] GC(716) Pause Young (Normal) (G1 Evacuation Pause) 112M->41M(128M) 1.825ms
[2026-09-27T03:59:11.514+0530][374.885s] GC(717) Pause Young (Normal) (G1 Evacuation Pause) 111M->41M(128M) 1.867ms
[2026-09-27T03:59:12.004+0530][375.375s] GC(718) Pause Young (Normal) (G1 Evacuation Pause) 111M->41M(128M) 2.542ms
[2026-09-27T03:59:12.466+0530][375.838s] GC(719) Pause Young (Normal) (G1 Evacuation Pause) 111M->42M(128M) 1.821ms
[2026-09-27T03:59:12.698+0530][376.070s] GC(720) Pause Young (Normal) (G1 Evacuation Pause) 112M->41M(128M) 1.760ms
[2026-09-27T03:59:13.194+0530][376.565s] GC(721) Pause Young (Normal) (G1 Evacuation Pause) 111M->41M(128M) 1.753ms
[2026-09-27T03:59:13.661+0530][377.032s] GC(722) Pause Young (Normal) (G1 Evacuation Pause) 111M->41M(128M) 1.735ms
[2026-09-27T03:59:14.136+0530][377.507s] GC(723) Pause Young (Normal) (G1 Evacuation Pause) 111M->41M(128M) 1.865ms
[2026-09-27T03:59:14.587+0530][377.959s] GC(724) Pause Young (Normal) (G1 Evacuation Pause) 112M->41M(128M) 1.428ms
[2026-09-27T03:59:15.065+0530][378.437s] GC(725) Pause Young (Normal) (G1 Evacuation Pause) 112M->41M(128M) 1.703ms
[2026-09-27T03:59:15.573+0530][378.944s] GC(726) Pause Young (Normal) (G1 Evacuation Pause) 112M->41M(128M) 1.679ms
[2026-09-27T03:59:16.035+0530][379.407s] GC(727) Pause Young (Normal) (G1 Evacuation Pause) 112M->41M(128M) 2.051ms
[2026-09-27T03:59:16.532+0530][379.904s] GC(728) Pause Young (Normal) (G1 Evacuation Pause) 112M->41M(128M) 1.768ms
[2026-09-27T03:59:16.751+0530][380.122s] GC(729) Pause Young (Normal) (G1 Evacuation Pause) 112M->41M(128M) 1.568ms
[2026-09-27T03:59:17.213+0530][380.585s] GC(730) Pause Young (Normal) (G1 Evacuation Pause) 112M->41M(128M) 1.893ms
[2026-09-27T03:59:17.705+0530][381.076s] GC(731) Pause Young (Normal) (G1 Evacuation Pause) 112M->43M(128M) 2.442ms
[2026-09-27T03:59:18.155+0530][381.526s] GC(732) Pause Young (Normal) (G1 Evacuation Pause) 112M->42M(128M) 1.825ms
[2026-09-27T03:59:18.627+0530][381.998s] GC(733) Pause Young (Normal) (G1 Evacuation Pause) 112M->41M(128M) 1.772ms
[2026-09-27T03:59:19.076+0530][382.447s] GC(734) Pause Young (Normal) (G1 Evacuation Pause) 111M->42M(128M) 2.194ms
[2026-09-27T03:59:19.573+0530][382.945s] GC(735) Pause Young (Normal) (G1 Evacuation Pause) 112M->42M(128M) 2.035ms
[2026-09-27T03:59:19.800+0530][383.171s] GC(736) Pause Young (Normal) (G1 Evacuation Pause) 112M->42M(128M) 1.775ms
[2026-09-27T03:59:20.294+0530][383.666s] GC(737) Pause Young (Normal) (G1 Evacuation Pause) 112M->42M(128M) 2.305ms
[2026-09-27T03:59:20.769+0530][384.141s] GC(738) Pause Young (Normal) (G1 Evacuation Pause) 112M->42M(128M) 1.981ms
[2026-09-27T03:59:21.212+0530][384.584s] GC(739) Pause Young (Normal) (G1 Evacuation Pause) 112M->42M(128M) 2.082ms
[2026-09-27T03:59:21.673+0530][385.045s] GC(740) Pause Young (Normal) (G1 Evacuation Pause) 112M->42M(128M) 2.317ms
[2026-09-27T03:59:22.107+0530][385.479s] GC(741) Pause Young (Normal) (G1 Evacuation Pause) 111M->42M(128M) 2.220ms
[2026-09-27T03:59:22.527+0530][385.899s] GC(742) Pause Young (Normal) (G1 Evacuation Pause) 111M->42M(128M) 2.601ms
[2026-09-27T03:59:22.846+0530][386.217s] GC(743) Pause Young (Normal) (G1 Evacuation Pause) 111M->42M(128M) 2.147ms
[2026-09-27T03:59:23.275+0530][386.646s] GC(744) Pause Young (Normal) (G1 Evacuation Pause) 111M->42M(128M) 2.146ms
[2026-09-27T03:59:23.757+0530][387.128s] GC(745) Pause Young (Normal) (G1 Evacuation Pause) 113M->42M(128M) 2.268ms
[2026-09-27T03:59:24.212+0530][387.584s] GC(746) Pause Young (Normal) (G1 Evacuation Pause) 111M->42M(128M) 2.287ms
[2026-09-27T03:59:24.632+0530][388.004s] GC(747) Pause Young (Normal) (G1 Evacuation Pause) 111M->42M(128M) 2.366ms
[2026-09-27T03:59:24.885+0530][388.257s] GC(748) Pause Young (Normal) (G1 Evacuation Pause) 113M->42M(128M) 2.326ms
[2026-09-27T03:59:25.300+0530][388.672s] GC(749) Pause Young (Normal) (G1 Evacuation Pause) 111M->42M(128M) 2.029ms
[2026-09-27T03:59:25.788+0530][389.160s] GC(750) Pause Young (Normal) (G1 Evacuation Pause) 113M->42M(128M) 2.152ms
[2026-09-27T03:59:26.228+0530][389.601s] GC(751) Pause Young (Normal) (G1 Evacuation Pause) 113M->42M(128M) 2.113ms
[2026-09-27T03:59:26.662+0530][390.034s] GC(752) Pause Young (Normal) (G1 Evacuation Pause) 113M->42M(128M) 2.487ms
[2026-09-27T03:59:27.065+0530][390.437s] GC(753) Pause Young (Normal) (G1 Evacuation Pause) 113M->44M(128M) 2.663ms
[2026-09-27T03:59:27.323+0530][390.695s] GC(754) Pause Young (Normal) (G1 Evacuation Pause) 111M->42M(128M) 1.946ms
[2026-09-27T03:59:27.809+0530][391.180s] GC(755) Pause Young (Normal) (G1 Evacuation Pause) 112M->42M(128M) 2.152ms
[2026-09-27T03:59:28.253+0530][391.624s] GC(756) Pause Young (Normal) (G1 Evacuation Pause) 111M->42M(128M) 2.096ms
[2026-09-27T03:59:28.741+0530][392.113s] GC(757) Pause Young (Normal) (G1 Evacuation Pause) 111M->42M(128M) 2.080ms
[2026-09-27T03:59:29.172+0530][392.543s] GC(758) Pause Young (Normal) (G1 Evacuation Pause) 111M->43M(128M) 2.084ms
[2026-09-27T03:59:29.423+0530][392.795s] GC(759) Pause Young (Normal) (G1 Evacuation Pause) 111M->42M(128M) 1.725ms
[2026-09-27T03:59:29.891+0530][393.263s] GC(760) Pause Young (Normal) (G1 Evacuation Pause) 111M->42M(128M) 1.716ms
[2026-09-27T03:59:30.337+0530][393.709s] GC(761) Pause Young (Normal) (G1 Evacuation Pause) 111M->42M(128M) 1.754ms
[2026-09-27T03:59:30.837+0530][394.208s] GC(762) Pause Young (Normal) (G1 Evacuation Pause) 112M->42M(128M) 1.919ms
[2026-09-27T03:59:31.290+0530][394.661s] GC(763) Pause Young (Normal) (G1 Evacuation Pause) 112M->42M(128M) 1.853ms
[2026-09-27T03:59:31.792+0530][395.164s] GC(764) Pause Young (Normal) (G1 Evacuation Pause) 112M->42M(128M) 1.729ms
[2026-09-27T03:59:32.213+0530][395.585s] GC(765) Pause Young (Normal) (G1 Evacuation Pause) 112M->42M(128M) 1.925ms
[2026-09-27T03:59:32.433+0530][395.804s] GC(766) Pause Young (Normal) (G1 Evacuation Pause) 112M->42M(128M) 1.532ms
[2026-09-27T03:59:32.886+0530][396.258s] GC(767) Pause Young (Normal) (G1 Evacuation Pause) 112M->42M(128M) 1.948ms
[2026-09-27T03:59:33.371+0530][396.743s] GC(768) Pause Young (Normal) (G1 Evacuation Pause) 112M->42M(128M) 1.870ms
[2026-09-27T03:59:33.831+0530][397.203s] GC(769) Pause Young (Normal) (G1 Evacuation Pause) 112M->42M(128M) 1.800ms
[2026-09-27T03:59:34.246+0530][397.618s] GC(770) Pause Young (Normal) (G1 Evacuation Pause) 112M->42M(128M) 2.303ms
[2026-09-27T03:59:34.500+0530][397.871s] GC(771) Pause Young (Normal) (G1 Evacuation Pause) 112M->42M(128M) 2.098ms
[2026-09-27T03:59:34.987+0530][398.359s] GC(772) Pause Young (Normal) (G1 Evacuation Pause) 112M->42M(128M) 1.988ms
[2026-09-27T03:59:35.427+0530][398.798s] GC(773) Pause Young (Normal) (G1 Evacuation Pause) 112M->43M(128M) 1.710ms
[2026-09-27T03:59:35.905+0530][399.277s] GC(774) Pause Young (Normal) (G1 Evacuation Pause) 113M->43M(128M) 2.248ms
[2026-09-27T03:59:36.402+0530][399.773s] GC(775) Pause Young (Normal) (G1 Evacuation Pause) 113M->43M(128M) 2.325ms
[2026-09-27T03:59:36.866+0530][400.238s] GC(776) Pause Young (Normal) (G1 Evacuation Pause) 113M->43M(128M) 2.668ms
[2026-09-27T03:59:37.260+0530][400.631s] GC(777) Pause Young (Normal) (G1 Evacuation Pause) 113M->43M(128M) 2.317ms
[2026-09-27T03:59:37.551+0530][400.922s] GC(778) Pause Young (Normal) (G1 Evacuation Pause) 113M->44M(128M) 2.656ms
[2026-09-27T03:59:37.940+0530][401.311s] GC(779) Pause Young (Normal) (G1 Evacuation Pause) 110M->43M(128M) 2.445ms
[2026-09-27T03:59:38.422+0530][401.794s] GC(780) Pause Young (Normal) (G1 Evacuation Pause) 111M->43M(128M) 2.276ms
[2026-09-27T03:59:38.883+0530][402.255s] GC(781) Pause Young (Normal) (G1 Evacuation Pause) 111M->43M(128M) 2.145ms
[2026-09-27T03:59:39.248+0530][402.620s] GC(782) Pause Young (Normal) (G1 Evacuation Pause) 112M->43M(128M) 2.251ms
[2026-09-27T03:59:39.478+0530][402.849s] GC(783) Pause Young (Normal) (G1 Evacuation Pause) 112M->43M(128M) 1.735ms
[2026-09-27T03:59:39.942+0530][403.313s] GC(784) Pause Young (Normal) (G1 Evacuation Pause) 111M->43M(128M) 1.863ms
[2026-09-27T03:59:40.416+0530][403.788s] GC(785) Pause Young (Normal) (G1 Evacuation Pause) 113M->43M(128M) 2.172ms
[2026-09-27T03:59:40.798+0530][404.169s] GC(786) Pause Young (Normal) (G1 Evacuation Pause) 113M->43M(128M) 1.929ms
[2026-09-27T03:59:41.095+0530][404.466s] GC(787) Pause Young (Normal) (G1 Evacuation Pause) 113M->43M(128M) 2.185ms
[2026-09-27T03:59:41.503+0530][404.874s] GC(788) Pause Young (Normal) (G1 Evacuation Pause) 113M->43M(128M) 1.647ms
[2026-09-27T03:59:41.960+0530][405.332s] GC(789) Pause Young (Normal) (G1 Evacuation Pause) 113M->43M(128M) 1.925ms
[2026-09-27T03:59:42.448+0530][405.819s] GC(790) Pause Young (Normal) (G1 Evacuation Pause) 113M->43M(128M) 2.120ms
[2026-09-27T03:59:42.832+0530][406.203s] GC(791) Pause Young (Normal) (G1 Evacuation Pause) 113M->44M(128M) 2.715ms
[2026-09-27T03:59:43.087+0530][406.458s] GC(792) Pause Young (Normal) (G1 Evacuation Pause) 111M->43M(128M) 2.004ms
[2026-09-27T03:59:43.501+0530][406.873s] GC(793) Pause Young (Normal) (G1 Evacuation Pause) 112M->43M(128M) 1.617ms
[2026-09-27T03:59:43.974+0530][407.346s] GC(794) Pause Young (Normal) (G1 Evacuation Pause) 112M->43M(128M) 1.798ms
[2026-09-27T03:59:44.460+0530][407.831s] GC(795) Pause Young (Normal) (G1 Evacuation Pause) 112M->43M(128M) 2.159ms
[2026-09-27T03:59:44.903+0530][408.274s] GC(796) Pause Young (Normal) (G1 Evacuation Pause) 112M->44M(128M) 2.347ms
[2026-09-27T03:59:45.134+0530][408.505s] GC(797) Pause Young (Normal) (G1 Evacuation Pause) 111M->43M(128M) 1.964ms
[2026-09-27T03:59:45.605+0530][408.977s] GC(798) Pause Young (Normal) (G1 Evacuation Pause) 112M->43M(128M) 1.808ms
[2026-09-27T03:59:46.014+0530][409.386s] GC(799) Pause Young (Normal) (G1 Evacuation Pause) 112M->43M(128M) 1.795ms
[2026-09-27T03:59:46.507+0530][409.879s] GC(800) Pause Young (Normal) (G1 Evacuation Pause) 112M->43M(128M) 1.980ms
[2026-09-27T03:59:46.991+0530][410.363s] GC(801) Pause Young (Normal) (G1 Evacuation Pause) 112M->44M(128M) 2.696ms
[2026-09-27T03:59:47.413+0530][410.785s] GC(802) Pause Young (Normal) (G1 Evacuation Pause) 111M->43M(128M) 1.955ms
[2026-09-27T03:59:47.680+0530][411.051s] GC(803) Pause Young (Normal) (G1 Evacuation Pause) 111M->43M(128M) 2.046ms
[2026-09-27T03:59:48.054+0530][411.425s] GC(804) Pause Young (Normal) (G1 Evacuation Pause) 112M->44M(128M) 2.455ms
[2026-09-27T03:59:48.529+0530][411.901s] GC(805) Pause Young (Normal) (G1 Evacuation Pause) 111M->43M(128M) 2.149ms
[2026-09-27T03:59:49.006+0530][412.378s] GC(806) Pause Young (Normal) (G1 Evacuation Pause) 111M->43M(128M) 2.325ms
[2026-09-27T03:59:49.175+0530][412.547s] GC(807) Pause Young (Normal) (G1 Evacuation Pause) 111M->43M(128M) 2.167ms
[2026-09-27T03:59:49.589+0530][412.961s] GC(808) Pause Young (Normal) (G1 Evacuation Pause) 112M->43M(128M) 2.175ms
[2026-09-27T03:59:50.078+0530][413.450s] GC(809) Pause Young (Normal) (G1 Evacuation Pause) 112M->43M(128M) 1.984ms
[2026-09-27T03:59:50.556+0530][413.928s] GC(810) Pause Young (Normal) (G1 Evacuation Pause) 112M->43M(128M) 2.401ms
[2026-09-27T03:59:51.047+0530][414.419s] GC(811) Pause Young (Normal) (G1 Evacuation Pause) 112M->43M(128M) 2.248ms
[2026-09-27T03:59:51.460+0530][414.832s] GC(812) Pause Young (Normal) (G1 Evacuation Pause) 112M->44M(128M) 2.335ms
[2026-09-27T03:59:51.709+0530][415.081s] GC(813) Pause Young (Normal) (G1 Evacuation Pause) 112M->44M(128M) 2.639ms
[2026-09-27T03:59:52.126+0530][415.497s] GC(814) Pause Young (Normal) (G1 Evacuation Pause) 112M->43M(128M) 2.209ms
[2026-09-27T03:59:52.587+0530][415.959s] GC(815) Pause Young (Normal) (G1 Evacuation Pause) 111M->44M(128M) 2.522ms
[2026-09-27T03:59:53.070+0530][416.442s] GC(816) Pause Young (Normal) (G1 Evacuation Pause) 111M->44M(128M) 2.565ms
[2026-09-27T03:59:53.412+0530][416.784s] GC(817) Pause Young (Normal) (G1 Evacuation Pause) 111M->44M(128M) 2.590ms
[2026-09-27T03:59:53.646+0530][417.018s] GC(818) Pause Young (Normal) (G1 Evacuation Pause) 111M->44M(128M) 2.303ms
[2026-09-27T03:59:54.113+0530][417.484s] GC(819) Pause Young (Normal) (G1 Evacuation Pause) 111M->44M(128M) 2.826ms
[2026-09-27T03:59:54.548+0530][417.920s] GC(820) Pause Young (Normal) (G1 Evacuation Pause) 111M->44M(128M) 2.208ms
[2026-09-27T03:59:54.748+0530][418.119s] GC(821) Pause Young (Normal) (G1 Evacuation Pause) 111M->44M(128M) 2.636ms
[2026-09-27T03:59:55.150+0530][418.522s] GC(822) Pause Young (Normal) (G1 Evacuation Pause) 113M->44M(128M) 1.853ms
[2026-09-27T03:59:55.609+0530][418.981s] GC(823) Pause Young (Normal) (G1 Evacuation Pause) 113M->44M(128M) 2.215ms
[2026-09-27T03:59:56.096+0530][419.467s] GC(824) Pause Young (Normal) (G1 Evacuation Pause) 113M->44M(128M) 2.391ms
[2026-09-27T03:59:56.421+0530][419.793s] GC(825) Pause Young (Normal) (G1 Evacuation Pause) 113M->45M(128M) 2.709ms
[2026-09-27T03:59:56.680+0530][420.051s] GC(826) Pause Young (Normal) (G1 Evacuation Pause) 110M->44M(128M) 1.592ms
[2026-09-27T03:59:57.146+0530][420.518s] GC(827) Pause Young (Normal) (G1 Evacuation Pause) 112M->44M(128M) 1.662ms
[2026-09-27T03:59:57.623+0530][420.994s] GC(828) Pause Young (Normal) (G1 Evacuation Pause) 112M->44M(128M) 1.894ms
[2026-09-27T03:59:58.045+0530][421.417s] GC(829) Pause Young (Normal) (G1 Evacuation Pause) 112M->44M(128M) 2.176ms
[2026-09-27T03:59:58.291+0530][421.663s] GC(830) Pause Young (Normal) (G1 Evacuation Pause) 112M->44M(128M) 1.795ms
[2026-09-27T03:59:58.674+0530][422.045s] GC(831) Pause Young (Normal) (G1 Evacuation Pause) 112M->44M(128M) 1.722ms
[2026-09-27T03:59:59.138+0530][422.509s] GC(832) Pause Young (Normal) (G1 Evacuation Pause) 112M->44M(128M) 1.922ms
[2026-09-27T03:59:59.568+0530][422.940s] GC(833) Pause Young (Normal) (G1 Evacuation Pause) 113M->44M(128M) 1.986ms
[2026-09-27T03:59:59.801+0530][423.173s] GC(834) Pause Young (Normal) (G1 Evacuation Pause) 111M->44M(128M) 2.098ms
[2026-09-27T04:00:00.207+0530][423.579s] GC(835) Pause Young (Normal) (G1 Evacuation Pause) 112M->44M(128M) 1.699ms
[2026-09-27T04:00:00.671+0530][424.043s] GC(836) Pause Young (Normal) (G1 Evacuation Pause) 112M->44M(128M) 1.526ms
[2026-09-27T04:00:01.163+0530][424.535s] GC(837) Pause Young (Normal) (G1 Evacuation Pause) 113M->44M(128M) 1.747ms
[2026-09-27T04:00:01.635+0530][425.006s] GC(838) Pause Young (Normal) (G1 Evacuation Pause) 113M->44M(128M) 1.675ms
[2026-09-27T04:00:01.833+0530][425.205s] GC(839) Pause Young (Normal) (G1 Evacuation Pause) 113M->44M(128M) 1.732ms
[2026-09-27T04:00:02.267+0530][425.638s] GC(840) Pause Young (Normal) (G1 Evacuation Pause) 113M->44M(128M) 1.396ms
[2026-09-27T04:00:02.725+0530][426.096s] GC(841) Pause Young (Normal) (G1 Evacuation Pause) 113M->44M(128M) 1.321ms
[2026-09-27T04:00:03.193+0530][426.564s] GC(842) Pause Young (Normal) (G1 Evacuation Pause) 113M->44M(128M) 1.798ms
[2026-09-27T04:00:03.628+0530][427.000s] GC(843) Pause Young (Normal) (G1 Evacuation Pause) 113M->44M(128M) 1.920ms
[2026-09-27T04:00:03.779+0530][427.151s] GC(844) Pause Young (Normal) (G1 Evacuation Pause) 113M->44M(128M) 1.613ms
[2026-09-27T04:00:04.249+0530][427.621s] GC(845) Pause Young (Normal) (G1 Evacuation Pause) 113M->44M(128M) 1.993ms
[2026-09-27T04:00:04.738+0530][428.110s] GC(846) Pause Young (Normal) (G1 Evacuation Pause) 113M->44M(128M) 2.159ms
[2026-09-27T04:00:05.134+0530][428.506s] GC(847) Pause Young (Normal) (G1 Evacuation Pause) 113M->44M(128M) 2.335ms
[2026-09-27T04:00:05.375+0530][428.746s] GC(848) Pause Young (Normal) (G1 Evacuation Pause) 113M->44M(128M) 2.265ms
[2026-09-27T04:00:05.795+0530][429.166s] GC(849) Pause Young (Normal) (G1 Evacuation Pause) 113M->44M(128M) 2.007ms
[2026-09-27T04:00:06.272+0530][429.643s] GC(850) Pause Young (Normal) (G1 Evacuation Pause) 113M->44M(128M) 2.027ms
[2026-09-27T04:00:06.761+0530][430.132s] GC(851) Pause Young (Normal) (G1 Evacuation Pause) 113M->44M(128M) 2.280ms
[2026-09-27T04:00:07.093+0530][430.465s] GC(852) Pause Young (Normal) (G1 Evacuation Pause) 113M->44M(128M) 2.149ms
[2026-09-27T04:00:07.410+0530][430.782s] GC(853) Pause Young (Normal) (G1 Evacuation Pause) 113M->44M(128M) 1.975ms
[2026-09-27T04:00:07.820+0530][431.192s] GC(854) Pause Young (Normal) (G1 Evacuation Pause) 113M->44M(128M) 1.797ms
[2026-09-27T04:00:08.293+0530][431.665s] GC(855) Pause Young (Normal) (G1 Evacuation Pause) 111M->44M(128M) 2.001ms
[2026-09-27T04:00:08.751+0530][432.123s] GC(856) Pause Young (Normal) (G1 Evacuation Pause) 113M->44M(128M) 2.275ms
[2026-09-27T04:00:08.964+0530][432.336s] GC(857) Pause Young (Normal) (G1 Evacuation Pause) 111M->46M(128M) 2.586ms
[2026-09-27T04:00:09.336+0530][432.708s] GC(858) Pause Young (Normal) (G1 Evacuation Pause) 111M->45M(128M) 2.745ms
[2026-09-27T04:00:09.798+0530][433.170s] GC(859) Pause Young (Normal) (G1 Evacuation Pause) 112M->44M(128M) 2.373ms
[2026-09-27T04:00:10.054+0530][433.426s] GC(860) Pause Young (Normal) (G1 Evacuation Pause) 112M->46M(128M) 2.740ms
[2026-09-27T04:00:10.368+0530][433.740s] GC(861) Pause Young (Normal) (G1 Evacuation Pause) 110M->45M(128M) 1.750ms
[2026-09-27T04:00:10.812+0530][434.183s] GC(862) Pause Young (Normal) (G1 Evacuation Pause) 111M->44M(128M) 2.104ms
[2026-09-27T04:00:11.146+0530][434.518s] GC(863) Pause Young (Normal) (G1 Evacuation Pause) 111M->45M(128M) 1.978ms
[2026-09-27T04:00:11.398+0530][434.770s] GC(864) Pause Young (Normal) (G1 Evacuation Pause) 112M->45M(128M) 1.767ms
[2026-09-27T04:00:11.875+0530][435.246s] GC(865) Pause Young (Normal) (G1 Evacuation Pause) 112M->44M(128M) 1.460ms
[2026-09-27T04:00:12.320+0530][435.691s] GC(866) Pause Young (Normal) (G1 Evacuation Pause) 111M->44M(128M) 1.838ms
[2026-09-27T04:00:12.748+0530][436.120s] GC(867) Pause Young (Normal) (G1 Evacuation Pause) 111M->44M(128M) 1.447ms
[2026-09-27T04:00:12.974+0530][436.345s] GC(868) Pause Young (Normal) (G1 Evacuation Pause) 112M->44M(128M) 1.320ms
[2026-09-27T04:00:13.389+0530][436.761s] GC(869) Pause Young (Normal) (G1 Evacuation Pause) 112M->44M(128M) 1.548ms
[2026-09-27T04:00:13.847+0530][437.218s] GC(870) Pause Young (Normal) (G1 Evacuation Pause) 112M->44M(128M) 1.782ms
[2026-09-27T04:00:14.201+0530][437.573s] GC(871) Pause Young (Normal) (G1 Evacuation Pause) 112M->46M(128M) 2.470ms
[2026-09-27T04:00:14.433+0530][437.805s] GC(872) Pause Young (Normal) (G1 Evacuation Pause) 111M->45M(128M) 1.423ms
[2026-09-27T04:00:14.917+0530][438.288s] GC(873) Pause Young (Normal) (G1 Evacuation Pause) 112M->44M(128M) 1.598ms
[2026-09-27T04:00:15.360+0530][438.732s] GC(874) Pause Young (Normal) (G1 Evacuation Pause) 111M->44M(128M) 1.433ms
[2026-09-27T04:00:15.714+0530][439.086s] GC(875) Pause Young (Normal) (G1 Evacuation Pause) 111M->44M(128M) 1.748ms
[2026-09-27T04:00:16.010+0530][439.382s] GC(876) Pause Young (Normal) (G1 Evacuation Pause) 111M->44M(128M) 1.463ms
[2026-09-27T04:00:16.425+0530][439.796s] GC(877) Pause Young (Normal) (G1 Evacuation Pause) 111M->44M(128M) 1.392ms
[2026-09-27T04:00:16.892+0530][440.264s] GC(878) Pause Young (Normal) (G1 Evacuation Pause) 112M->44M(128M) 1.461ms
[2026-09-27T04:00:17.324+0530][440.696s] GC(879) Pause Young (Normal) (G1 Evacuation Pause) 112M->45M(128M) 1.817ms
[2026-09-27T04:00:17.542+0530][440.914s] GC(880) Pause Young (Normal) (G1 Evacuation Pause) 111M->44M(128M) 1.467ms
[2026-09-27T04:00:17.977+0530][441.349s] GC(881) Pause Young (Normal) (G1 Evacuation Pause) 111M->44M(128M) 1.175ms
[2026-09-27T04:00:18.416+0530][441.788s] GC(882) Pause Young (Normal) (G1 Evacuation Pause) 111M->44M(128M) 1.497ms
[2026-09-27T04:00:18.838+0530][442.209s] GC(883) Pause Young (Normal) (G1 Evacuation Pause) 112M->45M(128M) 1.703ms
[2026-09-27T04:00:19.061+0530][442.432s] GC(884) Pause Young (Normal) (G1 Evacuation Pause) 113M->45M(128M) 1.617ms
[2026-09-27T04:00:19.468+0530][442.840s] GC(885) Pause Young (Normal) (G1 Evacuation Pause) 113M->45M(128M) 1.710ms
[2026-09-27T04:00:19.923+0530][443.295s] GC(886) Pause Young (Normal) (G1 Evacuation Pause) 113M->45M(128M) 1.990ms
[2026-09-27T04:00:20.346+0530][443.718s] GC(887) Pause Young (Normal) (G1 Evacuation Pause) 113M->45M(128M) 2.062ms
[2026-09-27T04:00:20.518+0530][443.890s] GC(888) Pause Young (Normal) (G1 Evacuation Pause) 113M->45M(128M) 1.758ms
[2026-09-27T04:00:20.981+0530][444.353s] GC(889) Pause Young (Normal) (G1 Evacuation Pause) 113M->45M(128M) 2.083ms
[2026-09-27T04:00:21.464+0530][444.836s] GC(890) Pause Young (Normal) (G1 Evacuation Pause) 113M->45M(128M) 2.162ms
[2026-09-27T04:00:21.794+0530][445.166s] GC(891) Pause Young (Normal) (G1 Evacuation Pause) 113M->45M(128M) 2.295ms
[2026-09-27T04:00:22.102+0530][445.474s] GC(892) Pause Young (Normal) (G1 Evacuation Pause) 111M->45M(128M) 1.910ms
[2026-09-27T04:00:22.521+0530][445.893s] GC(893) Pause Young (Normal) (G1 Evacuation Pause) 111M->46M(128M) 2.374ms
[2026-09-27T04:00:22.978+0530][446.350s] GC(894) Pause Young (Normal) (G1 Evacuation Pause) 110M->45M(128M) 2.295ms
[2026-09-27T04:00:23.387+0530][446.759s] GC(895) Pause Young (Normal) (G1 Evacuation Pause) 112M->45M(128M) 2.321ms
[2026-09-27T04:00:23.568+0530][446.940s] GC(896) Pause Young (Normal) (G1 Evacuation Pause) 112M->47M(128M) 2.747ms
[2026-09-27T04:00:24.015+0530][447.386s] GC(897) Pause Young (Normal) (G1 Evacuation Pause) 111M->45M(128M) 2.252ms
[2026-09-27T04:00:24.463+0530][447.834s] GC(898) Pause Young (Normal) (G1 Evacuation Pause) 110M->45M(128M) 2.173ms
[2026-09-27T04:00:24.641+0530][448.013s] GC(899) Pause Young (Normal) (G1 Evacuation Pause) 112M->45M(128M) 1.819ms
[2026-09-27T04:00:25.070+0530][448.442s] GC(900) Pause Young (Normal) (G1 Evacuation Pause) 112M->45M(128M) 1.840ms
[2026-09-27T04:00:25.510+0530][448.882s] GC(901) Pause Young (Normal) (G1 Evacuation Pause) 112M->45M(128M) 2.098ms
[2026-09-27T04:00:25.661+0530][449.033s] GC(902) Pause Young (Normal) (G1 Evacuation Pause) 112M->45M(128M) 1.699ms
[2026-09-27T04:00:26.111+0530][449.482s] GC(903) Pause Young (Normal) (G1 Evacuation Pause) 112M->45M(128M) 1.999ms
[2026-09-27T04:00:26.540+0530][449.911s] GC(904) Pause Young (Normal) (G1 Evacuation Pause) 112M->45M(128M) 2.377ms
[2026-09-27T04:00:26.860+0530][450.232s] GC(905) Pause Young (Normal) (G1 Evacuation Pause) 112M->45M(128M) 1.825ms
[2026-09-27T04:00:27.133+0530][450.505s] GC(906) Pause Young (Normal) (G1 Evacuation Pause) 112M->45M(128M) 1.556ms
[2026-09-27T04:00:27.578+0530][450.949s] GC(907) Pause Young (Normal) (G1 Evacuation Pause) 112M->45M(128M) 1.376ms
[2026-09-27T04:00:27.993+0530][451.365s] GC(908) Pause Young (Normal) (G1 Evacuation Pause) 112M->45M(128M) 1.789ms
[2026-09-27T04:00:28.371+0530][451.743s] GC(909) Pause Young (Normal) (G1 Evacuation Pause) 112M->45M(128M) 1.611ms
[2026-09-27T04:00:28.657+0530][452.029s] GC(910) Pause Young (Normal) (G1 Evacuation Pause) 112M->45M(128M) 1.331ms
[2026-09-27T04:00:29.067+0530][452.438s] GC(911) Pause Young (Normal) (G1 Evacuation Pause) 112M->45M(128M) 1.543ms
[2026-09-27T04:00:29.500+0530][452.872s] GC(912) Pause Young (Normal) (G1 Evacuation Pause) 112M->45M(128M) 1.654ms
[2026-09-27T04:00:29.752+0530][453.123s] GC(913) Pause Young (Normal) (G1 Evacuation Pause) 112M->46M(128M) 1.613ms
[2026-09-27T04:00:30.168+0530][453.540s] GC(914) Pause Young (Normal) (G1 Evacuation Pause) 111M->45M(128M) 1.367ms
[2026-09-27T04:00:30.572+0530][453.944s] GC(915) Pause Young (Normal) (G1 Evacuation Pause) 111M->45M(128M) 1.293ms
[2026-09-27T04:00:31.003+0530][454.375s] GC(916) Pause Young (Normal) (G1 Evacuation Pause) 112M->45M(128M) 1.376ms
[2026-09-27T04:00:31.216+0530][454.588s] GC(917) Pause Young (Normal) (G1 Evacuation Pause) 112M->45M(128M) 1.246ms
[2026-09-27T04:00:31.688+0530][455.059s] GC(918) Pause Young (Normal) (G1 Evacuation Pause) 112M->45M(128M) 1.279ms
[2026-09-27T04:00:32.084+0530][455.456s] GC(919) Pause Young (Normal) (G1 Evacuation Pause) 112M->45M(128M) 1.207ms
[2026-09-27T04:00:32.525+0530][455.896s] GC(920) Pause Young (Normal) (G1 Evacuation Pause) 112M->45M(128M) 0.989ms
[2026-09-27T04:00:32.846+0530][456.218s] GC(921) Pause Young (Normal) (G1 Evacuation Pause) 112M->46M(128M) 1.729ms
[2026-09-27T04:00:33.199+0530][456.571s] GC(922) Pause Young (Normal) (G1 Evacuation Pause) 111M->45M(128M) 1.117ms
[2026-09-27T04:00:33.624+0530][456.996s] GC(923) Pause Young (Normal) (G1 Evacuation Pause) 111M->45M(128M) 1.773ms
[2026-09-27T04:00:34.027+0530][457.399s] GC(924) Pause Young (Normal) (G1 Evacuation Pause) 111M->46M(128M) 1.609ms
[2026-09-27T04:00:34.224+0530][457.596s] GC(925) Pause Young (Normal) (G1 Evacuation Pause) 112M->45M(128M) 1.251ms
[2026-09-27T04:00:34.655+0530][458.026s] GC(926) Pause Young (Normal) (G1 Evacuation Pause) 111M->45M(128M) 1.576ms
[2026-09-27T04:00:35.065+0530][458.436s] GC(927) Pause Young (Normal) (G1 Evacuation Pause) 111M->46M(128M) 1.664ms
[2026-09-27T04:00:35.439+0530][458.811s] GC(928) Pause Young (Normal) (G1 Evacuation Pause) 112M->46M(128M) 2.048ms
[2026-09-27T04:00:35.742+0530][459.113s] GC(929) Pause Young (Normal) (G1 Evacuation Pause) 112M->46M(128M) 1.870ms
[2026-09-27T04:00:36.162+0530][459.533s] GC(930) Pause Young (Normal) (G1 Evacuation Pause) 112M->46M(128M) 1.603ms
[2026-09-27T04:00:36.604+0530][459.976s] GC(931) Pause Young (Normal) (G1 Evacuation Pause) 113M->46M(128M) 2.590ms
[2026-09-27T04:00:36.801+0530][460.173s] GC(932) Pause Young (Normal) (G1 Evacuation Pause) 113M->46M(128M) 2.157ms
[2026-09-27T04:00:37.244+0530][460.615s] GC(933) Pause Young (Normal) (G1 Evacuation Pause) 111M->46M(128M) 1.967ms
[2026-09-27T04:00:37.651+0530][461.023s] GC(934) Pause Young (Normal) (G1 Evacuation Pause) 113M->46M(128M) 1.970ms
[2026-09-27T04:00:37.991+0530][461.362s] GC(935) Pause Young (Normal) (G1 Evacuation Pause) 111M->48M(128M) 2.620ms
[2026-09-27T04:00:38.269+0530][461.640s] GC(936) Pause Young (Normal) (G1 Evacuation Pause) 111M->46M(128M) 1.823ms
[2026-09-27T04:00:38.671+0530][462.042s] GC(937) Pause Young (Normal) (G1 Evacuation Pause) 111M->46M(128M) 2.005ms
[2026-09-27T04:00:39.036+0530][462.408s] GC(938) Pause Young (Normal) (G1 Evacuation Pause) 111M->47M(128M) 2.290ms
[2026-09-27T04:00:39.285+0530][462.657s] GC(939) Pause Young (Normal) (G1 Evacuation Pause) 110M->46M(128M) 2.006ms
[2026-09-27T04:00:39.681+0530][463.052s] GC(940) Pause Young (Normal) (G1 Evacuation Pause) 111M->46M(128M) 1.842ms
[2026-09-27T04:00:40.069+0530][463.441s] GC(941) Pause Young (Normal) (G1 Evacuation Pause) 112M->47M(128M) 2.165ms
[2026-09-27T04:00:40.300+0530][463.672s] GC(942) Pause Young (Normal) (G1 Evacuation Pause) 111M->46M(128M) 1.528ms
[2026-09-27T04:00:40.701+0530][464.073s] GC(943) Pause Young (Normal) (G1 Evacuation Pause) 112M->46M(128M) 1.408ms
[2026-09-27T04:00:41.072+0530][464.444s] GC(944) Pause Young (Normal) (G1 Evacuation Pause) 112M->46M(128M) 1.281ms
[2026-09-27T04:00:41.314+0530][464.686s] GC(945) Pause Young (Normal) (G1 Evacuation Pause) 111M->46M(128M) 1.284ms
