COIN_REQUEST_TIMING|1790510592760|false|true|4|4000|62035000|87406600|4371900|1282700|5730400|155176000
COIN_REQUEST_TIMING|1790510592760|false|true|4|31800|57660900|97565800|4472900|45230300|859200|156117700
COIN_REQUEST_TIMING|1790510592761|false|true|4|4600|62134100|111958500|61588600|5151700|1443300|175540500
COIN_REQUEST_TIMING|1790510592761|false|true|4|3400|61939700|115628100|81958500|750300|1307400|178878600
COIN_REQUEST_TIMING|1790510592762|false|true|4|150151700|859700|52466100|12699800|1341300|810400|204287900
COIN_REQUEST_TIMING|1790510592766|false|true|4|169436200|1880000|43199000|51800|11258500|762400|215277600
COIN_REQUEST_TIMING|1790510592787|false|true|4|179355900|87400|20546000|51400|5173100|779400|200768700
COIN_REQUEST_TIMING|1790510592762|false|true|4|153408400|53500|77207000|52400|6764300|1676100|232345000
COIN_REQUEST_TIMING|1790510592786|false|true|4|153905500|148600|55906600|41194300|286200|2706500|212667200
COIN_REQUEST_TIMING|1790510592790|false|true|4|192108100|154700|21741400|35500|6923100|965900|214970100
COIN_REQUEST_TIMING|1790510592791|false|true|4|196883800|52700|18188400|40400|5954600|680400|215805300
COIN_REQUEST_TIMING|1790510592793|false|true|4|202205400|89300|28807400|51900|4347200|1819600|232921700
COIN_REQUEST_TIMING|1790510592793|false|true|4|203959400|60200|44989200|6797600|262700|752300|249761100
COIN_REQUEST_TIMING|1790510592794|false|true|4|231716900|57700|23299000|41500|4398000|748200|255821800
COIN_REQUEST_TIMING|1790510592793|false|true|4|212187400|66800|55304400|14381600|13165400|792800|268351400
COIN_REQUEST_TIMING|1790510592793|false|true|4|213339500|44700|65134300|51900|5066800|1004800|279523300
COIN_REQUEST_TIMING|1790510592795|false|true|4|254912900|44700|30032500|46900|11615000|727100|285717200
COIN_REQUEST_TIMING|1790510592796|false|true|4|265809100|48500|30994300|41800|4317200|818000|297669900
COIN_REQUEST_TIMING|1790510592800|false|true|4|280300500|78400|16958500|43300|1719100|1024300|298361700
COIN_REQUEST_TIMING|1790510592795|false|true|4|247151800|311900|76059300|57400|6672600|1332300|324855300
COIN_REQUEST_TIMING|1790510592796|false|true|4|277274300|48600|53659700|48300|23101100|656200|331638800
COIN_REQUEST_TIMING|1790510592800|false|true|4|293645700|62800|41304500|585000|22134800|883400|335896400
COIN_REQUEST_TIMING|1790510592801|false|true|4|298212000|44300|55125400|48900|38709300|712800|354094500
COIN_REQUEST_TIMING|1790510592801|false|true|4|319357000|62300|38847600|47600|24110600|864300|359131200
COIN_REQUEST_TIMING|1790510592801|false|true|4|327518400|87800|34439100|43800|22160400|580000|362625300
COIN_REQUEST_TIMING|1790510592801|false|true|4|334873000|59500|31281200|40200|19843500|580200|366793900
COIN_REQUEST_TIMING|1790510592801|false|true|4|353210200|97600|17026300|59300|7868200|995300|371329400
COIN_REQUEST_TIMING|1790510592801|false|true|4|358754900|69800|17917900|54700|5979000|544500|377287100
COIN_REQUEST_TIMING|1790510592801|false|true|4|362317000|47400|19979400|56100|7607300|657000|383000800
COIN_REQUEST_TIMING|1790510592801|false|true|4|366496200|68400|19305400|40900|9648900|658300|386528300
COIN_REQUEST_TIMING|1790510592801|false|true|4|370646300|67200|20300100|48500|6511900|830600|391844200
COIN_REQUEST_TIMING|1790510592801|false|true|4|377133200|44300|25691000|44500|5509400|721100|403589600
COIN_REQUEST_TIMING|1790510592802|false|true|4|382862900|57700|25589600|44000|14207600|535200|409045400
COIN_REQUEST_TIMING|1790510592802|false|true|4|391556700|104200|20660700|47500|10191000|532000|412853600
COIN_REQUEST_TIMING|1790510592802|false|true|4|386401700|56200|30824400|43600|12613000|1552000|418834300
COIN_REQUEST_TIMING|1790510592802|false|true|4|403449600|52400|18754300|51800|5617700|627800|422884100
COIN_REQUEST_TIMING|1790510592802|false|true|4|408969200|43000|16996600|43100|8422400|613500|426622300
COIN_REQUEST_TIMING|1790510592802|false|true|4|412777900|42800|19648900|40200|7693200|626000|433095600
COIN_REQUEST_TIMING|1790510592802|false|true|4|418662400|165100|18155400|129200|8631300|593700|437576600
COIN_REQUEST_TIMING|1790510592802|false|true|4|422622700|67100|20344500|42200|8579600|674500|443708800
COIN_REQUEST_TIMING|1790510592802|false|true|4|426548900|45500|31680900|41300|9282400|610500|458885800
COIN_REQUEST_TIMING|1790510592802|false|true|4|433047700|75400|28453500|46400|17921400|753900|462330500
COIN_REQUEST_TIMING|1790510592802|false|true|4|437477400|39700|29830200|46900|18653600|625800|467973100
COIN_REQUEST_TIMING|1790510592802|false|true|4|443571400|59300|28690400|45100|3483500|604500|472925600
COIN_REQUEST_TIMING|1790510592802|false|true|4|458735800|70000|17863100|48000|8122700|656100|477325000
COIN_REQUEST_TIMING|1790510592802|false|true|4|462220600|55300|18396800|46600|8547200|687000|481359700
COIN_REQUEST_TIMING|1790510592802|false|true|4|467874700|45200|16410800|42500|5059400|649800|484980500
COIN_REQUEST_TIMING|1790510592802|false|true|4|472866500|67700|16015500|39000|3239900|648800|489598500
COIN_REQUEST_TIMING|1790510592802|false|true|4|477255300|55400|15194900|42000|5623600|569000|493074600
COIN_REQUEST_TIMING|1790510592802|false|true|4|481210400|56600|14489300|45600|6085400|745200|496501500
COIN_REQUEST_TIMING|1790510592802|false|true|4|484829600|54300|16350500|54100|5928900|538000|501772400
COIN_REQUEST_TIMING|1790510592803|false|true|4|489900000|72800|16947200|64900|6484600|686500|507606500
COIN_REQUEST_TIMING|1790510592803|false|true|4|492506500|68800|19945100|52700|6871500|523400|513043800
COIN_REQUEST_TIMING|1790510592803|false|true|4|495840700|112300|32421000|41000|5789100|738500|529112500
COIN_REQUEST_TIMING|1790510592803|false|true|4|501301900|61400|33957300|39700|14153000|1145700|536466300
COIN_REQUEST_TIMING|1790510592803|false|true|4|507031100|55400|51027100|40200|20086000|556500|558670100
COIN_REQUEST_TIMING|1790510592803|false|true|4|513521900|541500|51506100|42300|38301700|551100|566120600
COIN_REQUEST_TIMING|1790510592803|false|true|4|528582200|67900|41016300|53700|16900200|590100|570256500
COIN_REQUEST_TIMING|1790510592803|false|true|4|536201000|78200|40788400|56900|20123800|1166200|578233800
COIN_REQUEST_TIMING|1790510592803|false|true|4|558572100|56700|33027300|58100|15280200|605900|592262000
COIN_REQUEST_TIMING|1790510592803|false|true|4|565958000|55700|31228400|45500|16022900|540000|597782100
COIN_REQUEST_TIMING|1790510592803|false|true|4|570216000|70900|38022900|113000|11138000|719100|609028900
COIN_REQUEST_TIMING|1790510592803|false|true|4|578079600|61400|33450500|44500|12048300|548800|612140300
COIN_REQUEST_TIMING|1790510592803|false|true|4|591708900|62300|25600500|49900|11899800|1894200|619265900
COIN_REQUEST_TIMING|1790510592803|false|true|4|597677500|61700|24818700|51500|10528600|556300|623114200
COIN_REQUEST_TIMING|1790510592803|false|true|4|608355300|82200|25497200|43400|7811300|710300|634645000
COIN_REQUEST_TIMING|1790510592803|false|true|4|612033900|45900|31081600|42400|7531800|533400|643694800
COIN_REQUEST_TIMING|1790510592803|false|true|4|618842300|95400|30370700|51800|19596800|1784000|651092400
COIN_REQUEST_TIMING|1790510592803|false|true|4|623077500|45400|32656800|43100|6743500|548900|656328600
COIN_REQUEST_TIMING|1790510592804|false|true|4|634541200|48000|24937200|1165400|9767600|483000|660009400
COIN_REQUEST_TIMING|1790510592804|false|true|4|643538600|74900|19093600|46700|4818200|570700|663277800
COIN_REQUEST_TIMING|1790510592804|false|true|4|649694900|895100|16049500|47000|4546200|564500|667204000
COIN_REQUEST_TIMING|1790510592804|false|true|4|655842300|138000|14021700|52000|5628700|544800|670546800
COIN_REQUEST_TIMING|1790510592804|false|true|4|659489600|53400|14004600|43100|5575800|515000|674062600
COIN_REQUEST_TIMING|1790510592804|false|true|4|663151600|54600|13522000|47400|5664500|406000|677134200
COIN_REQUEST_TIMING|1790510592804|false|true|4|666712900|67900|14290500|313200|5438100|698700|681770000
COIN_REQUEST_TIMING|1790510592804|false|true|4|670460800|42000|29519100|41200|5496100|611000|700632900
COIN_REQUEST_TIMING|1790510592804|false|true|4|673566900|76500|31864000|40600|21315400|515700|706023100
COIN_REQUEST_TIMING|1790510592804|false|true|4|676720000|49300|39754600|44600|30343500|1025700|717549600
COIN_REQUEST_TIMING|1790510592804|false|true|4|681644200|60500|40212900|50100|29510200|550900|722468500
COIN_REQUEST_TIMING|1790510592804|false|true|4|700553500|42900|26571000|158200|11535100|1045900|728213300
COIN_REQUEST_TIMING|1790510592804|false|true|4|706483300|58300|28050300|45800|13070200|580900|735172800
COIN_REQUEST_TIMING|1790510592804|false|true|4|716800700|605400|24378700|58900|8524100|491200|742276000
COIN_REQUEST_TIMING|1790510592804|false|true|4|722198700|60900|26672500|203500|10671000|1509800|750441900
COIN_REQUEST_TIMING|1790510592806|false|true|4|726112400|204800|25546200|51700|10049900|702100|752565500
COIN_REQUEST_TIMING|1790510592806|false|true|4|732963800|46100|24203600|43400|5548700|493200|757706700
COIN_REQUEST_TIMING|1790510592807|false|true|4|740047900|66100|32559100|45100|8602100|507200|773180300
COIN_REQUEST_TIMING|1790510592807|false|true|4|747014900|278300|75664400|191600|16930400|703800|823661400
COIN_REQUEST_TIMING|1790510592807|false|true|4|752050700|129900|84092900|59500|57241400|2602400|838875900
COIN_REQUEST_TIMING|1790510592807|false|true|4|757466100|48900|107115900|127200|63545000|5739300|870370200
COIN_REQUEST_TIMING|1790510592807|false|true|4|773058200|40200|112508700|82700|82959800|12621200|898228300
COIN_REQUEST_TIMING|1790510592807|false|true|4|823526400|52100|69208200|62400|48488200|5417000|898203700
COIN_REQUEST_TIMING|1790510592807|false|true|4|870018200|33200|27626600|56600|15425300|544300|898222300
COIN_REQUEST_TIMING|1790510592807|false|true|4|906402000|26800|17277500|57600|138100|452200|924158500
COIN_REQUEST_TIMING|1790510592807|false|true|4|923230800|47300|46817400|58700|318500|9033700|979129200
COIN_REQUEST_TIMING|1790510592807|false|true|4|898173800|36700|91660700|32638600|42843200|445300|990316500
COIN_REQUEST_TIMING|1790510592808|false|true|4|979019200|160200|141786800|100000|2457800|11386500|1132352700
COIN_REQUEST_TIMING|1790510592808|false|true|4|1132215600|44400|21591700|204900|374000|497700|1154349400
COIN_REQUEST_TIMING|1790510592809|false|true|4|1153809600|40700|26176400|31000|245500|541500|1180568200
COIN_REQUEST_TIMING|1790510592809|false|true|4|1180189200|52400|18388700|36800|95100|3270700|1201901000
COIN_REQUEST_TIMING|1790510592807|false|true|4|990312400|36400|227746600|202543400|184500|425000|1218520400
COIN_REQUEST_TIMING|1790510592808|false|true|4|924041800|35200|301458000|289051300|456600|571000|1226106000
COIN_REQUEST_TIMING|1790510592809|false|true|4|1216249700|40100|16948900|34700|138700|421700|1233660400
COIN_REQUEST_TIMING|1790510592810|false|true|4|1224301100|76100|12795900|262900|829600|433900|1237607000
COIN_REQUEST_TIMING|1790510592810|false|true|4|1233539400|28200|11716700|329700|246200|420600|1245704900
COIN_REQUEST_TIMING|1790510592810|false|true|4|1245603100|35200|17732200|31000|266000|475700|1263846200
COIN_REQUEST_TIMING|1790510592810|false|true|4|1263849100|34700|17189000|27100|181700|390800|1281463600
COIN_REQUEST_TIMING|1790510592810|false|true|4|1281572400|36600|34970800|25200|21436300|451500|1317031300
COIN_REQUEST_TIMING|1790510592810|false|true|4|1237509600|38200|97962600|75365600|109100|522100|1336032500
COIN_REQUEST_TIMING|1790510592812|false|true|4|1314714000|45400|29514600|29900|706800|500600|1344774600
COIN_REQUEST_TIMING|1790510592813|false|true|4|1343770800|37800|34655900|1982900|610400|553900|1379018400
COIN_REQUEST_TIMING|1790510592814|false|true|4|1378299400|38700|30761400|18914800|137700|541700|1409641200
COIN_REQUEST_TIMING|1790510592814|false|true|4|1409303200|470400|48489300|25400|562900|439100|1458702000
COIN_REQUEST_TIMING|1790510592815|false|true|4|1458087300|54600|20131700|37700|111500|495000|1478768600
COIN_REQUEST_TIMING|1790510592807|false|true|4|918931000|63500|577749800|556772300|159200|545900|1497290200
COIN_REQUEST_TIMING|1790510592815|false|true|4|1478455700|35400|71810300|1428600|101500|399900|1550701300
COIN_REQUEST_TIMING|1790510592813|false|true|4|1332726800|48300|226063900|175990800|4447000|548500|1559387500
COIN_REQUEST_TIMING|1790510592816|false|true|4|1549679800|43700|11043600|16900|193300|454300|1561221400
COIN_REQUEST_TIMING|1790510592819|false|true|4|1553132200|39500|18556600|16100|143700|512600|1572240900
COIN_REQUEST_TIMING|1790510592820|false|true|4|1557977900|39300|18784600|16100|4194500|470400|1577272200
COIN_REQUEST_TIMING|1790510592820|false|true|4|1571896400|53300|17188400|127800|127100|432800|1589570900
COIN_REQUEST_TIMING|1790510592820|false|true|4|1577165900|52600|15769500|13900|112300|431500|1593419500
COIN_REQUEST_TIMING|1790510592820|false|true|4|1589291500|41000|8952900|16900|116100|439900|1598725300
COIN_REQUEST_TIMING|1790510592820|false|true|4|1593249000|42300|10417900|15600|93100|505800|1604215000
COIN_REQUEST_TIMING|1790510592820|false|true|4|1598499600|33300|10665000|14700|160200|489200|1609687100
COIN_REQUEST_TIMING|1790510592821|false|true|4|1609327600|65100|9521100|14600|118400|431300|1619345100
COIN_REQUEST_TIMING|1790510592820|false|true|4|1603902900|38900|33632900|16600|781500|572100|1638146800
COIN_REQUEST_TIMING|1790510592821|false|true|4|1619266800|42200|25361500|13200|8514100|507500|1645178000
COIN_REQUEST_TIMING|1790510592821|false|true|4|1637690000|29800|23467900|15100|115600|1166300|1662354000
COIN_REQUEST_TIMING|1790510592821|false|true|4|1645108300|32600|25000000|1985200|5246700|863800|1671004700
COIN_REQUEST_TIMING|1790510592821|false|true|4|1664565800|47600|22118900|675600|116100|472400|1687204700
COIN_REQUEST_TIMING|1790510592821|false|true|4|1670433800|46300|26505400|3901500|92500|492500|1697478000
COIN_REQUEST_TIMING|1790510592821|false|true|4|1687213500|34500|13293400|17000|2123100|405200|1700946600
COIN_REQUEST_TIMING|1790510592822|false|true|4|1699961500|32700|9351200|14300|114000|463600|1709809000
COIN_REQUEST_TIMING|1790510592822|false|true|4|1696598700|35900|23032000|27600|2764000|541100|1720207700
COIN_REQUEST_TIMING|1790510592822|false|true|4|1709824700|34700|36598700|15400|62800|483800|1746941900
COIN_REQUEST_TIMING|1790510592823|false|true|4|1719856000|59800|58632500|24900|495600|577000|1779125300
COIN_REQUEST_TIMING|1790510592809|false|true|4|1201906300|265400|602012000|302732900|1166800|466200|1804649900
COIN_REQUEST_TIMING|1790510592816|false|true|4|1488388200|57400|309447900|24500|82700|462400|1798355900
COIN_REQUEST_TIMING|1790510592823|false|true|4|1765562100|39000|27697300|3308400|495200|577400|1793875800
COIN_REQUEST_TIMING|1790510592823|false|true|4|1778885700|22900|18669800|9300|5396400|435700|1798014100
COIN_REQUEST_TIMING|1790510592823|false|true|4|1793546000|29600|22327500|13600|165100|474500|1816377600
COIN_REQUEST_TIMING|1790510592823|false|true|4|1791000700|22100|32630400|64400|247600|459500|1824112700
COIN_REQUEST_TIMING|1790510592823|false|true|4|1797649800|36900|31968900|19300|230800|416300|1830071900
COIN_REQUEST_TIMING|1790510592823|false|true|4|1790932100|54100|43153200|12800|4497300|434900|1834574300
COIN_REQUEST_TIMING|1790510592823|false|true|4|1816017800|44300|23070700|19300|5517400|447900|1839580700
COIN_REQUEST_TIMING|1790510592824|false|true|4|1823700400|37600|17850200|12400|10767800|437900|1842026100
COIN_REQUEST_TIMING|1790510592824|false|true|4|1829728000|32300|15873700|13000|5926500|430900|1846064900
COIN_REQUEST_TIMING|1790510592824|false|true|4|1833522800|37900|14854100|10500|6689400|1027700|1849442500
COIN_REQUEST_TIMING|1790510592824|false|true|4|1838784700|45400|12898400|16300|4118100|459500|1852188000
COIN_REQUEST_TIMING|1790510592824|false|true|4|1848995900|40800|23915200|13800|7840200|519600|1873471500
COIN_REQUEST_TIMING|1790510592824|false|true|4|1851876900|44100|23822300|13900|6626600|324500|1876067800
COIN_REQUEST_TIMING|1790510592824|false|true|4|1841553500|53800|33952700|17400|4927400|4527400|1880087400
COIN_REQUEST_TIMING|1790510592824|false|true|4|1845692200|38900|38203300|13600|15546700|407600|1884342000
COIN_REQUEST_TIMING|1790510592824|false|true|4|1873393700|30300|11667800|12800|133800|418800|1885510600
COIN_REQUEST_TIMING|1790510592825|false|true|4|1875649900|30900|13525500|9800|4607000|396400|1889602700
COIN_REQUEST_TIMING|1790510592825|false|true|4|1875215200|43400|17424100|21300|5868100|419800|1893102500
COIN_REQUEST_TIMING|1790510592825|false|true|4|1883760100|71400|12941100|497700|245800|424900|1897197500
COIN_REQUEST_TIMING|1790510592825|false|true|4|1884887800|36100|15164800|12300|3101200|457700|1900546400
COIN_REQUEST_TIMING|1790510592827|false|true|4|1887145500|38300|14692400|11000|5227000|417800|1902294000
COIN_REQUEST_TIMING|1790510592827|false|true|4|1890427900|37800|16346500|15900|6126500|499800|1907312000
COIN_REQUEST_TIMING|1790510592828|false|true|4|1894227200|38300|14964700|14000|6091400|443900|1909674100
COIN_REQUEST_TIMING|1790510592829|false|true|4|1896263400|31700|17989600|13200|6237800|434700|1914719400
COIN_REQUEST_TIMING|1790510592831|false|true|4|1898681600|25200|18597700|11300|10560500|397700|1917702200
COIN_REQUEST_TIMING|1790510592831|false|true|4|1903366900|30200|17577000|15200|5735900|427600|1921401700
COIN_REQUEST_TIMING|1790510592834|false|true|4|1903443000|37000|19013600|16000|5617300|492500|1922986100
COIN_REQUEST_TIMING|1790510592835|false|true|4|1909543700|34800|15686000|17800|5209400|442000|1925706500
COIN_REQUEST_TIMING|1790510592836|false|true|4|1912851700|27100|15553200|15100|4851900|518500|1928950500
COIN_REQUEST_TIMING|1790510592836|false|true|4|1916178200|40200|15305600|16900|5180000|438400|1931962400
COIN_REQUEST_TIMING|1790510592837|false|true|4|1919452000|40100|16941700|18100|3721700|542600|1936976400
COIN_REQUEST_TIMING|1790510592839|false|true|4|1921014900|67900|19238400|14900|6130700|484200|1940805400
COIN_REQUEST_TIMING|1790510592842|false|true|4|1923102100|38100|19955500|16100|7500500|498200|1943593900
COIN_REQUEST_TIMING|1790510592844|false|true|4|1930112400|40800|44680700|245200|224600|424800|1975258700
COIN_REQUEST_TIMING|1790510592845|false|true|4|1936383300|48900|41382300|27321400|3812000|840300|1978654800
COIN_REQUEST_TIMING|1790510592846|false|true|4|1939659500|29400|42557100|18181800|4412500|413500|1982659500
COIN_REQUEST_TIMING|1790510592846|false|true|4|1973129000|38800|11883700|16000|1119600|433800|1985485300
COIN_REQUEST_TIMING|1790510592847|false|true|4|1976801600|39800|11240000|15300|2498400|429300|1988510700
COIN_REQUEST_TIMING|1790510592843|false|true|4|1925787700|27700|69274900|1076400|1544400|455500|1995545800
COIN_REQUEST_TIMING|1790510592848|false|true|4|1980567400|39000|13416400|14500|4159900|462900|1994485700
COIN_REQUEST_TIMING|1790510592848|false|true|4|1983470600|37700|13526900|16200|4497000|438100|1997473300
COIN_REQUEST_TIMING|1790510592849|false|true|4|1986495500|35700|14904600|13700|4940300|425600|2001861400
COIN_REQUEST_TIMING|1790510592850|false|true|4|1988699000|31200|14457300|16200|6105700|434500|2003622000
COIN_REQUEST_TIMING|1790510592850|false|true|4|1991877500|25300|13477200|16800|3039500|379800|2005759800
COIN_REQUEST_TIMING|1790510592851|false|true|4|1994925300|29300|13104900|16400|1643900|398300|2008457800
COIN_REQUEST_TIMING|1790510592852|false|true|4|1998916300|649400|12521800|14500|1755800|407900|2012495400
COIN_REQUEST_TIMING|1790510592853|false|true|4|2000595500|37200|12848700|12300|5057600|403000|2013884400
COIN_REQUEST_TIMING|1790510592854|false|true|4|2005443500|31200|11036600|11500|780900|416100|2016927400
COIN_REQUEST_TIMING|1790510592855|false|true|4|2008852800|35900|8610700|13900|1135300|432100|2017931500
COIN_REQUEST_TIMING|1790510592853|false|true|4|2002696100|27600|19799100|15300|3053500|411600|2022934400
COIN_REQUEST_TIMING|1790510592856|false|true|4|2010653900|30300|12707100|17600|1848500|383100|2023774400
COIN_REQUEST_TIMING|1790510592859|false|true|4|2014770700|35200|13087000|31700|779600|467900|2028360800
COIN_REQUEST_TIMING|1790510592857|false|true|4|2013771100|330500|24677700|9700|5399700|399800|2039179100
COIN_REQUEST_TIMING|1790510592859|false|true|4|2017304500|28100|25078600|10300|10156500|424500|2042835700
COIN_REQUEST_TIMING|1790510592860|false|true|4|2019843500|34500|25101500|29800|14131200|453400|2045432900
COIN_REQUEST_TIMING|1790510592861|false|true|4|2036051400|41900|12895000|13500|3793500|484800|2049473100
COIN_REQUEST_TIMING|1790510592860|false|true|4|2026789600|30300|20162400|16700|3597100|4888700|2051871000
COIN_REQUEST_TIMING|1790510592861|false|true|4|2040705700|29500|10938300|14000|2186200|409200|2052082700
COIN_REQUEST_TIMING|1790510592866|false|true|4|2039492300|27200|10017300|8900|2126800|402400|2049939200
COIN_REQUEST_TIMING|1790510592871|false|true|4|2036165800|38300|10513700|11600|2162700|403200|2047121000
COIN_REQUEST_TIMING|1790510592872|false|true|4|2038300800|37100|10206700|12100|1695500|401100|2048945700
COIN_REQUEST_TIMING|1790510592962|false|true|4|1951808800|27500|9714700|12100|2155400|383700|1961934700
COIN_REQUEST_TIMING|1790510592962|false|true|4|1953396000|37100|9788100|12800|2805000|372800|1963594000
COIN_REQUEST_TIMING|1790510592963|false|true|4|1955089300|59200|11293400|13400|71500|458100|1966900000
COIN_REQUEST_TIMING|1790510592972|false|true|4|1951633600|27600|9539600|11200|592500|400700|1961601500
COIN_REQUEST_TIMING|1790510592963|false|true|4|1957644700|28400|16146400|13600|4063400|1139500|1974959000
COIN_REQUEST_TIMING|1790510592992|false|true|4|1934416100|28300|33916700|13800|12343700|6849300|1975210400
COIN_REQUEST_TIMING|1790510593003|false|true|4|1927450400|38800|66636900|14500|58854600|456800|1994582900
COIN_REQUEST_TIMING|1790510593015|false|true|4|1919269800|32500|65651300|14400|55646600|387900|1985341500
COIN_REQUEST_TIMING|1790510593015|false|true|4|1923238600|24500|64492900|14800|53093700|392000|1988148000
COIN_REQUEST_TIMING|1790510593016|false|true|4|1950619100|22700|39062900|14900|17116200|445500|1990150200
COIN_REQUEST_TIMING|1790510593017|false|true|4|1980242200|42100|12391300|9900|2867900|448700|1993124300
COIN_REQUEST_TIMING|1790510593032|false|true|4|1968026100|36400|13046600|7000|5448700|454500|1981563600
COIN_REQUEST_TIMING|1790510593049|false|true|4|1954155500|37900|12838200|10200|4632600|1683500|1968715100
COIN_REQUEST_TIMING|1790510593077|false|true|4|1930189700|28800|15925000|13000|3000200|471100|1946614600
COIN_REQUEST_TIMING|1790510593086|false|true|4|1924393400|35300|16556800|14600|6755500|439200|1941424700
COIN_REQUEST_TIMING|1790510593102|false|true|4|1912297100|27900|17398400|14600|6291200|434000|1930157400
COIN_REQUEST_TIMING|1790510593106|false|true|4|1913297300|144900|36812200|15000|3681100|518200|1950772600
COIN_REQUEST_TIMING|1790510593113|false|true|4|1910698500|28600|66973100|18500|35853200|6856100|1984556300
COIN_REQUEST_TIMING|1790510593116|false|true|4|1912175400|28200|87562800|14300|75744400|1501900|2001268300
COIN_REQUEST_TIMING|1790510593139|false|true|4|1893181400|30500|117967400|16100|83124200|440000|2011619300
COIN_REQUEST_TIMING|1790510593178|false|true|4|1922594200|43300|72847900|18900|47885800|1737100|1997222500
COIN_REQUEST_TIMING|1790510593169|false|true|4|1888204200|29400|124034200|64484600|34651500|444200|2012712000
COIN_REQUEST_TIMING|1790510593184|false|true|4|1932793800|15500|81131800|18717500|49872800|505100|2014446200
COIN_REQUEST_TIMING|1790510593206|false|true|4|1969747200|26800|67762800|16500|49267500|431600|2037968400
COIN_REQUEST_TIMING|1790510593201|false|true|4|1949311700|30200|96838600|15700|55860200|625400|2046805900
COIN_REQUEST_TIMING|1790510593206|false|true|4|1975380900|30500|108489200|12000|76397400|4001700|2087902300
COIN_REQUEST_TIMING|1790510593207|false|true|4|1991460900|30600|157838800|27666100|102295600|276100|2149606400
COIN_REQUEST_TIMING|1790510593209|false|true|4|2034425200|24000|93482100|9000|81140000|19637700|2147569000
COIN_REQUEST_TIMING|1790510593211|false|true|4|2036644400|29200|135088700|12000|121071600|433000|2172195300
COIN_REQUEST_TIMING|1790510593215|false|true|4|2084158200|581600|90364800|22800|78771300|405400|2175510000
COIN_REQUEST_TIMING|1790510593219|false|true|4|2137603400|59300|35681000|9401000|11323000|407700|2173751400
COIN_REQUEST_TIMING|1790510593231|false|true|4|2152650900|41800|40199500|2628100|77700|407700|2193299900
COIN_REQUEST_TIMING|1790510593225|false|true|4|2132294900|19700|71541900|38024800|2631400|351300|2204207800
COIN_REQUEST_TIMING|1790510593242|false|true|4|2182342400|33400|18792200|11700|65400|349100|2201517100
COIN_REQUEST_TIMING|1790510593244|false|true|4|2184761800|24800|20389400|12900|142100|416900|2205592900
COIN_REQUEST_TIMING|1790510593238|false|true|4|2152264900|25500|62839400|32277700|1865600|422900|2215552700
COIN_REQUEST_TIMING|1790510593240|false|true|4|2152416000|66200|65210300|23392300|4074200|322300|2218014800
COIN_REQUEST_TIMING|1790510593248|false|true|4|2195423700|22800|19366100|11500|7023900|481500|2215294100
COIN_REQUEST_TIMING|1790510593254|false|true|4|2196084800|32200|19654900|16600|6579200|439600|2216211500
COIN_REQUEST_TIMING|1790510593258|false|true|4|2196356500|21500|21174400|9200|7803600|342600|2217895000
COIN_REQUEST_TIMING|1790510593268|false|true|4|2190696700|21400|23290300|11600|6638200|378600|2214387000
COIN_REQUEST_TIMING|1790510593273|false|true|4|2190472300|38700|28573500|13400|10062600|348300|2219432800
COIN_REQUEST_TIMING|1790510593278|false|true|4|2191985400|36500|25485400|8000|13262100|968800|2218476100
COIN_REQUEST_TIMING|1790510593330|false|true|4|2145388000|24200|22618100|32200|8083100|391800|2168422100
COIN_REQUEST_TIMING|1790510593331|false|true|4|2151841100|21800|25311400|12100|877600|425400|2177599700
COIN_REQUEST_TIMING|1790510593332|false|true|4|2164735700|35800|15368400|13900|241700|435000|2180574900
COIN_REQUEST_TIMING|1790510593342|false|true|4|2165995700|334700|15303400|93300|133300|1377500|2183011300
COIN_REQUEST_TIMING|1790510593331|false|true|4|2161434500|23700|34358700|7400|2619500|414100|2196231000
COIN_REQUEST_TIMING|1790510593346|false|true|4|2166432000|36400|17464000|13200|3005800|412200|2184344600
COIN_REQUEST_TIMING|1790510593334|false|true|4|2164978600|28400|35835800|13600|4819300|524800|2201367600
COIN_REQUEST_TIMING|1790510593348|false|true|4|2177393900|35000|15156900|12500|3451800|415100|2193000900
COIN_REQUEST_TIMING|1790510593348|false|true|4|2178831500|33700|17243300|12100|6510000|433900|2196542400
COIN_REQUEST_TIMING|1790510593350|false|true|4|2180695700|27200|17394300|28000|4416800|485800|2198603000
COIN_REQUEST_TIMING|1790510593355|false|true|4|2180866900|31000|23221400|16200|2642300|426700|2204546000
COIN_REQUEST_TIMING|1790510593357|false|true|4|2183473500|41100|23294200|13000|7392100|560500|2207369300
COIN_REQUEST_TIMING|1790510593364|false|true|4|2180210200|32000|25528300|14300|8553300|2337100|2208107600
COIN_REQUEST_TIMING|1790510593383|false|true|4|2165481600|43300|29159800|14900|4196700|471100|2195155800
COIN_REQUEST_TIMING|1790510593389|false|true|4|2170316900|23000|23733900|12000|8419300|379100|2194452900
COIN_REQUEST_TIMING|1790510593399|false|true|4|2165403100|28800|22504200|12300|8964400|345300|2188281400
COIN_REQUEST_TIMING|1790510593420|false|true|4|2152025100|24400|18266800|13600|4714600|457000|2170773300
COIN_REQUEST_TIMING|1790510593426|false|true|4|2152045300|81400|18033300|17000|4030300|779700|2170939700
COIN_REQUEST_TIMING|1790510593460|false|true|4|2123312600|33400|16788600|43600|5942500|440200|2140574800
COIN_REQUEST_TIMING|1790510593463|false|true|4|2125018900|20500|21125700|12900|4596100|2904300|2149069400
COIN_REQUEST_TIMING|1790510593470|false|true|4|2130892400|34900|26331200|13200|6825500|675200|2157933700
COIN_REQUEST_TIMING|1790510593464|false|true|4|2127147700|25800|87891600|17100|6175700|837800|2215902900
COIN_REQUEST_TIMING|1790510593466|false|true|4|2130690800|23000|85147800|16200|3949000|896200|2216757800
COIN_REQUEST_TIMING|1790510593495|false|true|4|2187198400|30800|18261700|14100|167200|351100|2205842000
COIN_REQUEST_TIMING|1790510593482|false|true|4|2197918400|90300|24506800|12800|5703300|394900|2222910400
COIN_REQUEST_TIMING|1790510593477|false|true|4|2134858600|28700|95855400|12600|387600|361000|2231103700
COIN_REQUEST_TIMING|1790510593497|false|true|4|2207454200|30400|9348000|15100|78400|380600|2217213200
COIN_REQUEST_TIMING|1790510593498|false|true|4|2210355000|34200|8139500|17300|392800|413900|2218942600
COIN_REQUEST_TIMING|1790510593496|false|true|4|2205332600|22100|23125300|8500|282800|672500|2229152500
COIN_REQUEST_TIMING|1790510593481|false|true|4|2146209300|24700|106853400|19200|54900|369100|2253456500
COIN_REQUEST_TIMING|1790510593498|false|true|4|2216770500|28300|19841600|12600|862000|1521700|2238162100
COIN_REQUEST_TIMING|1790510593507|false|true|4|2209298200|22500|27866000|84900|128400|486600|2237673300
COIN_REQUEST_TIMING|1790510593536|false|true|4|2198947400|22700|21716700|9900|2938600|482200|2221169000
COIN_REQUEST_TIMING|1790510593517|false|true|4|2208319600|810000|33451100|7800|3449200|892700|2243473400
COIN_REQUEST_TIMING|1790510593569|false|true|4|2165404000|1993100|26529700|6800|5871000|918800|2194845600
COIN_REQUEST_TIMING|1790510593571|false|true|4|2186591600|36800|8650000|16300|74900|342300|2195620700
COIN_REQUEST_TIMING|1790510593605|false|true|4|2155626100|29900|10974800|14000|59900|339700|2166970500
COIN_REQUEST_TIMING|1790510593620|false|true|4|2143892200|58600|13892800|11200|1360400|350500|2158194100
COIN_REQUEST_TIMING|1790510593635|false|true|4|2131605800|255000|17366500|12000|6008400|342400|2149569700
COIN_REQUEST_TIMING|1790510593677|false|true|4|2095216600|19500|14826600|13700|1914900|331900|2110394600
COIN_REQUEST_TIMING|1790510593714|false|true|4|2064860700|21700|12638000|8500|99600|312500|2077832900
COIN_REQUEST_TIMING|1790510593715|false|true|4|2069874000|21300|12555200|12000|94100|382000|2082832500
COIN_REQUEST_TIMING|1790510593715|false|true|4|2071983100|28900|15558100|14000|2394600|455800|2088025900
COIN_REQUEST_TIMING|1790510594009|false|true|4|1782715900|19700|12295800|12700|435000|375300|1795406700
COIN_REQUEST_TIMING|1790510594012|false|true|4|1786105500|24600|15368600|10000|106700|373100|1801871800
COIN_REQUEST_TIMING|1790510594032|false|true|4|1772523700|20900|40735000|10900|113700|396700|1813676300
COIN_REQUEST_TIMING|1790510594012|false|true|4|1791554400|42800|44449000|1550700|27542800|355300|1836401500
COIN_REQUEST_TIMING|1790510594035|false|true|4|1778789500|21100|38475000|7900|25316300|339800|1817625400
COIN_REQUEST_TIMING|1790510594035|false|true|4|1810888900|25800|11706300|27300|548700|468900|1823089900
COIN_REQUEST_TIMING|1790510593570|false|true|4|2175088900|25600|116862800|16232200|2806700|323900|2292301200
COIN_REQUEST_TIMING|1790510594069|false|true|4|1783729400|24100|13813600|18700|2504100|364400|1797931500
COIN_REQUEST_TIMING|1790510594047|false|true|4|1801954200|26900|20708800|19600|4588600|407500|1823097400
COIN_REQUEST_TIMING|1790510594072|false|true|4|1785975000|17300|18518300|15500|3249200|357400|1804868000
COIN_REQUEST_TIMING|1790510594106|false|true|4|1756986800|28000|16801300|27200|1569300|426600|1774242700
COIN_REQUEST_TIMING|1790510594163|false|true|4|1704583700|22300|21376900|15700|64800|364700|1726347600
COIN_REQUEST_TIMING|1790510594263|false|true|4|1606821000|23500|21077200|16500|530000|414300|1628336000
COIN_REQUEST_TIMING|1790510594330|false|true|4|1558755000|23700|9431100|20500|66500|418400|1568628200
COIN_REQUEST_TIMING|1790510594378|false|true|4|1513582700|109000|14512100|24700|2105600|397700|1528601500
COIN_REQUEST_TIMING|1790510594391|false|true|4|1508285300|24500|10366600|12400|130200|842200|1519518600
COIN_REQUEST_TIMING|1790510594296|false|true|4|1581264300|25200|42373400|16600|2051000|859900|1624522800
COIN_REQUEST_TIMING|1790510594434|false|true|4|1475709200|31800|13485800|21100|120700|357400|1489584200
COIN_REQUEST_TIMING|1790510594470|false|true|4|1453416200|39800|11780100|17100|66100|490800|1465726900
COIN_REQUEST_TIMING|1790510594417|false|true|4|1489919700|21500|37510500|48900|65400|391500|1527843200
COIN_REQUEST_TIMING|1790510594298|false|true|4|1583142600|471800|76041400|36603800|2114700|1236200|1660892000
COIN_REQUEST_TIMING|1790510594496|false|true|4|1439735600|32300|37068700|19800|70900|335800|1477172400
COIN_REQUEST_TIMING|1790510594445|false|true|4|1475200700|26200|77632300|143500|2590000|426100|1553285300
COIN_REQUEST_TIMING|1790510594644|false|true|4|1314337300|28800|43614900|1392500|2107000|845400|1358826400
COIN_REQUEST_TIMING|1790510594548|false|true|4|1396578000|27500|61509700|52932700|83200|309100|1458424300
COIN_REQUEST_TIMING|1790510594692|false|true|4|1307015400|26600|9990700|9200|2200800|319800|1317352500
COIN_REQUEST_TIMING|1790510594796|false|true|4|1210846500|22300|8405000|10300|81800|280000|1219553800
COIN_REQUEST_TIMING|1790510594845|false|true|4|1164220300|28400|9416400|8500|356800|375700|1174040800
COIN_REQUEST_TIMING|1790510594789|false|true|4|1212685000|54200|8457600|6800|936800|17367800|1238564600
COIN_REQUEST_TIMING|1790510594688|false|true|4|1285680100|16600|57911700|7400|10184600|561000|1344169400
COIN_REQUEST_TIMING|1790510595032|false|true|4|983986700|25000|20706600|14500|321300|312800|1005031100
COIN_REQUEST_TIMING|1790510595109|false|true|4|910387800|24800|24784700|14800|6312900|334500|935531800
COIN_REQUEST_TIMING|1790510595149|false|true|4|883280100|31000|17568200|14900|407700|386700|901266000
COIN_REQUEST_TIMING|1790510594847|false|true|4|1168350400|42000|45134700|12921300|3838300|319000|1213846100
COIN_REQUEST_TIMING|1790510596627|false|true|4|13000|115700|8338400|19000|0|340600|8807700
COIN_REQUEST_TIMING|1790510596634|false|true|4|10800|176400|60085300|37914600|0|300100|60572600
COIN_REQUEST_TIMING|1790510596673|false|true|4|21527000|27000|3234000|13400|0|240000|25028000
COIN_REQUEST_TIMING|1790510596678|false|true|4|20864700|21600|18216200|27100|0|383800|39486300
COIN_REQUEST_TIMING|1790510596668|false|true|4|2500|438500|54329700|46909900|0|276700|55047400
COIN_REQUEST_TIMING|1790510596714|false|true|4|9136500|21800|5702300|16200|0|176200|15036800
COIN_REQUEST_TIMING|1790510596715|false|true|4|14935400|26700|6700400|24200|0|163300|21825800
COIN_REQUEST_TIMING|1790510596736|false|true|4|539800|19600|16829800|11100|0|6168100|23557300
COIN_REQUEST_TIMING|1790510596714|false|true|4|2988400|89400|83848900|65684800|0|352200|87278900
COIN_REQUEST_TIMING|1790510596736|false|true|4|23409300|24800|46731600|13360000|0|351300|70517000
COIN_REQUEST_TIMING|1790510596753|false|true|4|53989700|24900|6345500|22200|0|552600|60912700
COIN_REQUEST_TIMING|1790510596753|false|true|4|60912600|25800|40226200|4114800|0|335200|101499800
COIN_REQUEST_TIMING|1790510596739|false|true|4|62193000|24400|53749200|777000|0|301100|116267700
COIN_REQUEST_TIMING|1790510596641|false|true|4|3400|515000|284386900|93860700|0|331100|285236400
COIN_REQUEST_TIMING|1790510596765|false|true|4|90800000|25000|73852000|12100|0|253000|164930000
COIN_REQUEST_TIMING|1790510596773|false|true|4|156308200|16600|3165300|7300|0|519700|160009800
COIN_REQUEST_TIMING|1790510596777|false|true|4|156421300|21800|3336200|16800|0|328600|160107900
COIN_REQUEST_TIMING|1790510596773|false|true|4|153132300|25800|10982000|14500|0|217800|164357900
COIN_REQUEST_TIMING|1790510596754|false|true|4|100124400|23400|87405500|1660500|0|273800|187827100
COIN_REQUEST_TIMING|1790510596780|false|true|4|157155900|17900|10663700|16400|0|254400|168091900
COIN_REQUEST_TIMING|1790510596778|false|true|4|159522100|12300|16581600|286500|0|2676600|178792600
COIN_REQUEST_TIMING|1790510596834|false|true|4|123492800|45000|11335700|30000|0|270100|135143600
COIN_REQUEST_TIMING|1790510596836|false|true|4|132176300|19400|9947300|17700|0|3804100|145947100
COIN_REQUEST_TIMING|1790510596838|false|true|4|141784400|43700|2593500|12700|0|267900|144689500
COIN_REQUEST_TIMING|1790510596845|false|true|4|138482200|16500|6828100|7900|0|425100|145751900
COIN_REQUEST_TIMING|1790510596864|false|true|4|126311000|27000|8042700|15000|0|299400|134680100
COIN_REQUEST_TIMING|1790510596865|false|true|4|133544100|23600|9450500|15200|0|299100|143317300
COIN_REQUEST_TIMING|1790510596867|false|true|4|141208000|29100|5543700|24700|0|502500|147283300
COIN_REQUEST_TIMING|1790510596867|false|true|4|147215500|100000|9618600|18500|0|254400|157188500
COIN_REQUEST_TIMING|1790510596867|false|true|4|157069500|22300|6630200|12900|0|336100|164058100
COIN_REQUEST_TIMING|1790510596869|false|true|4|162938900|29700|6009200|19900|0|269500|169247300
COIN_REQUEST_TIMING|1790510596884|false|true|4|154207900|23700|5816200|17800|0|291200|160339000
COIN_REQUEST_TIMING|1790510596898|false|true|4|146121900|15600|6387500|17800|0|290200|152815200
COIN_REQUEST_TIMING|1790510596911|false|true|4|140176500|23400|5112900|10800|0|195700|145508500
COIN_REQUEST_TIMING|1790510596912|false|true|4|144562000|26400|32876500|9592400|0|337000|177801900
COIN_REQUEST_TIMING|1790510596917|false|true|4|172949000|93200|2988500|10800|0|491100|176521800
COIN_REQUEST_TIMING|1790510596919|false|true|4|174509900|23200|13065700|14500|0|353400|187952200
COIN_REQUEST_TIMING|1790510596927|false|true|4|179953400|27100|4223700|6000|0|263900|184468100
COIN_REQUEST_TIMING|1790510596929|false|true|4|181815800|31600|2837200|14900|0|304200|184988800
COIN_REQUEST_TIMING|1790510596934|false|true|4|180494400|27900|6052000|15400|0|242100|186816400
COIN_REQUEST_TIMING|1790510596934|false|true|4|186215900|20800|5134300|11700|0|372900|191743900
COIN_REQUEST_TIMING|1790510596940|false|true|4|186057100|35200|2568900|10100|0|248500|188909700
COIN_REQUEST_TIMING|1790510596976|false|true|4|152990600|15100|2445600|90000|0|260400|155711700
COIN_REQUEST_TIMING|1790510596978|false|true|4|154249300|26500|7948300|13900|0|272400|162496500
COIN_REQUEST_TIMING|1790510596978|false|true|4|162390700|31900|7786000|18500|0|260900|170469500
COIN_REQUEST_TIMING|1790510596980|false|true|4|168135800|193300|3979700|46000|0|286000|172594800
COIN_REQUEST_TIMING|1790510596985|false|true|4|169647500|27000|5152500|13100|0|10714700|185541700
COIN_REQUEST_TIMING|1790510596641|false|true|4|3000|292500|519833400|87171800|0|9527400|529656300
COIN_REQUEST_TIMING|1790510596799|false|true|4|142847500|27500|222689800|6836600|0|6471000|372035800
COIN_REQUEST_TIMING|1790510597022|false|true|4|149337000|18200|12836300|4720200|0|389200|162580700
COIN_REQUEST_TIMING|1790510596825|false|true|4|123154200|42700|237268100|25195500|0|336700|360801700
COIN_REQUEST_TIMING|1790510597012|false|true|4|159118900|30000|18121400|5028800|0|275000|177545300
COIN_REQUEST_TIMING|1790510597029|false|true|4|143788100|25200|20984700|3663400|0|268400|165066400
COIN_REQUEST_TIMING|1790510597037|false|true|4|147813100|25000|9955000|18900|0|429100|158222200
COIN_REQUEST_TIMING|1790510597060|false|true|4|129787000|18100|9413600|317200|0|204600|139423300
COIN_REQUEST_TIMING|1790510597097|false|true|4|99004100|29100|18306100|15000|0|181300|117520600
COIN_REQUEST_TIMING|1790510597058|false|true|4|128101100|29000|44527000|9800|0|337100|172994200
COIN_REQUEST_TIMING|1790510597115|false|true|4|99047000|23300|16970100|13100|0|146500|116186900
COIN_REQUEST_TIMING|1790510597103|false|true|4|95987600|22700|39681900|452600|0|508200|136200400
COIN_REQUEST_TIMING|1790510597116|false|true|4|114940800|28800|9613800|26000|0|248300|124831700
COIN_REQUEST_TIMING|1790510597123|false|true|4|108250500|114700|13139100|7769700|0|328700|121833000
COIN_REQUEST_TIMING|1790510597134|false|true|4|106655400|266200|22791200|15200|0|352800|130065600
COIN_REQUEST_TIMING|1790510597078|false|true|4|116467100|27700|76372300|38688900|0|255600|193122700
COIN_REQUEST_TIMING|1790510597157|false|true|4|113931300|26300|2399300|15600|0|313800|116670700
COIN_REQUEST_TIMING|1790510597147|false|true|4|97634300|89800|35000800|16700|0|181900|132906800
COIN_REQUEST_TIMING|1790510597176|false|true|4|104165700|26200|3183200|13600|0|173200|107548300
COIN_REQUEST_TIMING|1790510597180|false|true|4|103217300|22400|3347300|8700|0|187900|106774900
COIN_REQUEST_TIMING|1790510597174|false|true|4|99749300|36600|14221200|11000|0|348700|114355800
COIN_REQUEST_TIMING|1790510597181|false|true|4|106520100|21700|3140500|8000|0|324000|110006300
COIN_REQUEST_TIMING|1790510597187|false|true|4|101758100|26600|5204700|9500|0|176600|107166000
COIN_REQUEST_TIMING|1790510597189|false|true|4|101902500|13300|8621600|951900|0|306100|110843500
COIN_REQUEST_TIMING|1790510597190|false|true|4|104147100|21900|12166400|528900|0|201900|116537300
COIN_REQUEST_TIMING|1790510597197|false|true|4|103599100|19000|11099700|9700|0|225400|114943200
COIN_REQUEST_TIMING|1790510597204|false|true|4|102113300|20300|8983800|12300|0|292900|111410300
COIN_REQUEST_TIMING|1790510597229|false|true|4|82527100|23500|13404000|11500|0|309500|96264100
COIN_REQUEST_TIMING|1790510597229|false|true|4|86498600|25200|12347800|30100|0|302800|99174400
COIN_REQUEST_TIMING|1790510597253|false|true|4|72188900|24500|17067700|524900|0|362900|89644000
COIN_REQUEST_TIMING|1790510597254|false|true|4|74490800|23000|21089300|910700|0|270200|95873300
COIN_REQUEST_TIMING|1790510597255|false|true|4|88247100|23800|12740300|4868000|0|341300|101352500
COIN_REQUEST_TIMING|1790510597256|false|true|4|93715000|19200|14454400|7241500|0|209200|108397800
COIN_REQUEST_TIMING|1790510597278|false|true|4|78738500|27700|8364100|13500|0|233400|87363700
COIN_REQUEST_TIMING|1790510597280|false|true|4|84318900|22800|7667000|11200|0|241400|92250100
COIN_REQUEST_TIMING|1790510597283|false|true|4|82090900|36800|7577700|14700|0|213400|89918800
COIN_REQUEST_TIMING|1790510597316|false|true|4|56903900|18600|6084100|9300|0|259600|63266200
COIN_REQUEST_TIMING|1790510597300|false|true|4|72494900|25200|7411200|13900|0|339700|80271000
COIN_REQUEST_TIMING|1790510597322|false|true|4|58391900|27400|5884900|11300|0|261500|64565700
COIN_REQUEST_TIMING|1790510597322|false|true|4|57561300|25200|8299700|10500|0|698700|66584900
COIN_REQUEST_TIMING|1790510597322|false|true|4|64459800|21900|7114300|11700|0|596100|72192100
COIN_REQUEST_TIMING|1790510597324|false|true|4|70345100|22800|16811900|557400|0|242600|87422400
COIN_REQUEST_TIMING|1790510597335|false|true|4|76587200|20300|14778600|10000|0|253200|91639300
COIN_REQUEST_TIMING|1790510597355|false|true|4|71164700|15500|10298400|3844500|0|343000|81821600
COIN_REQUEST_TIMING|1790510597356|false|true|4|81477900|27400|5904700|1034200|0|264600|87674600
COIN_REQUEST_TIMING|1790510597366|false|true|4|77534200|73700|58183400|8402000|0|285900|136077200
COIN_REQUEST_TIMING|1790510597366|false|true|4|136141700|23600|22537500|42700|0|282700|158985500
COIN_REQUEST_TIMING|1790510597369|false|true|4|156024400|33500|4745600|19200|0|214100|161017600
COIN_REQUEST_TIMING|1790510597371|false|true|4|158879800|23500|2367100|15600|0|118100|161388500
COIN_REQUEST_TIMING|1790510597126|false|true|4|113828400|23700|322391300|83544400|0|312600|436556000
COIN_REQUEST_TIMING|1790510597147|false|true|4|117242000|41400|303816300|96792400|0|269500|421369200
COIN_REQUEST_TIMING|1790510597409|false|true|4|160343600|27800|2441100|13100|0|237800|163050300
COIN_REQUEST_TIMING|1790510597435|false|true|4|137487900|20500|4886500|6900|0|1494200|143889100
COIN_REQUEST_TIMING|1790510597438|false|true|4|140755700|26300|2126300|8200|0|245000|143153300
COIN_REQUEST_TIMING|1790510597442|false|true|4|139334900|22800|2434100|23800|0|267400|142059200
COIN_REQUEST_TIMING|1790510597449|false|true|4|134757000|20200|4111700|2300|0|242800|139131700
COIN_REQUEST_TIMING|1790510597457|false|true|4|131605300|19800|3130500|3600|0|240200|134995800
COIN_REQUEST_TIMING|1790510597464|false|true|4|127973900|26100|3506600|3200|0|309700|131816300
COIN_REQUEST_TIMING|1790510597465|false|true|4|130398200|54400|2912900|3900|0|543800|133909300
COIN_REQUEST_TIMING|1790510597479|false|true|4|119907600|17900|5094400|1900|0|255900|125275800
COIN_REQUEST_TIMING|1790510597511|false|true|4|93430600|24300|9142100|270700|0|317100|102914100
COIN_REQUEST_TIMING|1790510597536|false|true|4|78163900|21800|12341500|3700|0|282500|90809700
COIN_REQUEST_TIMING|1790510597538|false|true|4|89377200|23900|21603900|1346300|0|407300|111412300
COIN_REQUEST_TIMING|1790510597544|false|true|4|105099900|18000|3856800|2600|0|243900|109218600
COIN_REQUEST_TIMING|1790510597551|false|true|4|101984200|20100|14217900|2100|0|145800|116368000
COIN_REQUEST_TIMING|1790510597552|false|true|4|116228400|27100|3032500|3000|0|215700|119503700
COIN_REQUEST_TIMING|1790510597554|false|true|4|117603400|25600|2439800|4800|0|279800|120348600
COIN_REQUEST_TIMING|1790510597555|false|true|4|118796700|21000|6184000|3600|0|191900|125193600
COIN_REQUEST_TIMING|1790510597571|false|true|4|109299000|24600|6290700|6700|0|240000|115854300
COIN_REQUEST_TIMING|1790510597591|false|true|4|96424900|21200|2585000|2100|0|145000|99176100
COIN_REQUEST_TIMING|1790510597324|false|true|4|64494000|2665400|309048100|43148400|0|253500|376461000
COIN_REQUEST_TIMING|1790510597372|false|true|4|160385000|20000|167612200|33000|0|403800|328421000
COIN_REQUEST_TIMING|1790510597612|false|true|4|78935300|25300|26179600|37300|0|262600|105402800
COIN_REQUEST_TIMING|1790510597631|false|true|4|69425500|8400|21510200|16688300|0|225800|91169900
COIN_REQUEST_TIMING|1790510597638|false|true|4|84215800|21500|3793800|7200|0|240700|88271800
COIN_REQUEST_TIMING|1790510597644|false|true|4|82046400|29900|4733300|16100|0|206900|87016500
COIN_REQUEST_TIMING|1790510597627|false|true|4|73911100|18700|47525300|44569200|0|1502500|122957600
COIN_REQUEST_TIMING|1790510597656|false|true|4|93503900|60800|5979900|8500|0|252100|99796700
COIN_REQUEST_TIMING|1790510597644|false|true|4|86815300|24900|35783900|5600|0|146600|122770700
COIN_REQUEST_TIMING|1790510597636|false|true|4|81362100|24800|49777700|13652600|0|165300|131329900
COIN_REQUEST_TIMING|1790510597657|false|true|4|110423800|20800|9450200|5933700|0|122500|120017300
COIN_REQUEST_TIMING|1790510597658|false|true|4|109536400|20900|9265900|5717800|0|307400|119130600
COIN_REQUEST_TIMING|1790510597657|false|true|4|99045000|20400|22939600|10118000|0|257800|122262800
COIN_REQUEST_TIMING|1790510597660|false|true|4|117243700|14100|4197300|3700|0|310800|121765900
COIN_REQUEST_TIMING|1790510597658|false|true|4|119116300|14400|4404500|2800|0|168200|123703400
COIN_REQUEST_TIMING|1790510597660|false|true|4|119191100|29500|6512800|2305500|0|311200|126044600
COIN_REQUEST_TIMING|1790510597664|false|true|4|117347300|27600|5819700|5700|0|198800|123393400
COIN_REQUEST_TIMING|1790510597683|false|true|4|104386600|25900|6339200|8600|0|229500|110981200
COIN_REQUEST_TIMING|1790510597683|false|true|4|103231500|20500|9456500|3003500|0|237300|112945800
COIN_REQUEST_TIMING|1790510597673|false|true|4|108450600|9100|20102600|12494000|0|191200|128753500
COIN_REQUEST_TIMING|1790510597686|false|true|4|109851200|24100|12489900|7718100|0|213100|122578300
COIN_REQUEST_TIMING|1790510597723|false|true|4|79192900|15800|9983200|5793400|0|270200|89462100
COIN_REQUEST_TIMING|1790510597685|false|true|4|108816800|25500|18443900|13889200|0|236300|127522500
COIN_REQUEST_TIMING|1790510597725|false|true|4|83476800|23100|8707900|4542200|0|293700|92501500
COIN_REQUEST_TIMING|1790510597747|false|true|4|66459100|21600|4491700|4700|0|173900|71146300
COIN_REQUEST_TIMING|1790510597751|false|true|4|67346300|16600|10718200|4500|0|268400|78349500
COIN_REQUEST_TIMING|1790510597748|false|true|4|69289800|29400|12645500|8571500|0|308000|82272700
COIN_REQUEST_TIMING|1790510597760|false|true|4|70405900|27800|4264100|6700|0|262800|74960600
COIN_REQUEST_TIMING|1790510597739|false|true|4|73083500|20200|30639500|24958700|0|488900|104232100
COIN_REQUEST_TIMING|1790510597756|false|true|4|73240500|21800|32904600|11675100|0|199600|106366500
COIN_REQUEST_TIMING|1790510597779|false|true|4|83294800|18600|4150000|3300|0|201400|87664800
COIN_REQUEST_TIMING|1790510597802|false|true|4|64797700|17100|2212300|4200|0|234800|67261900
COIN_REQUEST_TIMING|1790510597811|false|true|4|58459600|25500|5250600|14800|0|258900|63994600
COIN_REQUEST_TIMING|1790510597836|false|true|4|38901500|27100|4027200|6400|0|208300|43164100
COIN_REQUEST_TIMING|1790510597765|false|true|4|69498200|23500|46916800|43050200|0|240200|116678700
COIN_REQUEST_TIMING|1790510597844|false|true|4|38132400|20900|3728800|7100|0|260300|42142400
COIN_REQUEST_TIMING|1790510597861|false|true|4|24838000|30800|9196700|814600|0|231800|34297300
COIN_REQUEST_TIMING|1790510597839|false|true|4|39632500|20800|17878800|6990200|0|240700|57772800
COIN_REQUEST_TIMING|1790510597880|false|true|4|15792700|29500|10459500|5700|0|214300|26496000
COIN_REQUEST_TIMING|1790510597895|false|true|4|2333700|27600|13359100|7100|0|274300|15994700
COIN_REQUEST_TIMING|1790510597902|false|true|4|4898000|18300|19505100|12672500|0|204700|24626100
COIN_REQUEST_TIMING|1790510597772|false|true|4|72186000|27000|86387900|84321400|0|236200|158837100
COIN_REQUEST_TIMING|1790510597902|false|true|4|8278400|33200|22557500|20067600|0|244200|31113300
COIN_REQUEST_TIMING|1790510597925|false|true|4|5773900|27800|74690900|52283000|0|146900|80639500
COIN_REQUEST_TIMING|1790510597934|false|true|4|72478000|23800|5115300|5800|0|202500|77819600
COIN_REQUEST_TIMING|1790510597939|false|true|4|72473000|25300|4534900|5800|0|244300|77277500
COIN_REQUEST_TIMING|1790510597375|false|true|4|187775800|57500|468477700|318069000|0|264300|656575300
COIN_REQUEST_TIMING|1790510597906|false|true|4|20384000|29700|108593100|81426600|0|431700|129438500
COIN_REQUEST_TIMING|1790510597954|false|true|4|78537600|23900|10587000|6255600|0|267100|89415600
COIN_REQUEST_TIMING|1790510597970|false|true|4|65787100|36900|26587200|15258200|0|214600|92625800
COIN_REQUEST_TIMING|1790510597974|false|true|4|69752700|15200|22444100|8845900|0|237100|92449100
COIN_REQUEST_TIMING|1790510598022|false|true|4|43887800|21500|6918700|5100|0|143800|50971800
COIN_REQUEST_TIMING|1790510597980|false|true|4|82745400|17300|16960600|9424000|0|874100|100597400
COIN_REQUEST_TIMING|1790510598024|false|true|4|49728300|25700|26807100|12930500|0|281500|76842600
COIN_REQUEST_TIMING|1790510597932|false|true|4|1962600|20400|189828500|180428200|0|249900|192061400
COIN_REQUEST_TIMING|1790510598032|false|true|4|92248800|25600|11315000|2400|0|248000|103837400
COIN_REQUEST_TIMING|1790510598032|false|true|4|68790900|26700|35090000|29259700|0|167200|104074800
COIN_REQUEST_TIMING|1790510598042|false|true|4|93505400|14000|5261600|3400|0|207900|98988900
COIN_REQUEST_TIMING|1790510598040|false|true|4|95358500|22200|8947300|2200|0|237700|104565700
COIN_REQUEST_TIMING|1790510598025|false|true|4|54315600|20100|67945900|36001100|0|156100|122437700
COIN_REQUEST_TIMING|1790510598047|false|true|4|94614700|15100|6997700|2100|0|160400|101787900
COIN_REQUEST_TIMING|1790510598049|false|true|4|96347400|35700|9496100|3000|0|279000|106158200
COIN_REQUEST_TIMING|1790510598058|false|true|4|90392000|84800|10510500|2900|0|236200|101223500
COIN_REQUEST_TIMING|1790510598075|false|true|4|73876000|89600|12570700|2806700|0|245700|86782000
COIN_REQUEST_TIMING|1790510598079|false|true|4|79905700|23400|8971400|2600|0|210400|89110900
COIN_REQUEST_TIMING|1790510598084|false|true|4|77683000|31700|8605300|4100|0|209500|86529500
COIN_REQUEST_TIMING|1790510598077|false|true|4|77559100|26200|17210500|7118000|0|228400|95024200
COIN_REQUEST_TIMING|1790510598087|false|true|4|80874500|18400|9171700|3333500|0|162000|90226600
COIN_REQUEST_TIMING|1790510598090|false|true|4|80326100|17900|9134100|5242900|0|241500|89719600
COIN_REQUEST_TIMING|1790510598105|false|true|4|74209200|18100|6003200|477900|0|279100|80509600
COIN_REQUEST_TIMING|1790510598093|false|true|4|79194900|18800|15540600|1900|0|753000|95507300
COIN_REQUEST_TIMING|1790510598109|false|true|4|76800100|14900|3509400|2000|0|417200|80741600
COIN_REQUEST_TIMING|1790510598114|false|true|4|75805300|13900|4360000|2900|0|135100|80314300
COIN_REQUEST_TIMING|1790510598113|false|true|4|76714700|13000|4577300|1129700|0|97200|81402200
COIN_REQUEST_TIMING|1790510598095|false|true|4|82335200|18600|19488400|10295600|0|243100|102085300
COIN_REQUEST_TIMING|1790510598115|false|true|4|79866100|21000|3669500|2200|0|219900|83776500
COIN_REQUEST_TIMING|1790510598115|false|true|4|79471500|8500|4873700|2000|0|257900|84611600
COIN_REQUEST_TIMING|1790510598120|false|true|4|77565100|25000|7363900|2518000|0|289000|85243000
COIN_REQUEST_TIMING|1790510598130|false|true|4|69930800|37300|7777000|3600|0|209700|77954800
COIN_REQUEST_TIMING|1790510598121|false|true|4|77259600|11500|10687400|5668200|0|210800|88169300
COIN_REQUEST_TIMING|1790510598130|false|true|4|75426100|24400|11809100|4920600|0|241600|87501200
COIN_REQUEST_TIMING|1790510598134|false|true|4|75553500|14300|9563500|4644800|0|232200|85363500
COIN_REQUEST_TIMING|1790510598135|false|true|4|82975700|26700|18213300|5952400|0|351200|101566900
COIN_REQUEST_TIMING|1790510598143|false|true|4|76514000|28500|52329800|4807600|0|138000|129010300
COIN_REQUEST_TIMING|1790510598167|false|true|4|105221400|24800|2252900|2700|0|222100|107721200
COIN_REQUEST_TIMING|1790510598151|false|true|4|85219700|37500|40904100|2400|0|259400|126420700
COIN_REQUEST_TIMING|1790510598172|false|true|4|101895400|25600|3194200|2900|0|145100|105260300
COIN_REQUEST_TIMING|1790510598185|false|true|4|92265300|144500|2333300|2600|0|242900|94986000
COIN_REQUEST_TIMING|1790510598184|false|true|4|93259800|258900|2920800|2200|0|198000|96637500
COIN_REQUEST_TIMING|1790510598188|false|true|4|92294500|20400|2276200|3400|0|253100|94844200
COIN_REQUEST_TIMING|1790510598192|false|true|4|89274300|20700|2115600|2000|0|191500|91602100
COIN_REQUEST_TIMING|1790510598194|false|true|4|89393700|17100|3143400|2800|0|230400|92784600
COIN_REQUEST_TIMING|1790510598192|false|true|4|91176600|27400|3642300|11700|0|144500|94990800
COIN_REQUEST_TIMING|1790510598206|false|true|4|80498000|14100|4629700|2400|0|202900|85344700
COIN_REQUEST_TIMING|1790510598206|false|true|4|80898100|18100|4713400|3200|0|231800|85861400
COIN_REQUEST_TIMING|1790510598221|false|true|4|70305500|12600|3048400|5300|0|252500|73619000
COIN_REQUEST_TIMING|1790510598216|false|true|4|75905300|25200|3325600|3100|0|149600|79405700
COIN_REQUEST_TIMING|1790510598233|false|true|4|62179100|12700|3301300|1900|0|271200|65764300
COIN_REQUEST_TIMING|1790510598226|false|true|4|68714500|16900|3641300|1800|0|154000|72526700
COIN_REQUEST_TIMING|1790510598240|false|true|4|59405300|13000|2818300|2000|0|179600|62416200
COIN_REQUEST_TIMING|1790510598233|false|true|4|65459200|23900|3855500|1800|0|280700|69619300
COIN_REQUEST_TIMING|1790510598247|false|true|4|56378700|32200|24187500|2200|0|586500|81184900
COIN_REQUEST_TIMING|1790510598251|false|true|4|77178500|31500|19594500|13217900|0|349300|97153800
COIN_REQUEST_TIMING|1790510598252|false|true|4|95831600|24900|2281000|2400|0|174400|98311900
COIN_REQUEST_TIMING|1790510598260|false|true|4|90472000|23400|2354200|2900|0|254900|93104500
COIN_REQUEST_TIMING|1790510598265|false|true|4|88087900|31600|2496800|2800|0|202700|90819000
COIN_REQUEST_TIMING|1790510597947|false|true|4|69508500|114600|351921700|30491500|0|272300|421817100
COIN_REQUEST_TIMING|1790510598267|false|true|4|88255000|18900|20055300|2046700|0|248200|108577400
COIN_REQUEST_TIMING|1790510598271|false|true|4|97881400|19500|14239100|2694100|0|1249500|113389500
COIN_REQUEST_TIMING|1790510598276|false|true|4|99816100|19100|14355200|7700|0|275700|114466100
COIN_REQUEST_TIMING|1790510598280|false|true|4|110413000|18800|2800900|2700|0|261800|113494500
COIN_REQUEST_TIMING|1790510598286|false|true|4|107969000|25400|2794700|2400|0|251600|111040700
COIN_REQUEST_TIMING|1790510598322|false|true|4|75639500|21200|2828300|3100|0|237100|78726100
COIN_REQUEST_TIMING|1790510598343|false|true|4|57262400|34500|4184300|2400|0|223000|61704200
COIN_REQUEST_TIMING|1790510598356|false|true|4|48300000|11700|1895900|2400|0|221900|50429500
COIN_REQUEST_TIMING|1790510598358|false|true|4|49247300|11300|2186700|1500|0|298500|51743800
COIN_REQUEST_TIMING|1790510598361|false|true|4|48354000|39000|3324200|2400|0|143100|51860300
COIN_REQUEST_TIMING|1790510598365|false|true|4|47579300|34000|3393900|1500|0|261200|51268400
COIN_REQUEST_TIMING|1790510598372|false|true|4|44216200|22800|4088000|2400|0|278400|48605400
COIN_REQUEST_TIMING|1790510598379|false|true|4|42300700|24600|2986300|2000|0|195500|45507100
COIN_REQUEST_TIMING|1790510598387|false|true|4|36789300|27300|4327600|2600|0|236000|41380200
COIN_REQUEST_TIMING|1790510598388|false|true|4|41260700|22700|3707000|2800|0|210700|45201100
COIN_REQUEST_TIMING|1790510598132|false|true|4|75682200|15200|249546700|4000600|0|267800|325511900
COIN_REQUEST_TIMING|1790510598397|false|true|4|61482700|23700|2370500|2700|0|230900|64107800
COIN_REQUEST_TIMING|1790510598408|false|true|4|52650000|19100|2828000|2500|0|332700|55829800
COIN_REQUEST_TIMING|1790510598411|false|true|4|52730100|32600|5186300|3800|0|159800|58108800
COIN_REQUEST_TIMING|1790510598415|false|true|4|54386800|19800|2936100|2200|0|260900|57603600
COIN_REQUEST_TIMING|1790510598419|false|true|4|53770700|30200|2323400|4000|0|826600|56950900
COIN_REQUEST_TIMING|1790510598421|false|true|4|54439300|63100|3653200|2900|0|203600|58359200
COIN_REQUEST_TIMING|1790510598432|false|true|4|47302100|18200|2150000|2400|0|134400|49604700
COIN_REQUEST_TIMING|1790510598395|false|true|4|38249600|17900|54320600|2600|0|237700|92825800
COIN_REQUEST_TIMING|1790510598439|false|true|4|43289500|24000|9209300|2400|0|794500|53317300
COIN_REQUEST_TIMING|1790510598441|false|true|4|46325100|348200|6349600|2468300|0|171100|53194000
COIN_REQUEST_TIMING|1790510598467|false|true|4|24739200|21800|4972500|1300|0|109600|29843100
COIN_REQUEST_TIMING|1790510598468|false|true|4|26542400|20800|4394000|1900|0|176100|31133300
COIN_REQUEST_TIMING|1790510598471|false|true|4|25645100|27400|4964200|3600|0|281100|30917800
COIN_REQUEST_TIMING|1790510598480|false|true|4|19469200|48200|3829600|2000|0|1468700|24815700
COIN_REQUEST_TIMING|1790510598498|false|true|4|4368200|11300|8018300|2000|0|823600|13221400
COIN_REQUEST_TIMING|1790510598512|false|true|4|1600|141900|5346800|3100|0|239100|5729400
COIN_REQUEST_TIMING|1790510598508|false|true|4|1800|67400|9580900|2800|0|214500|9864600
COIN_REQUEST_TIMING|1790510598514|false|true|4|2989800|18200|5298900|3000|0|197400|8504300
COIN_REQUEST_TIMING|1790510598518|false|true|4|523100|144000|5677800|2800|0|153800|6498700
COIN_REQUEST_TIMING|1790510598522|false|true|4|463800|20100|3469500|3000|0|118400|4071800
COIN_REQUEST_TIMING|1790510598528|false|true|4|1300|101100|2565000|1900|0|82800|2750200
COIN_REQUEST_TIMING|1790510598532|false|true|4|1900|45400|4559000|2200|0|198000|4804300
COIN_REQUEST_TIMING|1790510598540|false|true|4|2500|96700|2647300|2100|0|103300|2849800
COIN_REQUEST_TIMING|1790510598534|false|true|4|1900|118000|16480600|1800|0|218900|16819400
COIN_REQUEST_TIMING|1790510598546|false|true|4|1600|280100|12895500|4600|0|297400|13474600
COIN_REQUEST_TIMING|1790510598567|false|true|4|1400|1612400|3339100|2400|0|204100|5157000
COIN_REQUEST_TIMING|1790510598557|false|true|4|1900|113200|24624500|2599600|0|249900|24989500
COIN_REQUEST_TIMING|1790510598578|false|true|4|1900|451600|4553800|2000|0|219600|5226900
COIN_REQUEST_TIMING|1790510598580|false|true|4|3281700|24900|3293900|3400|0|227500|6828000
COIN_REQUEST_TIMING|1790510598580|false|true|4|2343500|29200|6410500|2300|0|197600|8980800
COIN_REQUEST_TIMING|1790510598586|false|true|4|1353900|19500|2632000|1500|0|250600|4256000
COIN_REQUEST_TIMING|1790510598589|false|true|4|1700|29200|2299200|3800|0|278200|2608300
COIN_REQUEST_TIMING|1790510598592|false|true|4|1900|55000|3126000|2300|0|249200|3432100
COIN_REQUEST_TIMING|1790510598595|false|true|4|1900|60400|4545600|3100|0|217700|4825600
COIN_REQUEST_TIMING|1790510598596|false|true|4|1600|418200|5528200|2400|0|219200|6167200
COIN_REQUEST_TIMING|1790510598601|false|true|4|1300|52500|3669700|2200|0|174300|3897800
COIN_REQUEST_TIMING|1790510598625|false|true|4|1400|140000|2679900|2100|0|199700|3021000
COIN_REQUEST_TIMING|1790510598624|false|true|4|2000|749300|4797900|3900|0|247100|5796300
COIN_REQUEST_TIMING|1790510598626|false|true|4|1749400|16500|2812500|1900|0|203000|4781400
COIN_REQUEST_TIMING|1790510598631|false|true|4|1500|67300|3209900|2500|0|246200|3524900
COIN_REQUEST_TIMING|1790510598634|false|true|4|1300|129900|2581900|2900|0|234500|2947600
COIN_REQUEST_TIMING|1790510598636|false|true|4|1400|31600|2013800|2200|0|235700|2282500
COIN_REQUEST_TIMING|1790510598245|false|true|4|57354000|26400|336754600|1400|0|367600|394502600
COIN_REQUEST_TIMING|1790510598637|false|true|4|282100|34100|2567800|1900|0|221100|3105100
COIN_REQUEST_TIMING|1790510598640|false|true|4|1300|118200|2301100|2900|0|278400|2699000
COIN_REQUEST_TIMING|1790510598657|false|true|4|1500|152700|2479100|2300|0|474200|3107500
COIN_REQUEST_TIMING|1790510598657|false|true|4|1200|390600|2725300|2900|0|226400|3343500
COIN_REQUEST_TIMING|1790510598658|false|true|4|900|371000|2725000|2000|0|130500|3227400
COIN_REQUEST_TIMING|1790510598660|false|true|4|1400|34600|2139900|3100|0|212600|2388500
COIN_REQUEST_TIMING|1790510598669|false|true|4|1400|50400|4955800|2200|0|208700|5216300
COIN_REQUEST_TIMING|1790510598673|false|true|4|1400|101300|2778400|2200|0|248200|3129300
COIN_REQUEST_TIMING|1790510598673|false|true|4|1500|96800|2967700|2200|0|126200|3192200
COIN_REQUEST_TIMING|1790510598674|false|true|4|481700|24700|2799400|2300|0|198900|3504700
COIN_REQUEST_TIMING|1790510598677|false|true|4|500|105200|1990800|1800|0|166700|2263200
COIN_REQUEST_TIMING|1790510598677|false|true|4|1500|26900|2355400|2100|0|125900|2509700
COIN_REQUEST_TIMING|1790510598681|false|true|4|2600|55200|2452000|1700|0|126400|2636200
COIN_REQUEST_TIMING|1790510598279|false|true|4|104523600|46000|305752700|2500|0|217800|410540100
COIN_REQUEST_TIMING|1790510598694|false|true|4|1700|53600|2249800|2200|0|223000|2528100
COIN_REQUEST_TIMING|1790510598696|false|true|4|1600|47500|2777500|1900|0|168600|2995200
COIN_REQUEST_TIMING|1790510598696|false|true|4|700|15400|2554100|1500|0|175200|2745400
COIN_REQUEST_TIMING|1790510598693|false|true|4|1400|90000|6221500|2200|0|142200|6455100
COIN_REQUEST_TIMING|1790510598711|false|true|4|1500|89500|3674900|1800|0|160000|3925900
COIN_REQUEST_TIMING|1790510598711|false|true|4|1400|35600|7304900|308800|0|276600|7618500
COIN_REQUEST_TIMING|1790510598712|false|true|4|1100|53500|6214600|2400|0|112000|6381200
COIN_REQUEST_TIMING|1790510598713|false|true|4|1100|77900|6078500|3430400|0|213900|6371400
COIN_REQUEST_TIMING|1790510598716|false|true|4|900|144300|5176400|3300|0|272000|5593600
COIN_REQUEST_TIMING|1790510598727|false|true|4|900|1468400|5068200|2942500|0|254100|6791600
COIN_REQUEST_TIMING|1790510598732|false|true|4|1200|37200|2342100|3100|0|239900|2620400
COIN_REQUEST_TIMING|1790510598741|false|true|4|1200|255400|7654300|158100|0|225200|8136100
COIN_REQUEST_TIMING|1790510598757|false|true|4|2000|36500|2181300|2900|0|198700|2418500
COIN_REQUEST_TIMING|1790510598759|false|true|4|1400|238800|2661300|2300|0|239600|3141100
COIN_REQUEST_TIMING|1790510598753|false|true|4|1100|105400|11232700|5100|0|254800|11594000
COIN_REQUEST_TIMING|1790510598763|false|true|4|1400|108100|3532600|3100|0|198300|3840400
COIN_REQUEST_TIMING|1790510598765|false|true|4|1500|148700|3512500|2900|0|212700|3875400
COIN_REQUEST_TIMING|1790510598772|false|true|4|1100|59400|4856400|3300|0|158100|5075000
COIN_REQUEST_TIMING|1790510598779|false|true|4|1600|322200|3640400|2600|0|205900|4170100
COIN_REQUEST_TIMING|1790510598786|false|true|4|1400|95900|3308000|2900|0|197800|3603100
COIN_REQUEST_TIMING|1790510598790|false|true|4|1100|44600|2346700|1900|0|1126200|3518600
COIN_REQUEST_TIMING|1790510598793|false|true|4|1100|91100|2560100|2500|0|154800|2807100
COIN_REQUEST_TIMING|1790510598809|false|true|4|2100|476700|2632200|3100|0|306500|3417500
COIN_REQUEST_TIMING|1790510598872|false|true|4|800|2977800|8041500|5300|91600|198300|11218400
COIN_REQUEST_TIMING|1790510598872|false|true|4|1900|2977900|10852600|3500|3866900|258300|14090700
COIN_REQUEST_TIMING|1790510598872|false|true|4|500|6494600|10398300|3200|2957300|261300|17154700
COIN_REQUEST_TIMING|1790510598872|false|true|4|600|6618700|13469200|2300|5335200|294600|20383100
COIN_REQUEST_TIMING|1790510598873|false|true|4|11072400|18500|11960600|2800|6125900|263800|23315300
COIN_REQUEST_TIMING|1790510598882|false|true|4|4389800|17800|12047500|2800|5822200|261400|16716500
COIN_REQUEST_TIMING|1790510598883|false|true|4|6567600|20100|11818400|4400|5273200|243700|18649800
COIN_REQUEST_TIMING|1790510598888|false|true|4|5355900|19700|12460100|2800|5463900|312500|18148200
COIN_REQUEST_TIMING|1790510598891|false|true|4|5400700|17000|16277400|3100|6431300|216800|21911900
COIN_REQUEST_TIMING|1790510598891|false|true|4|7539900|13200|62221100|2500|10377700|1670400|71444600
COIN_REQUEST_TIMING|1790510598894|false|true|4|8238500|11300|70582400|12000|63781200|253200|79085400
COIN_REQUEST_TIMING|1790510598895|false|true|4|10647700|13800|78517500|4200|58343600|266500|89445500
COIN_REQUEST_TIMING|1790510598908|false|true|4|4642800|15800|74213700|2600|26260200|256400|79128700
COIN_REQUEST_TIMING|1790510598911|false|true|4|52048300|18800|26332600|2700|19542300|285600|78685300
COIN_REQUEST_TIMING|1790510598911|false|true|4|62155900|18700|18881800|6800|13520900|313300|81369700
COIN_REQUEST_TIMING|1790510598911|false|true|4|73836600|15300|9641300|2600|4483100|261200|83754400
COIN_REQUEST_TIMING|1790510598911|false|true|4|75824500|26000|9936500|2800|5075200|217400|86004400
COIN_REQUEST_TIMING|1790510598911|false|true|4|78042800|19700|9712600|2600|4830500|229300|88004400
COIN_REQUEST_TIMING|1790510598912|false|true|4|79987900|17000|9189000|2200|4293700|233800|89427700
COIN_REQUEST_TIMING|1790510598912|false|true|4|82732300|21400|8742300|3800|4027800|260700|91756700
COIN_REQUEST_TIMING|1790510598912|false|true|4|85115600|19700|9522500|3400|4183300|249400|94907200
COIN_REQUEST_TIMING|1790510598912|false|true|4|87311500|20500|10367000|2500|4993400|270300|97969300
COIN_REQUEST_TIMING|1790510598912|false|true|4|89033400|18800|12188200|2400|5535500|282100|101522500
COIN_REQUEST_TIMING|1790510598912|false|true|4|91180800|24600|23983500|3400|7319200|1559500|116748400
COIN_REQUEST_TIMING|1790510598913|false|true|4|96995300|19200|28649600|4000|17924400|217900|125882000
COIN_REQUEST_TIMING|1790510598913|false|true|4|100833300|22400|27012100|2800|9534800|255300|128123100
COIN_REQUEST_TIMING|1790510598913|false|true|4|115772300|14300|14621300|3300|7985400|254000|130661900
COIN_REQUEST_TIMING|1790510598913|false|true|4|93888500|24900|38869900|2400|24001200|291600|133074900
COIN_REQUEST_TIMING|1790510598914|false|true|4|125149200|22200|9833200|1600|2399000|236300|135240900
COIN_REQUEST_TIMING|1790510598914|false|true|4|127395700|22500|11695100|4200|4395500|258600|139371900
COIN_REQUEST_TIMING|1790510598914|false|true|4|130028700|19000|12994500|2700|4494400|211900|143254100
COIN_REQUEST_TIMING|1790510598914|false|true|4|131835700|24400|15042200|2200|5833100|265500|147167800
COIN_REQUEST_TIMING|1790510598915|false|true|4|134416400|23700|16272100|3200|6584300|3006300|153718500
COIN_REQUEST_TIMING|1790510598915|false|true|4|138656000|16800|18473500|2600|7112900|217000|157363300
COIN_REQUEST_TIMING|1790510598915|false|true|4|142846600|17800|19311300|3600|10475500|227900|162403600
COIN_REQUEST_TIMING|1790510598915|false|true|4|146639400|20300|24350400|3500|10806500|224700|171234800
COIN_REQUEST_TIMING|1790510598915|false|true|4|153374100|18100|20737100|3100|9083100|216800|174346100
COIN_REQUEST_TIMING|1790510598915|false|true|4|156721200|15900|20571600|1700|8718300|204800|177513500
COIN_REQUEST_TIMING|1790510598915|false|true|4|161803800|25100|19963000|2000|4477800|283000|182074900
COIN_REQUEST_TIMING|1790510598916|false|true|4|173633100|16500|11651100|2200|4097400|228900|185529600
COIN_REQUEST_TIMING|1790510598915|false|true|4|170802500|12800|18032000|1800|5977800|216200|189063500
COIN_REQUEST_TIMING|1790510598916|false|true|4|177092500|14000|14696000|2900|4990700|246100|192048600
COIN_REQUEST_TIMING|1790510598916|false|true|4|181534300|17400|13467700|2800|5660500|236600|195256000
COIN_REQUEST_TIMING|1790510598916|false|true|4|184986100|22500|13274800|2200|6468800|247200|198530600
COIN_REQUEST_TIMING|1790510598916|false|true|4|188242800|20900|13493300|2900|6088100|227600|201984600
COIN_REQUEST_TIMING|1790510598917|false|true|4|191309700|18300|13328300|2200|6175000|240400|204896700
COIN_REQUEST_TIMING|1790510598917|false|true|4|194376500|20200|13611700|2900|4728500|266700|208275100
COIN_REQUEST_TIMING|1790510598917|false|true|4|197953500|25900|13140800|3000|6587300|301900|211422100
COIN_REQUEST_TIMING|1790510598917|false|true|4|201165900|17000|13269000|3200|6175800|232200|214684100
COIN_REQUEST_TIMING|1790510598917|false|true|4|204372500|19900|12125900|3300|5770100|242100|216760400
COIN_REQUEST_TIMING|1790510598917|false|true|4|207581600|18700|10736200|2700|4152600|222500|218559000
COIN_REQUEST_TIMING|1790510598917|false|true|4|210747100|18600|10046600|2600|3707300|234700|221047000
COIN_REQUEST_TIMING|1790510598918|false|true|4|213948100|16000|9082000|2400|3840600|1182700|224228800
COIN_REQUEST_TIMING|1790510598918|false|true|4|216024700|17900|15882100|3400|4092100|212700|232137400
COIN_REQUEST_TIMING|1790510598918|false|true|4|217681500|22900|16542400|3100|10951200|233300|234480100
COIN_REQUEST_TIMING|1790510598919|false|true|4|220057800|16500|17070600|2300|11130000|220700|237365600
COIN_REQUEST_TIMING|1790510598919|false|true|4|223409400|18700|16251700|2400|9745300|198000|239877800
COIN_REQUEST_TIMING|1790510598919|false|true|4|231239000|17300|10410600|1800|4559900|241800|241908700
COIN_REQUEST_TIMING|1790510598919|false|true|4|233984000|16700|11555800|2600|4015700|187000|245743500
COIN_REQUEST_TIMING|1790510598919|false|true|4|237043100|19100|27018800|2300|6028500|365100|264446100
COIN_REQUEST_TIMING|1790510598919|false|true|4|239465400|16900|29481800|3100|12625100|212600|269176700
COIN_REQUEST_TIMING|1790510598919|false|true|4|243158300|18900|35839700|2600|6346100|294400|279311300
COIN_REQUEST_TIMING|1790510598931|false|true|4|233845400|15800|36214300|3000|170300|187900|270263400
COIN_REQUEST_TIMING|1790510598932|false|true|4|266969800|15000|9965500|491200|233200|270600|277220900
COIN_REQUEST_TIMING|1790510598933|false|true|4|268543600|11700|10756000|253600|709200|191300|279502600
COIN_REQUEST_TIMING|1790510598933|false|true|4|276179900|25300|6933900|3100|65900|279200|283418300
COIN_REQUEST_TIMING|1790510598934|false|true|4|277808800|16600|12088200|3300|3312300|299600|290213200
COIN_REQUEST_TIMING|1790510598935|false|true|4|281519000|20300|11561400|2800|89000|204600|293305300
COIN_REQUEST_TIMING|1790510598932|false|true|4|256737000|19800|52337900|2400|2582400|211000|309305700
COIN_REQUEST_TIMING|1790510598936|false|true|4|292501200|23100|7454000|2400|104700|9430700|309409000
COIN_REQUEST_TIMING|1790510598932|false|true|4|251805000|15400|62432900|1500|8013100|216000|314469300
COIN_REQUEST_TIMING|1790510598936|false|true|4|289091600|20000|31673900|3500|18802500|264700|321050200
COIN_REQUEST_TIMING|1790510598937|false|true|4|304427100|16800|28379500|3900|56700|215700|333039100
COIN_REQUEST_TIMING|1790510598937|false|true|4|319794700|31200|14985600|7100|1206900|196600|335008100
COIN_REQUEST_TIMING|1790510598936|false|true|4|300544200|19100|37825200|3800|2492200|244600|338633100
COIN_REQUEST_TIMING|1790510598937|false|true|4|309465100|22100|31784600|2900|4571600|235200|341507000
COIN_REQUEST_TIMING|1790510598937|false|true|4|332650400|20700|10495800|1500|5006100|214300|343381200
COIN_REQUEST_TIMING|1790510598937|false|true|4|334915200|19600|11817500|2700|3943400|199700|346952000
COIN_REQUEST_TIMING|1790510598937|false|true|4|339849000|21200|11166400|2100|3437300|207700|351244300
COIN_REQUEST_TIMING|1790510598937|false|true|4|340675400|20900|13643800|2400|6480700|211800|354551900
COIN_REQUEST_TIMING|1790510598937|false|true|4|342959200|23200|14384400|2700|4966400|220500|357587300
COIN_REQUEST_TIMING|1790510598938|false|true|4|346288100|15100|13828500|2400|5073800|181100|360312800
COIN_REQUEST_TIMING|1790510598938|false|true|4|350478800|21300|11994400|2400|5076800|224400|362718900
COIN_REQUEST_TIMING|1790510598938|false|true|4|354122500|15100|10886200|2600|4452900|260800|365284600
COIN_REQUEST_TIMING|1790510598938|false|true|4|357118600|15500|11996800|2400|3729700|249300|369380200
COIN_REQUEST_TIMING|1790510598938|false|true|4|360151400|15100|11514700|2200|5484700|286700|371967900
COIN_REQUEST_TIMING|1790510598938|false|true|4|362532400|16000|12730800|2500|5454000|228400|375507600
COIN_REQUEST_TIMING|1790510598938|false|true|4|364974600|155600|13900000|2200|6555400|228900|379259100
COIN_REQUEST_TIMING|1790510598938|false|true|4|369202000|15700|12817700|2900|6406500|242400|382277800
COIN_REQUEST_TIMING|1790510598938|false|true|4|371815200|21500|13186700|2700|5353300|216800|385240200
COIN_REQUEST_TIMING|1790510598938|false|true|4|375396400|18700|13552500|2700|5255300|236000|389203600
COIN_REQUEST_TIMING|1790510598938|false|true|4|379210900|20400|13612900|3100|6090600|231400|393075600
COIN_REQUEST_TIMING|1790510598938|false|true|4|382173800|19400|13723800|2700|6348100|203700|396120700
COIN_REQUEST_TIMING|1790510598938|false|true|4|385074400|18400|13361300|2200|4158200|215900|398670000
COIN_REQUEST_TIMING|1790510598938|false|true|4|389024300|20300|13021400|1900|4394200|249900|402315900
COIN_REQUEST_TIMING|1790510598938|false|true|4|392902200|19600|11369500|3200|4965000|253100|404544400
COIN_REQUEST_TIMING|1790510598938|false|true|4|395958100|13100|11561900|1800|4404700|217100|407750200
COIN_REQUEST_TIMING|1790510598939|false|true|4|398449600|17800|11477400|2300|5990600|2281500|412226300
COIN_REQUEST_TIMING|1790510598939|false|true|4|401805300|15500|10539600|2100|4089500|247600|412608000
COIN_REQUEST_TIMING|1790510598939|false|true|4|403936500|16100|11380300|3300|4120200|233300|415566200
COIN_REQUEST_TIMING|1790510598939|false|true|4|407067700|19800|10727800|2200|4520500|226600|418041900
COIN_REQUEST_TIMING|1790510598939|false|true|4|409473700|19800|11656200|2600|4539900|265600|421415300
COIN_REQUEST_TIMING|1790510598939|false|true|4|411985800|19500|17916000|2500|7123700|232200|430153500
COIN_REQUEST_TIMING|1790510598940|false|true|4|420890100|237700|15066700|3900|7679300|224000|436418500
COIN_REQUEST_TIMING|1790510598940|false|true|4|417364300|18400|23252100|2700|6788500|224300|440859100
COIN_REQUEST_TIMING|1790510598940|false|true|4|429514000|15200|15460000|3200|1034400|248100|445237300
COIN_REQUEST_TIMING|1790510598940|false|true|4|436045500|17000|13963400|2300|454800|214700|450240600
COIN_REQUEST_TIMING|1790510598940|false|true|4|440302600|28800|12047700|4200|1552300|231300|452610400
COIN_REQUEST_TIMING|1790510598941|false|true|4|444129600|19200|9876200|2800|1965400|210900|454235900
COIN_REQUEST_TIMING|1790510598941|false|true|4|449238900|17900|10278700|2700|1294500|228000|459763500
COIN_REQUEST_TIMING|1790510598941|false|true|4|451679400|18900|10646100|2700|1890400|245700|462590100
COIN_REQUEST_TIMING|1790510598941|false|true|4|454329600|119200|13075600|2200|1878000|229900|467754300
COIN_REQUEST_TIMING|1790510598940|false|true|4|415160600|18700|59286000|3100|10623600|368600|474833900
COIN_REQUEST_TIMING|1790510598942|false|true|4|459572000|20300|14437900|2300|4611100|221300|474251500
COIN_REQUEST_TIMING|1790510598942|false|true|4|462226000|41900|14770200|64000|5840900|177200|477215300
COIN_REQUEST_TIMING|1790510598942|false|true|4|467324100|15000|12189000|1300|5831800|212200|479740300
COIN_REQUEST_TIMING|1790510598943|false|true|4|472018400|57800|9159300|2600|1998500|223700|481459200
COIN_REQUEST_TIMING|1790510598943|false|true|4|473099900|17000|10533000|2100|3034600|270700|483920600
COIN_REQUEST_TIMING|1790510598943|false|true|4|476250700|16700|10256700|1800|3528400|268100|486792200
COIN_REQUEST_TIMING|1790510598943|false|true|4|478603800|16900|10413900|2400|4122800|222900|489257500
COIN_REQUEST_TIMING|1790510598943|false|true|4|481003400|14600|11302400|2500|3900500|231800|492552200
COIN_REQUEST_TIMING|1790510598943|false|true|4|483315000|20000|12807000|1800|4395400|249100|496391100
COIN_REQUEST_TIMING|1790510598944|false|true|4|486111200|17700|12405600|2300|5487500|728500|499263000
COIN_REQUEST_TIMING|1790510598944|false|true|4|488734900|17600|12211500|1700|5295400|223400|501187400
COIN_REQUEST_TIMING|1790510598944|false|true|4|491547000|17600|11353300|3200|4716600|216200|503134100
COIN_REQUEST_TIMING|1790510598945|false|true|4|494392800|19000|10020700|2500|3374800|235400|504667900
COIN_REQUEST_TIMING|1790510598946|false|true|4|497140700|16600|9829400|2900|2611800|225400|507212100
COIN_REQUEST_TIMING|1790510598947|false|true|4|497879700|15200|10366600|2000|3749000|206600|508468100
COIN_REQUEST_TIMING|1790510598950|false|true|4|497487800|18600|10540500|2200|3591100|298400|508345300
COIN_REQUEST_TIMING|1790510598950|false|true|4|499984400|20500|11919500|1900|2465300|295800|512220200
COIN_REQUEST_TIMING|1790510598950|false|true|4|502847100|16400|10946100|2100|5139400|224200|514033800
COIN_REQUEST_TIMING|1790510598950|false|true|4|505390900|18200|10953600|2900|2163700|169600|516532300
COIN_REQUEST_TIMING|1790510598950|false|true|4|509337200|16800|9930300|2381400|380700|206200|519490500
COIN_REQUEST_TIMING|1790510598950|false|true|4|512097400|21000|10328900|2400|3395600|184700|522632000
COIN_REQUEST_TIMING|1790510598951|false|true|4|513676300|15800|11163900|2000|4127800|188500|525044500
COIN_REQUEST_TIMING|1790510598951|false|true|4|516093300|17500|11444400|1800|3741500|218900|527774100
COIN_REQUEST_TIMING|1790510598951|false|true|4|519006400|19200|11932400|2100|3975300|198600|531156600
COIN_REQUEST_TIMING|1790510598951|false|true|4|521867500|14800|11590800|2200|4515800|207400|533680500
COIN_REQUEST_TIMING|1790510598951|false|true|4|524536400|15800|11509500|1500|4500900|207100|536268800
COIN_REQUEST_TIMING|1790510598951|false|true|4|527284900|18200|11258200|2900|3857000|225800|538787100
COIN_REQUEST_TIMING|1790510598951|false|true|4|530627500|15400|10422800|2600|2938300|243200|541308900
COIN_REQUEST_TIMING|1790510598952|false|true|4|533284900|17300|10234500|1600|3155700|234700|543771400
COIN_REQUEST_TIMING|1790510598952|false|true|4|535857400|13000|12422900|2200|3052900|258700|548552000
COIN_REQUEST_TIMING|1790510598952|false|true|4|538439400|17100|12087900|3000|5823600|455100|550999500
COIN_REQUEST_TIMING|1790510598952|false|true|4|540977700|15600|12487700|2400|4683700|220600|553701600
COIN_REQUEST_TIMING|1790510598952|false|true|4|548448300|18000|8132400|2900|1202300|215200|556813900
COIN_REQUEST_TIMING|1790510598952|false|true|4|550743400|15200|8248000|1800|1187000|230100|559236700
COIN_REQUEST_TIMING|1790510598952|false|true|4|553245700|22500|8442800|2700|587100|237300|561948300
COIN_REQUEST_TIMING|1790510598952|false|true|4|556594100|33300|7797200|2300|113200|198400|564623000
COIN_REQUEST_TIMING|1790510598952|false|true|4|559000100|32300|8797000|2400|80800|220000|568049400
COIN_REQUEST_TIMING|1790510598952|false|true|4|561830400|19800|11011000|3000|1487400|186200|573047400
COIN_REQUEST_TIMING|1790510598952|false|true|4|564566300|20500|12870900|2600|3209000|231400|577689100
COIN_REQUEST_TIMING|1790510598952|false|true|4|543660800|22500|38742500|2100|4187400|261600|582687400
COIN_REQUEST_TIMING|1790510598952|false|true|4|567953100|16600|33788500|2000|8576800|376000|602134200
COIN_REQUEST_TIMING|1790510598952|false|true|4|572880500|15600|28909600|3000|19008400|465100|602270800
COIN_REQUEST_TIMING|1790510598953|false|true|4|577470500|22700|29489400|2100|10878100|201500|607184100
COIN_REQUEST_TIMING|1790510598953|false|true|4|601962100|19100|8336600|9100|2180500|238300|610556100
COIN_REQUEST_TIMING|1790510598953|false|true|4|607120500|13000|7276900|2800|84200|212200|614622600
COIN_REQUEST_TIMING|1790510598953|false|true|4|610372200|13600|6625100|1800|77100|232400|617243300
COIN_REQUEST_TIMING|1790510598953|false|true|4|602139100|53000|18271000|1822300|1992000|151400|620614500
COIN_REQUEST_TIMING|1790510598953|false|true|4|581919100|22000|38403400|2507400|175700|457000|620801500
COIN_REQUEST_TIMING|1790510598953|false|true|4|614496300|16200|8185400|2200|1881000|208600|622906500
COIN_REQUEST_TIMING|1790510598953|false|true|4|617203700|16400|8102100|2200|446600|286400|625608600
COIN_REQUEST_TIMING|1790510598954|false|true|4|619643300|15100|9111000|1700|255800|237600|629007000
COIN_REQUEST_TIMING|1790510598954|false|true|4|622137800|16600|9848500|2200|2320000|215300|632218200
COIN_REQUEST_TIMING|1790510598954|false|true|4|624809600|15300|12488200|2600|2046400|229300|637542400
COIN_REQUEST_TIMING|1790510598953|false|true|4|619998600|15300|25340000|2400|11310000|232600|645586500
COIN_REQUEST_TIMING|1790510598954|false|true|4|628829600|15400|18804500|1700|7181400|240300|647889800
COIN_REQUEST_TIMING|1790510598954|false|true|4|631809700|19700|19067800|3000|8537800|195100|651092300
COIN_REQUEST_TIMING|1790510598954|false|true|4|637328000|19700|15972200|2100|8903700|220100|653540000
COIN_REQUEST_TIMING|1790510598954|false|true|4|644932200|17600|14204200|3000|4162100|230200|659384200
COIN_REQUEST_TIMING|1790510598954|false|true|4|647464500|21600|13536500|3400|6930300|226900|661249500
COIN_REQUEST_TIMING|1790510598956|false|true|4|651847300|19300|10688600|2400|3166400|231800|662787000
COIN_REQUEST_TIMING|1790510598955|false|true|4|650240700|16200|15995600|1500|4826100|230500|666483000
COIN_REQUEST_TIMING|1790510598959|false|true|4|654594500|18200|11523200|2800|2310500|220800|666356700
COIN_REQUEST_TIMING|1790510598960|false|true|4|655684400|17500|12489100|2200|4215100|236800|668427800
COIN_REQUEST_TIMING|1790510598962|false|true|4|656014400|19000|14727800|3000|4137300|208000|670969200
COIN_REQUEST_TIMING|1790510598970|false|true|4|651847900|18300|15212100|2400|6406600|231600|667309900
COIN_REQUEST_TIMING|1790510598970|false|true|4|655621600|15300|16038500|2700|4723500|188300|671863700
COIN_REQUEST_TIMING|1790510598971|false|true|4|657410200|22200|15710400|2900|5417800|209400|673352200
COIN_REQUEST_TIMING|1790510598972|false|true|4|661741400|15500|12687100|2300|4844100|212000|674656000
COIN_REQUEST_TIMING|1790510598972|false|true|4|664526600|26400|12656600|2900|2992500|231700|677441300
COIN_REQUEST_TIMING|1790510598973|false|true|4|668715400|16600|11552600|2500|2292000|178600|680463200
COIN_REQUEST_TIMING|1790510598975|false|true|4|669844800|17200|11291700|2000|1954500|239100|681392800
COIN_REQUEST_TIMING|1790510598975|false|true|4|674564000|15500|9016700|3300|684200|190300|683786500
COIN_REQUEST_TIMING|1790510598980|false|true|4|673501400|14800|8036800|1700|83300|179600|681732600
COIN_REQUEST_TIMING|1790510598980|false|true|4|676095400|17300|8406100|2700|146200|221200|684740000
COIN_REQUEST_TIMING|1790510598975|false|true|4|671207900|15200|24896100|1600|2080200|250700|696369900
COIN_REQUEST_TIMING|1790510598980|false|true|4|679098900|13700|16847100|1800|7771500|197200|696156900
COIN_REQUEST_TIMING|1790510598980|false|true|4|681654600|16300|18246600|3200|8851800|261300|700178800
COIN_REQUEST_TIMING|1790510598980|false|true|4|684636200|20500|21222300|2500|2903000|254200|706133200
COIN_REQUEST_TIMING|1790510598980|false|true|4|691546500|20800|17852900|5600|6312700|236900|709657100
COIN_REQUEST_TIMING|1790510598980|false|true|4|696051200|21200|17190800|2500|4574800|195100|713458300
COIN_REQUEST_TIMING|1790510598980|false|true|4|700099900|27000|21796900|2800|4104900|311200|722235000
COIN_REQUEST_TIMING|1790510598980|false|true|4|705907800|25000|17373700|2400|8705400|214700|723521200
COIN_REQUEST_TIMING|1790510598980|false|true|4|709626100|23100|22995500|12000|6437100|256200|732900900
COIN_REQUEST_TIMING|1790510598980|false|true|4|722155100|16900|13653200|1900|5055900|198500|736023700
COIN_REQUEST_TIMING|1790510598980|false|true|4|723368300|19100|17897500|1700|5664300|329100|741614000
COIN_REQUEST_TIMING|1790510598980|false|true|4|732863500|19600|12158100|2700|3148000|287000|745328200
COIN_REQUEST_TIMING|1790510598980|false|true|4|736004200|16800|14152700|2300|53700|295000|750468700
COIN_REQUEST_TIMING|1790510598980|false|true|4|741551400|19800|25910600|2700|831600|343000|767824800
COIN_REQUEST_TIMING|1790510598981|false|true|4|745199300|19800|22686800|6600|10832400|349700|768255600
COIN_REQUEST_TIMING|1790510598980|false|true|4|713437700|15800|68596500|3300|1376700|226800|782276800
COIN_REQUEST_TIMING|1790510598981|false|true|4|781889900|22500|6886300|2500|56000|201700|789000400
COIN_REQUEST_TIMING|1790510598981|false|true|4|750357400|21600|38576000|10300|879400|993100|789948100
COIN_REQUEST_TIMING|1790510598981|false|true|4|768172000|13100|28857300|1464400|282300|280500|797322900
COIN_REQUEST_TIMING|1790510598981|false|true|4|789045900|12900|10869300|2200|2352100|293300|800221400
COIN_REQUEST_TIMING|1790510598981|false|true|4|789048000|14200|14245000|2400|4200400|1487500|804794700
COIN_REQUEST_TIMING|1790510598981|false|true|4|797110300|22200|9399700|3000|1682800|246300|806778500
COIN_REQUEST_TIMING|1790510598981|false|true|4|800246100|20500|9668300|3400|1052800|196000|810130900
COIN_REQUEST_TIMING|1790510598988|false|true|4|797176400|17600|9763800|2300|166400|190700|807148500
COIN_REQUEST_TIMING|1790510598988|false|true|4|799101200|17000|9819700|1600|1892400|206600|809144500
COIN_REQUEST_TIMING|1790510598991|false|true|4|800140800|15900|9554500|2300|150000|216400|809927600
COIN_REQUEST_TIMING|1790510598993|false|true|4|802779000|19700|7581500|1500|487900|253800|810634000
COIN_REQUEST_TIMING|1790510598996|false|true|4|801542800|21100|9684600|1900|484600|206300|811454800
COIN_REQUEST_TIMING|1790510599003|false|true|4|798046800|18200|9165500|2500|612200|187400|807417900
COIN_REQUEST_TIMING|1790510598981|false|true|4|767742500|17200|72829300|4263800|88700|188200|840777200
COIN_REQUEST_TIMING|1790510599021|false|true|4|782085000|16200|22879400|2400|66700|215400|805196000
COIN_REQUEST_TIMING|1790510599022|false|true|4|799456200|18800|6637200|2300|60800|244000|806356200
COIN_REQUEST_TIMING|1790510599022|false|true|4|788546100|16100|23438400|2700|1932100|236200|812236800
COIN_REQUEST_TIMING|1790510599025|false|true|4|801982200|18700|11395600|2600|359100|214700|813611200
COIN_REQUEST_TIMING|1790510599031|false|true|4|802730600|21900|8952800|3200|72600|224400|811929700
COIN_REQUEST_TIMING|1790510599027|false|true|4|800995900|27800|17248500|2800|73100|208700|818480900
COIN_REQUEST_TIMING|1790510599042|false|true|4|795943300|17100|10853900|2300|906600|266900|807081200
COIN_REQUEST_TIMING|1790510599044|false|true|4|798907600|19600|18925500|3300|67900|237800|818090500
COIN_REQUEST_TIMING|1790510599050|false|true|4|799203100|18300|15839300|2500|124300|307300|815368000
COIN_REQUEST_TIMING|1790510599046|false|true|4|800257600|14400|19968400|3000|301000|253800|820494200
COIN_REQUEST_TIMING|1790510599058|false|true|4|804025400|17200|8730200|3100|62000|241300|813014100
COIN_REQUEST_TIMING|1790510599060|false|true|4|805313800|24100|7747200|2800|639300|214200|813299300
COIN_REQUEST_TIMING|1790510599062|false|true|4|803870900|55500|10104800|2000|2672100|220300|814251500
COIN_REQUEST_TIMING|1790510599065|false|true|4|806414300|19700|8326600|1600|138700|184900|814945500
COIN_REQUEST_TIMING|1790510599075|false|true|4|799220800|16500|9077800|2200|675100|194100|808509200
COIN_REQUEST_TIMING|1790510599084|false|true|4|792424700|16300|10442100|2400|1730000|211700|803094800
COIN_REQUEST_TIMING|1790510599087|false|true|4|795986400|13800|11620100|3300|127500|216500|807836800
COIN_REQUEST_TIMING|1790510599090|false|true|4|796991900|13500|12068100|3500|79400|211400|809284900
COIN_REQUEST_TIMING|1790510599098|false|true|4|796591200|25500|8927300|3500|129100|1864700|807408700
COIN_REQUEST_TIMING|1790510599085|false|true|4|795500300|14400|27402800|2600|2355500|234100|823151600
COIN_REQUEST_TIMING|1790510599102|false|true|4|797421300|13500|10531000|2000|1482300|227700|808193500
COIN_REQUEST_TIMING|1790510599105|false|true|4|800946400|18300|8847900|2900|123000|233100|810045700
COIN_REQUEST_TIMING|1790510599106|false|true|4|802245500|17200|9681300|2400|1391800|258200|812202200
COIN_REQUEST_TIMING|1790510599109|false|true|4|801844500|20600|9832300|2000|1043800|218000|811915400
COIN_REQUEST_TIMING|1790510599112|false|true|4|804171000|21400|8432800|2100|148000|228300|812853500
COIN_REQUEST_TIMING|1790510599116|false|true|4|801865100|16900|9134200|1700|397200|298000|811314200
COIN_REQUEST_TIMING|1790510599123|false|true|4|798130300|15900|10144900|3000|222500|220300|808511400
COIN_REQUEST_TIMING|1790510599129|false|true|4|795867400|15400|11958200|14300|501900|240900|808081900
COIN_REQUEST_TIMING|1790510599138|false|true|4|788881100|14000|12610500|2900|1966100|238400|801744000
COIN_REQUEST_TIMING|1790510599141|false|true|4|789888600|16100|12246100|2600|692900|265800|802416600
COIN_REQUEST_TIMING|1790510599144|false|true|4|793601500|14000|10869000|2200|467300|182200|804666700
COIN_REQUEST_TIMING|1790510599147|false|true|4|793380600|22000|12316300|2700|2255900|192800|805911700
COIN_REQUEST_TIMING|1790510599148|false|true|4|795880900|18800|12318400|3000|1947200|197800|808415900
COIN_REQUEST_TIMING|1790510599148|false|true|4|800332100|21600|11575000|1900|78000|235600|812164300
COIN_REQUEST_TIMING|1790510599159|false|true|4|794013100|16500|10490600|1700|71800|267900|804788100
COIN_REQUEST_TIMING|1790510599167|false|true|4|788961400|21800|10057500|2300|345800|224600|799265300
COIN_REQUEST_TIMING|1790510599170|false|true|4|790817700|20500|8367600|2600|509800|174800|799380600
COIN_REQUEST_TIMING|1790510599171|false|true|4|792613500|22500|8186100|3000|69000|245500|801067600
COIN_REQUEST_TIMING|1790510599173|false|true|4|794027000|16300|8876700|1200|67700|240000|803160000
COIN_REQUEST_TIMING|1790510599174|false|true|4|795051200|20100|11283000|1300|1150100|200700|806555000
COIN_REQUEST_TIMING|1790510599193|false|true|4|778747500|16400|14794300|1700|98300|202200|793760400
COIN_REQUEST_TIMING|1790510599200|false|true|4|775547400|16100|13170900|1900|189600|198500|788932900
COIN_REQUEST_TIMING|1790510599202|false|true|4|778128400|16200|10863600|2000|1517300|211800|789220000
COIN_REQUEST_TIMING|1790510599212|false|true|4|774550300|16900|7429000|2100|53700|229200|782225400
COIN_REQUEST_TIMING|1790510599213|false|true|4|775998900|14600|10789300|2300|67100|218200|787021000
COIN_REQUEST_TIMING|1790510599221|false|true|4|770535500|84100|11415300|2900|2726600|219000|782253900
COIN_REQUEST_TIMING|1790510599226|false|true|4|768438800|18900|12904900|2400|2472600|218200|781580800
COIN_REQUEST_TIMING|1790510599022|false|true|4|785807800|20500|211890900|2300|76600|602300|998321500
COIN_REQUEST_TIMING|1790510599235|false|true|4|769019200|19300|24682700|1800|9896000|207500|793928700
COIN_REQUEST_TIMING|1790510599230|false|true|4|770110400|14100|30119000|12200|809300|365900|800609400
COIN_REQUEST_TIMING|1790510599253|false|true|4|775225500|22900|8492200|2500|194400|216100|783956700
COIN_REQUEST_TIMING|1790510599243|false|true|4|764493500|18500|31636600|6500|1247100|195800|796344400
COIN_REQUEST_TIMING|1790510599258|false|true|4|772994200|20400|10778200|2000|3048200|214000|784006800
COIN_REQUEST_TIMING|1790510599246|false|true|4|774034600|52400|24208300|3700|3459800|269600|798564900
COIN_REQUEST_TIMING|1790510599271|false|true|4|766601000|17100|10518300|3200|2283300|216100|777352500
COIN_REQUEST_TIMING|1790510599273|false|true|4|766519000|17300|10873600|2100|2447700|198500|777608400
COIN_REQUEST_TIMING|1790510599277|false|true|4|765058900|16300|11931700|1600|2289200|232100|777239000
COIN_REQUEST_TIMING|1790510599279|false|true|4|765589800|24500|12661500|1300|2948600|213100|778488900
COIN_REQUEST_TIMING|1790510599282|false|true|4|766417200|15900|13065000|2500|3890900|220600|779718700
COIN_REQUEST_TIMING|1790510599286|false|true|4|765171800|13200|13810500|2400|4105900|232300|779227800
COIN_REQUEST_TIMING|1790510599290|false|true|4|763885200|20100|13726500|2400|3812700|201000|777832800
COIN_REQUEST_TIMING|1790510599298|false|true|4|759598300|21300|12745600|2600|4750600|220800|772586000
COIN_REQUEST_TIMING|1790510599299|false|true|4|762131900|17400|12339600|2200|2137600|213000|774701900
COIN_REQUEST_TIMING|1790510599303|false|true|4|762353600|16700|12752700|2200|1999300|208100|775331100
COIN_REQUEST_TIMING|1790510599305|false|true|4|762776100|15800|13530200|2100|3825800|219400|776541500
COIN_REQUEST_TIMING|1790510599309|false|true|4|762450100|17600|13487800|2800|4554900|245300|776200800
COIN_REQUEST_TIMING|1790510599311|false|true|4|763005300|16000|14310600|2500|3322800|214100|777546000
COIN_REQUEST_TIMING|1790510599316|false|true|4|762479900|17100|13374000|1800|2119400|206400|776077400
COIN_REQUEST_TIMING|1790510599325|false|true|4|759989500|24500|10843400|2800|191300|203100|771060500
COIN_REQUEST_TIMING|1790510599329|false|true|4|759874700|17500|10039900|1900|238200|317400|770249500
COIN_REQUEST_TIMING|1790510599334|false|true|4|758138300|17600|10160300|2500|1096700|326600|768642800
COIN_REQUEST_TIMING|1790510599334|false|true|4|761653800|27100|10538400|1900|206300|219700|772439000
COIN_REQUEST_TIMING|1790510599322|false|true|4|760243100|17800|38405600|1800|1412700|415600|799082100
COIN_REQUEST_TIMING|1790510599345|false|true|4|757021800|22900|24766400|2100|90800|359300|782170400
COIN_REQUEST_TIMING|1790510599355|false|true|4|765885700|24700|21124900|2800|136400|11757700|798793000
COIN_REQUEST_TIMING|1790510599356|false|true|4|770957800|16500|21325400|1300|8972600|5336500|797636200
COIN_REQUEST_TIMING|1790510599347|false|true|4|759909400|16800|26687500|2200|202800|20424900|807038600
COIN_REQUEST_TIMING|1790510599336|false|true|4|763499600|18500|54434900|2300|240700|591000|818544000
COIN_REQUEST_TIMING|1790510599362|false|true|4|791384100|42000|11631600|2000|56300|199200|803256900
COIN_REQUEST_TIMING|1790510599359|false|true|4|795312900|42800|18026100|1834500|2448300|236400|813618200
COIN_REQUEST_TIMING|1790510599378|false|true|4|775765600|15600|21492100|2000|8269200|238900|797512200
COIN_REQUEST_TIMING|1790510599388|false|true|4|765698900|41400|25323000|220900|11436700|263700|791327000
COIN_REQUEST_TIMING|1790510599394|false|true|4|771595800|14700|18332300|1800|6880300|197800|790140600
COIN_REQUEST_TIMING|1790510599406|false|true|4|769555600|19300|11485700|2300|327500|224100|781284700
COIN_REQUEST_TIMING|1790510599432|false|true|4|752627200|15000|10795700|1800|439100|3155100|766593000
COIN_REQUEST_TIMING|1790510599439|false|true|4|748140300|19900|11603500|18400|65400|207500|759971200
COIN_REQUEST_TIMING|1790510599414|false|true|4|765409500|15900|25687600|2700|6332200|230500|791343500
COIN_REQUEST_TIMING|1790510599397|false|true|4|775003200|22200|39151000|2400|8778900|277700|814454100
COIN_REQUEST_TIMING|1790510599443|false|true|4|752150800|17800|22113400|2700|10675800|209600|774491600
COIN_REQUEST_TIMING|1790510599453|false|true|4|746116300|17100|21203900|3200|10440400|179000|767516300
COIN_REQUEST_TIMING|1790510599480|false|true|4|725569200|19300|20526300|2100|5342500|246300|746361100
COIN_REQUEST_TIMING|1790510599487|false|true|4|728386500|25200|13734800|2435400|1534900|200200|742346700
COIN_REQUEST_TIMING|1790510599494|false|true|4|734188600|27000|9248300|2600|188600|247800|743711700
COIN_REQUEST_TIMING|1790510599502|false|true|4|726923000|14400|12333800|1600|3263800|229800|739501000
COIN_REQUEST_TIMING|1790510599540|false|true|4|697665900|44300|8403200|3000|69400|249800|706363200
COIN_REQUEST_TIMING|1790510599489|false|true|4|728864600|76800|30861000|2500|1753100|251000|760053400
COIN_REQUEST_TIMING|1790510599575|false|true|4|666696400|16200|10556400|2300|753600|234300|677503300
COIN_REQUEST_TIMING|1790510599595|false|true|4|653847200|22500|10362200|2500|128800|235100|664467000
COIN_REQUEST_TIMING|1790510599597|false|true|4|655112600|15000|32715000|2300|98000|333300|688175900
COIN_REQUEST_TIMING|1790510599653|false|true|4|606965700|15600|143532000|2000|191900|520000|751033300
COIN_REQUEST_TIMING|1790510599491|false|true|4|729531800|26300|217458000|3000|138920900|220200|947236300
COIN_REQUEST_TIMING|1790510599581|false|true|4|665925600|20900|199255100|2600|164502100|271800|865473400
COIN_REQUEST_TIMING|1790510599662|false|true|4|623395800|28400|162981600|135396400|2422400|259600|786665400
COIN_REQUEST_TIMING|1790510600635|false|true|4|800|49300|8750000|5400|0|249200|9049300
COIN_REQUEST_TIMING|1790510600614|false|true|4|1200|122400|34766200|31188900|0|179100|35068900
COIN_REQUEST_TIMING|1790510600634|false|true|4|1900|40300|17126600|14534500|0|173400|17342200
COIN_REQUEST_TIMING|1790510600640|false|true|4|1500|30600|11913000|9614300|0|142900|12088000
COIN_REQUEST_TIMING|1790510600648|false|true|4|3683300|6200|3741600|2500|0|126600|7557700
COIN_REQUEST_TIMING|1790510600647|false|true|4|4653700|35800|4025300|3300|0|89800|8804600
COIN_REQUEST_TIMING|1790510600654|false|true|4|1662900|8900|2705300|2800|0|275000|4652100
COIN_REQUEST_TIMING|1790510600647|false|true|4|2126900|20000|9837400|6735600|0|148200|12132500
COIN_REQUEST_TIMING|1790510600654|false|true|4|1509400|14600|3256200|3400|0|86200|4866400
COIN_REQUEST_TIMING|1790510600662|false|true|4|2300|354200|1903000|4500|0|218600|2478100
COIN_REQUEST_TIMING|1790510600654|false|true|4|4547000|26900|9440400|5400|0|1122500|15136800
COIN_REQUEST_TIMING|1790510600667|false|true|4|1723200|19500|12787300|89100|0|260500|14790500
COIN_REQUEST_TIMING|1790510600640|false|true|4|3839900|153900|38021800|25536300|0|269700|42285300
COIN_REQUEST_TIMING|1790510600679|false|true|4|3128300|19400|10908700|4200|0|199900|14256300
COIN_REQUEST_TIMING|1790510600667|false|true|4|1300|1165500|26946000|13569200|0|209500|28322300
COIN_REQUEST_TIMING|1790510600687|false|true|4|6799000|15100|10260400|3900|0|249500|17324000
COIN_REQUEST_TIMING|1790510600667|false|true|4|14650900|17000|22807900|11153900|0|219000|37694800
COIN_REQUEST_TIMING|1790510600688|false|true|4|7506800|13600|10165700|3600|0|204500|17890600
COIN_REQUEST_TIMING|1790510600695|false|true|4|9922200|17500|10315600|5500|0|221500|20476800
COIN_REQUEST_TIMING|1790510600706|false|true|4|1300|25800|10176700|4300|0|207100|10410900
COIN_REQUEST_TIMING|1790510600690|false|true|4|14607400|19200|19122100|10982800|0|147700|33896400
COIN_REQUEST_TIMING|1790510600723|false|true|4|2300|162900|10566200|3100|0|188500|10919900
COIN_REQUEST_TIMING|1790510600712|false|true|4|3464200|25900|23220000|11534100|0|240100|26950200
COIN_REQUEST_TIMING|1790510600739|false|true|4|1900|30400|8105200|3600|0|212800|8350300
COIN_REQUEST_TIMING|1790510600742|false|true|4|1800|37200|13127000|5820200|0|237100|13403100
COIN_REQUEST_TIMING|1790510600751|false|true|4|1600|59200|8966300|3559500|0|177700|9204800
COIN_REQUEST_TIMING|1790510600747|false|true|4|2000|84100|13669800|8925400|0|120800|13876700
COIN_REQUEST_TIMING|1790510600752|false|true|4|2995400|21200|15624200|5578500|0|151300|18792100
COIN_REQUEST_TIMING|1790510600768|false|true|4|1500|63300|5549800|6300|0|215900|5830500
COIN_REQUEST_TIMING|1790510600786|false|true|4|2100|61600|7117100|6000|0|227800|7408600
COIN_REQUEST_TIMING|1790510600786|false|true|4|800|31900|17219700|9470400|0|208700|17461100
COIN_REQUEST_TIMING|1790510600793|false|true|4|525000|24700|13158200|4142700|0|265600|13973500
COIN_REQUEST_TIMING|1790510600797|false|true|4|6560900|18300|8550100|4800|0|146600|15275900
COIN_REQUEST_TIMING|1790510600805|false|true|4|1897300|38800|10408700|2301800|0|220400|12565200
COIN_REQUEST_TIMING|1790510600811|false|true|4|1091200|23500|22535200|527900|0|224600|23874500
COIN_REQUEST_TIMING|1790510600814|false|true|4|3614300|15800|18410600|2222100|0|233900|22274600
COIN_REQUEST_TIMING|1790510600662|false|true|4|1500|118900|174370400|59273800|0|1044800|175535600
COIN_REQUEST_TIMING|1790510600821|false|true|4|13705700|19900|14949900|3000|0|225800|28901300
COIN_REQUEST_TIMING|1790510600827|false|true|4|23008700|16700|6111300|3800|0|187100|29323800
COIN_REQUEST_TIMING|1790510600777|false|true|4|1900|17600|94233000|65535700|0|247400|94499900
COIN_REQUEST_TIMING|1790510600842|false|true|4|30116100|17600|2658400|2300|0|212000|33004100
COIN_REQUEST_TIMING|1790510600846|false|true|4|29309200|13300|1702300|2200|0|279700|31304500
COIN_REQUEST_TIMING|1790510600846|false|true|4|31187700|13500|2002100|1400|0|177500|33380800
COIN_REQUEST_TIMING|1790510600822|false|true|4|16631400|18600|39986000|16801600|0|1921000|58557000
COIN_REQUEST_TIMING|1790510600827|false|true|4|29425200|26200|37253300|2500|0|1411700|68116400
COIN_REQUEST_TIMING|1790510600898|false|true|4|1500|125700|2918600|2800|0|236600|3282400
COIN_REQUEST_TIMING|1790510600824|false|true|4|13966700|24300|66253600|13744600|0|209900|80454500
COIN_REQUEST_TIMING|1790510600914|false|true|4|1000|21900|36990300|27063100|0|208400|37221600
COIN_REQUEST_TIMING|1790510600922|false|true|4|1600|173600|61978100|56747100|0|220400|62373700
COIN_REQUEST_TIMING|1790510600924|false|true|4|1000|90300|59795800|54038400|0|171700|60058800
COIN_REQUEST_TIMING|1790510600932|false|true|4|52427700|13200|3768900|4100|0|139800|56349600
COIN_REQUEST_TIMING|1790510600943|false|true|4|45952200|18900|7541200|15200|0|155600|53667900
COIN_REQUEST_TIMING|1790510600929|false|true|4|54750300|17200|15955800|11834600|0|239500|70962800
COIN_REQUEST_TIMING|1790510600951|false|true|4|49971800|20900|18225600|15123400|0|256900|68475200
COIN_REQUEST_TIMING|1790510600982|false|true|4|37017100|18300|2884000|5600|0|230000|40149400
COIN_REQUEST_TIMING|1790510600950|false|true|4|46107100|76300|48554600|33210000|0|241900|94979900
COIN_REQUEST_TIMING|1790510600926|false|true|4|24981500|11200|96439800|40739900|0|233700|121666200
COIN_REQUEST_TIMING|1790510600990|false|true|4|57724800|14200|10590700|6857400|0|178400|68508100
COIN_REQUEST_TIMING|1790510600991|false|true|4|68080900|17500|12976700|4197100|0|223800|81298900
COIN_REQUEST_TIMING|1790510600988|false|true|4|56897400|18100|33039000|11600|0|246300|90200800
COIN_REQUEST_TIMING|1790510600983|false|true|4|39131700|19300|84004000|42576300|0|231800|123386800
COIN_REQUEST_TIMING|1790510600995|false|true|4|111800100|23500|2372800|3200|0|234700|114431100
COIN_REQUEST_TIMING|1790510600998|false|true|4|110993100|26000|9651800|371100|0|225400|120896300
COIN_REQUEST_TIMING|1790510601018|false|true|4|100876100|21500|5197000|3000|0|257300|106351900
COIN_REQUEST_TIMING|1790510601027|false|true|4|97329700|20000|4241500|2000|0|204000|101795200
COIN_REQUEST_TIMING|1790510601029|false|true|4|100283800|16200|3501100|15000|0|224600|104025700
COIN_REQUEST_TIMING|1790510601029|false|true|4|103397700|25900|4329900|3700|0|216500|107970000
COIN_REQUEST_TIMING|1790510601031|false|true|4|106625000|15900|3567800|2600|0|225000|110433700
COIN_REQUEST_TIMING|1790510601045|false|true|4|96806400|19300|3433000|2200|0|278600|100537300
COIN_REQUEST_TIMING|1790510600994|false|true|4|84226700|20700|70595700|4900|0|312600|155155700
COIN_REQUEST_TIMING|1790510600991|false|true|4|80826400|25300|120412600|43919800|0|235400|201499700
COIN_REQUEST_TIMING|1790510601050|false|true|4|94778400|21400|47518500|8700|0|128600|142446900
COIN_REQUEST_TIMING|1790510601067|false|true|4|125882400|11800|7537500|10900|0|250700|133682400
COIN_REQUEST_TIMING|1790510601067|false|true|4|83084700|72500|55201700|50583800|0|210800|138569700
COIN_REQUEST_TIMING|1790510601067|false|true|4|133470900|19600|5409400|2900|0|281000|139180900
COIN_REQUEST_TIMING|1790510601068|false|true|4|138489000|38400|16949300|3700|0|1838100|157314800
COIN_REQUEST_TIMING|1790510601068|false|true|4|155402300|14300|1778500|1900|0|239900|157435000
COIN_REQUEST_TIMING|1790510601075|false|true|4|151204600|24600|3138100|4000|0|240800|154608100
COIN_REQUEST_TIMING|1790510601077|false|true|4|152389700|22800|5032300|2800|0|215100|157659900
COIN_REQUEST_TIMING|1790510601086|false|true|4|148872400|20200|2732700|2600|0|240500|151865800
COIN_REQUEST_TIMING|1790510601067|false|true|4|137864000|16500|32482200|14580500|0|222400|170585100
COIN_REQUEST_TIMING|1790510601088|false|true|4|149545800|28600|2140000|2000|0|222600|151937000
COIN_REQUEST_TIMING|1790510601091|false|true|4|146980000|19500|1850900|1900|0|121800|148972200
COIN_REQUEST_TIMING|1790510601095|false|true|4|144725500|12000|2260300|1800|0|269800|147267600
COIN_REQUEST_TIMING|1790510601095|false|true|4|145068700|19800|2551200|2400|0|129300|147769000
COIN_REQUEST_TIMING|1790510601103|false|true|4|140108400|7400|27367900|2200|0|188500|167672200
COIN_REQUEST_TIMING|1790510601097|false|true|4|145119600|12200|27330900|1700|0|1958000|174420700
COIN_REQUEST_TIMING|1790510601104|false|true|4|165778100|15900|5617600|2700|0|481100|171892700
COIN_REQUEST_TIMING|1790510600915|false|true|4|1100|34000|363484700|232511500|0|462400|363982200
COIN_REQUEST_TIMING|1790510601112|false|true|4|167058300|19900|3353800|8100|0|202700|170634700
COIN_REQUEST_TIMING|1790510601108|false|true|4|167775600|70300|6565600|3300|0|126800|174538300
COIN_REQUEST_TIMING|1790510601129|false|true|4|154508700|12200|2826600|2200|0|199100|157546600
COIN_REQUEST_TIMING|1790510601127|false|true|4|156253200|55400|3146900|2300|0|111300|159566800
COIN_REQUEST_TIMING|1790510601147|false|true|4|139359900|12600|4032800|1300|0|177900|143583200
COIN_REQUEST_TIMING|1790510601140|false|true|4|146340800|9300|4150000|2600|0|100000|150600100
COIN_REQUEST_TIMING|1790510601201|false|true|4|89812300|10800|3306800|1600|0|197000|93326900
COIN_REQUEST_TIMING|1790510601198|false|true|4|92821700|16400|3284300|1700|0|244900|96367300
COIN_REQUEST_TIMING|1790510601211|false|true|4|82803700|12000|2800000|2000|0|274100|85889800
COIN_REQUEST_TIMING|1790510601227|false|true|4|67529000|23100|2908000|1400|0|169100|70629200
COIN_REQUEST_TIMING|1790510601239|false|true|4|58432400|34800|4488900|1700|0|165800|63121900
COIN_REQUEST_TIMING|1790510601241|false|true|4|56037700|12600|5049800|2300|0|216600|61316700
COIN_REQUEST_TIMING|1790510601245|false|true|4|57449200|18500|4037500|2400|0|217900|61723100
COIN_REQUEST_TIMING|1790510601246|false|true|4|57013800|21700|3909700|1600|0|196200|61141400
COIN_REQUEST_TIMING|1790510601267|false|true|4|39245300|18200|4662600|2400|0|172200|44098300
COIN_REQUEST_TIMING|1790510601273|false|true|4|33767300|19300|4949000|2200|0|241000|38976600
COIN_REQUEST_TIMING|1790510601277|false|true|4|34026900|18700|3398700|2400|0|213900|37658200
COIN_REQUEST_TIMING|1790510601278|false|true|4|34148700|17600|2874900|1500|0|183000|37224200
COIN_REQUEST_TIMING|1790510601280|false|true|4|35311300|22100|2733300|2100|0|263900|38330600
COIN_REQUEST_TIMING|1790510601286|false|true|4|29165100|17100|2639500|1900|0|128000|31949700
COIN_REQUEST_TIMING|1790510601294|false|true|4|23970700|10500|3063300|2100|0|286800|27331300
COIN_REQUEST_TIMING|1790510601293|false|true|4|24772900|23500|3398000|1400|0|160800|28355200
COIN_REQUEST_TIMING|1790510601296|false|true|4|27429100|21700|2420300|2200|0|241200|30112300
COIN_REQUEST_TIMING|1790510601304|false|true|4|19715200|12100|2563000|1900|0|216800|22507100
COIN_REQUEST_TIMING|1790510601323|false|true|4|4153000|15500|11730400|3200|0|223900|16122800
COIN_REQUEST_TIMING|1790510601314|false|true|4|15983300|14800|9572400|1700|0|283500|25854000
COIN_REQUEST_TIMING|1790510601328|false|true|4|11937500|37900|9710600|3700|0|308700|21994700
COIN_REQUEST_TIMING|1790510601324|false|true|4|14429100|21900|15493200|4000|0|203100|30147300
COIN_REQUEST_TIMING|1790510601345|false|true|4|5153500|21600|8056200|3300|0|239100|13470400
COIN_REQUEST_TIMING|1790510601067|false|true|4|125845900|19700|228168300|3700|0|339000|354372900
COIN_REQUEST_TIMING|1790510601377|false|true|4|1900|31800|54519700|12836500|0|1271600|55825000
COIN_REQUEST_TIMING|1790510601394|false|true|4|38389800|39800|4360800|9000|0|255900|43046300
COIN_REQUEST_TIMING|1790510601106|false|true|4|163753700|12100|172854200|127400|0|201500|336821500
COIN_REQUEST_TIMING|1790510601384|false|true|4|37983200|35500|21730500|26600|0|575500|60324700
COIN_REQUEST_TIMING|1790510601408|false|true|4|28895400|17800|16888700|15800|0|165800|45967700
COIN_REQUEST_TIMING|1790510601371|false|true|4|1800|287000|98595300|30525100|0|162500|99046600
COIN_REQUEST_TIMING|1790510601436|false|true|4|34004200|17800|2087100|2700|0|194800|36303900
COIN_REQUEST_TIMING|1790510601437|false|true|4|35816100|17200|2691800|2500|0|213400|38738500
COIN_REQUEST_TIMING|1790510601444|false|true|4|32107400|17100|3232900|2000|0|190600|35548000
COIN_REQUEST_TIMING|1790510601445|false|true|4|33880800|17500|3286200|2000|0|266400|37450900
COIN_REQUEST_TIMING|1790510601446|false|true|4|36676000|22500|2974500|3100|0|231300|39904300
COIN_REQUEST_TIMING|1790510601446|false|true|4|39614800|22900|2518100|2300|0|264200|42420000
COIN_REQUEST_TIMING|1790510601448|false|true|4|40987700|17100|1992900|1900|0|208900|43206600
COIN_REQUEST_TIMING|1790510601455|false|true|4|35630200|20300|3487400|1700|0|215900|39353800
COIN_REQUEST_TIMING|1790510601457|false|true|4|38122800|24600|1937400|3300|0|132900|40217700
COIN_REQUEST_TIMING|1790510601457|false|true|4|39964300|16900|1881000|2000|0|214900|42077100
COIN_REQUEST_TIMING|1790510601463|false|true|4|36291600|18000|1830400|2600|0|196300|38336300
COIN_REQUEST_TIMING|1790510601463|false|true|4|38277900|16000|2130700|1000|0|171900|40596500
COIN_REQUEST_TIMING|1790510601467|false|true|4|36730800|18300|2140400|2000|0|213500|39103000
COIN_REQUEST_TIMING|1790510601467|false|true|4|39017400|17700|2292400|1900|0|937800|42265300
COIN_REQUEST_TIMING|1790510601467|false|true|4|41901900|19100|15113200|7332000|0|178100|57212300
COIN_REQUEST_TIMING|1790510601468|false|true|4|56821300|15800|6047300|763500|0|211900|63096300
COIN_REQUEST_TIMING|1790510601469|false|true|4|61214000|25100|7523500|3307700|0|171900|68934500
COIN_REQUEST_TIMING|1790510601472|false|true|4|66616600|17000|3026200|1900|0|209100|69868900
COIN_REQUEST_TIMING|1790510601496|false|true|4|46039600|13600|2857900|2200|0|211200|49122300
COIN_REQUEST_TIMING|1790510601499|false|true|4|45871400|23500|3323900|2400|0|173800|49392600
COIN_REQUEST_TIMING|1790510601505|false|true|4|43405300|18700|2505500|2100|0|196600|46126100
COIN_REQUEST_TIMING|1790510601416|false|true|4|27929700|20200|20723500|67200|0|94525100|143198500
COIN_REQUEST_TIMING|1790510601507|false|true|4|44477600|19100|41470000|2000|0|250300|86217000
COIN_REQUEST_TIMING|1790510601426|false|true|4|28096900|20900|143062100|34837300|0|180700|171360600
COIN_REQUEST_TIMING|1790510601542|false|true|4|55756100|19400|2337200|12700|0|226800|58339500
COIN_REQUEST_TIMING|1790510601543|false|true|4|57203300|16800|2715200|6100|0|178700|60114000
COIN_REQUEST_TIMING|1790510601529|false|true|4|63684100|19000|23081300|13848800|0|327400|87111800
COIN_REQUEST_TIMING|1790510601551|false|true|4|65633400|147500|3549100|10100|0|674800|70004800
COIN_REQUEST_TIMING|1790510601552|false|true|4|68357600|19200|11396700|845900|0|259900|80033400
COIN_REQUEST_TIMING|1790510601422|false|true|4|22457000|18300|197780600|76115300|0|255400|220511300
COIN_REQUEST_TIMING|1790510601558|false|true|4|84932100|37700|2268500|5200|0|158300|87396600
COIN_REQUEST_TIMING|1790510601561|false|true|4|84591400|21700|3642600|1900|0|180600|88436300
COIN_REQUEST_TIMING|1790510601554|false|true|4|78028700|60200|22607800|2700|0|1707400|102404100
COIN_REQUEST_TIMING|1790510601562|false|true|4|86642800|18100|17132100|2500|0|1399800|105192800
COIN_REQUEST_TIMING|1790510601563|false|true|4|103978800|18000|2458400|2300|0|221600|106676800
COIN_REQUEST_TIMING|1790510601565|false|true|4|104573700|18200|3295300|3500|0|213700|108100900
COIN_REQUEST_TIMING|1790510601562|false|true|4|94300200|17400|17992200|2008300|0|192200|112502000
COIN_REQUEST_TIMING|1790510601565|false|true|4|108162100|18600|5859900|3000|0|171900|114212500
COIN_REQUEST_TIMING|1790510601600|false|true|4|75191700|16300|5967200|2200|0|176100|81351300
COIN_REQUEST_TIMING|1790510601601|false|true|4|78405000|17400|5739400|2900|0|228800|84390600
COIN_REQUEST_TIMING|1790510601611|false|true|4|70247600|12900|5075800|1900|0|251400|75587700
COIN_REQUEST_TIMING|1790510601621|false|true|4|64754400|19200|6109000|1700|0|122600|71005200
COIN_REQUEST_TIMING|1790510601623|false|true|4|63727200|20300|5625100|2700|0|210600|69583200
COIN_REQUEST_TIMING|1790510601625|false|true|4|66966300|16200|5999900|2400|0|232300|73214700
COIN_REQUEST_TIMING|1790510601626|false|true|4|66154100|20200|6313800|2000|0|220500|72708600
COIN_REQUEST_TIMING|1790510601630|false|true|4|67530500|17300|9416100|2300|0|136700|77100600
COIN_REQUEST_TIMING|1790510601630|false|true|4|68718200|18200|8816200|3700|0|208900|77761500
COIN_REQUEST_TIMING|1790510601640|false|true|4|67855800|20200|3304000|2300|0|181500|71361500
COIN_REQUEST_TIMING|1790510601641|false|true|4|67721800|17200|4269500|1600|0|177900|72186400
COIN_REQUEST_TIMING|1790510601648|false|true|4|62831400|28800|5900800|2100|0|102700|68863700
COIN_REQUEST_TIMING|1790510601654|false|true|4|58517400|16500|5983100|2800|0|226200|64743200
COIN_REQUEST_TIMING|1790510601670|false|true|4|47108300|20500|6246600|1800|0|170800|53546200
COIN_REQUEST_TIMING|1790510601670|false|true|4|48777700|20500|13400000|1900|0|258400|62456600
COIN_REQUEST_TIMING|1790510601672|false|true|4|51432800|10200|9610800|1600|0|198700|61252500
COIN_REQUEST_TIMING|1790510601675|false|true|4|57930600|22000|11371500|2600|0|198300|69522400
COIN_REQUEST_TIMING|1790510601678|false|true|4|55540200|18600|11313600|4700|0|498600|67371000
COIN_REQUEST_TIMING|1790510601703|false|true|4|42476200|87600|8309700|831000|0|209500|51083000
COIN_REQUEST_TIMING|1790510601694|false|true|4|49978100|17700|10933800|1424900|0|203500|61133100
COIN_REQUEST_TIMING|1790510601707|false|true|4|47230900|29100|11989700|2900|0|252700|59502400
COIN_REQUEST_TIMING|1790510601719|false|true|4|36346700|15500|11422200|42000|0|198100|47982500
COIN_REQUEST_TIMING|1790510601731|false|true|4|35893300|16700|8208500|3400|0|204000|44322500
COIN_REQUEST_TIMING|1790510601723|false|true|4|43056700|18700|9841000|2600|0|223200|53139600
COIN_REQUEST_TIMING|1790510601744|false|true|4|31910200|19700|11253600|2900|0|215200|43398700
COIN_REQUEST_TIMING|1790510601752|false|true|4|24961000|32700|11227700|2500|0|189900|36411300
COIN_REQUEST_TIMING|1790510601755|false|true|4|31896800|20200|8888100|1900|0|215400|41020500
COIN_REQUEST_TIMING|1790510601764|false|true|4|24553400|17200|20210700|3100|0|362300|45143600
COIN_REQUEST_TIMING|1790510601785|false|true|4|24020400|19500|3023900|2100|0|196200|27260000
COIN_REQUEST_TIMING|1790510601792|false|true|4|20080600|22100|2243200|3200|0|237100|22583000
COIN_REQUEST_TIMING|1790510601794|false|true|4|20135600|11100|3180200|2200|0|211700|23538600
COIN_REQUEST_TIMING|1790510601797|false|true|4|20666100|55300|3102200|2500|0|194500|24018100
COIN_REQUEST_TIMING|1790510601804|false|true|4|17423300|17600|5446900|2200|0|222700|23110500
COIN_REQUEST_TIMING|1790510601547|false|true|4|55686400|11500|229404700|3700|0|193600|285296200
COIN_REQUEST_TIMING|1790510601821|false|true|4|12532200|17200|9956600|7382900|0|188400|22694400
COIN_REQUEST_TIMING|1790510601832|false|true|4|11260800|17400|4242100|8200|0|203300|15723600
COIN_REQUEST_TIMING|1790510601833|false|true|4|14946500|10200|3205100|3600|0|256400|18418200
COIN_REQUEST_TIMING|1790510601833|false|true|4|18371300|10600|4322400|3900|0|283300|22987600
COIN_REQUEST_TIMING|1790510601804|false|true|4|25555200|15500|31168800|27317600|0|188700|56928200
COIN_REQUEST_TIMING|1790510601835|false|true|4|26442900|9000|9196300|5500|0|2654800|38303000
COIN_REQUEST_TIMING|1790510601836|false|true|4|37280600|13800|2146600|4100|0|181200|39622200
COIN_REQUEST_TIMING|1790510601866|false|true|4|9651300|12100|1858500|4600|0|211400|11733300
COIN_REQUEST_TIMING|1790510601834|false|true|4|21489600|21600|24515800|2073300|0|1065800|47092800
COIN_REQUEST_TIMING|1790510601888|false|true|4|1700|295900|2165800|4100|0|87900|2551300
COIN_REQUEST_TIMING|1790510601893|false|true|4|2200|271900|2673400|6200|0|262000|3209500
COIN_REQUEST_TIMING|1790510601781|false|true|4|15818200|18600|155460700|23400|0|118300|171415800
COIN_REQUEST_TIMING|1790510601902|false|true|4|50161200|17900|3833200|2000|0|224800|54237100
COIN_REQUEST_TIMING|1790510601907|false|true|4|48862900|243000|2114000|2800|0|332500|51552400
COIN_REQUEST_TIMING|1790510601913|false|true|4|45966000|26000|2557000|2600|0|193600|48742600
COIN_REQUEST_TIMING|1790510601913|false|true|4|48794000|15900|2054000|1500|0|178100|51042000
COIN_REQUEST_TIMING|1790510601926|false|true|4|37927100|20900|2080400|3100|0|238400|40266800
COIN_REQUEST_TIMING|1790510601937|false|true|4|29142300|18800|2809000|4700|0|204900|32175000
COIN_REQUEST_TIMING|1790510601938|false|true|4|31303400|14000|1822900|2500|0|204800|33345100
COIN_REQUEST_TIMING|1790510601946|false|true|4|26040000|19300|2857400|1300|0|235900|29152600
COIN_REQUEST_TIMING|1790510601948|false|true|4|26972300|23600|2602000|2600|0|317300|29915200
COIN_REQUEST_TIMING|1790510601955|false|true|4|22495800|27600|2360700|2700|0|284500|25168600
COIN_REQUEST_TIMING|1790510601956|false|true|4|24501200|23100|3470800|2800|0|206600|28201700
COIN_REQUEST_TIMING|1790510601957|false|true|4|27518300|27100|2306500|2100|0|211800|30063700
COIN_REQUEST_TIMING|1790510601974|false|true|4|13371900|15400|3217200|1700|0|247800|16852300
COIN_REQUEST_TIMING|1790510601989|false|true|4|1825400|20200|3562800|2500|0|231000|5639400
COIN_REQUEST_TIMING|1790510601991|false|true|4|2977400|22500|3018200|2400|0|1810400|7828500
COIN_REQUEST_TIMING|1790510601993|false|true|4|5659800|14100|2836100|1900|0|239400|8749400
COIN_REQUEST_TIMING|1790510601900|false|true|4|1500|46000|104683300|12500|0|828200|105559000
COIN_REQUEST_TIMING|1790510601515|false|true|4|44054400|13100|446665700|154812500|0|213600|490946800
COIN_REQUEST_TIMING|1790510602003|false|true|4|1400|92600|20711200|3900|0|1158400|21963600
COIN_REQUEST_TIMING|1790510602025|false|true|4|1200|858000|14338900|10336600|0|220400|15418500
COIN_REQUEST_TIMING|1790510602035|false|true|4|5278200|15700|32232000|8000|0|132100|37658000
COIN_REQUEST_TIMING|1790510602040|false|true|4|32924500|14500|4067400|2600|0|232500|37238900
COIN_REQUEST_TIMING|1790510602052|false|true|4|25357000|23100|2842300|2500|0|237200|28459600
COIN_REQUEST_TIMING|1790510602054|false|true|4|26498400|15600|2881400|2400|0|207000|29602400
COIN_REQUEST_TIMING|1790510602058|false|true|4|25731700|17900|3965500|1600|0|177400|29892500
COIN_REQUEST_TIMING|1790510602063|false|true|4|24253400|18400|3401200|1900|0|150000|27823000
COIN_REQUEST_TIMING|1790510602064|false|true|4|26746400|21100|4244400|2800|0|233000|31244900
COIN_REQUEST_TIMING|1790510602070|false|true|4|25922300|16700|3345100|2700|0|210500|29494600
COIN_REQUEST_TIMING|1790510602073|false|true|4|26764700|19300|3317300|2200|0|141500|30242800
COIN_REQUEST_TIMING|1790510602073|false|true|4|30019200|19900|4323100|3200|0|175200|34537400
COIN_REQUEST_TIMING|1790510602029|false|true|4|1400|59700|77686300|15600|0|238100|77985500
COIN_REQUEST_TIMING|1790510601887|false|true|4|1700|58900|221500000|5400|0|93400|221654000
COIN_REQUEST_TIMING|1790510602080|false|true|4|27144300|14200|5968100|3000|0|151300|33277900
COIN_REQUEST_TIMING|1790510602096|false|true|4|17462900|17700|3172800|7600|0|238400|20891800
COIN_REQUEST_TIMING|1790510602102|false|true|4|15069800|17100|2774400|4100|0|244200|18105500
COIN_REQUEST_TIMING|1790510602030|false|true|4|700|644100|93142100|5500|0|145200|93932100
COIN_REQUEST_TIMING|1790510602106|false|true|4|14582200|25300|20444000|5097500|0|276500|35328000
COIN_REQUEST_TIMING|1790510602080|false|true|4|26949000|21800|38770500|16112400|0|135800|65877100
COIN_REQUEST_TIMING|1790510602093|false|true|4|16100600|69500|39814500|32849300|0|252000|56236600
COIN_REQUEST_TIMING|1790510602111|false|true|4|35970500|18400|13861700|4635000|0|263200|50113800
COIN_REQUEST_TIMING|1790510602116|false|true|4|33027400|23200|12036400|4000|0|161700|45248700
COIN_REQUEST_TIMING|1790510602122|false|true|4|39342800|15500|20394000|344100|0|208200|59960500
COIN_REQUEST_TIMING|1790510602122|false|true|4|39031800|26600|21081900|467900|0|157100|60297400
COIN_REQUEST_TIMING|1790510602110|false|true|4|30777200|21700|44477300|15946000|0|145000|75421200
COIN_REQUEST_TIMING|1790510602145|false|true|4|37317300|9700|3598100|2600|0|86600|41011700
COIN_REQUEST_TIMING|1790510602158|false|true|4|24253000|21300|3324200|10000|0|645500|28244000
COIN_REQUEST_TIMING|1790510602163|false|true|4|22825000|21100|1823600|5600|0|269500|24939200
COIN_REQUEST_TIMING|1790510602188|false|true|4|2300|39300|1743700|8500|0|250900|2036200
COIN_REQUEST_TIMING|1790510602197|false|true|4|1500|117000|42605000|4912600|0|149200|42872700
COIN_REQUEST_TIMING|1790510602213|false|true|4|1800|159700|26891800|2600|0|92200|27145500
COIN_REQUEST_TIMING|1790510602205|false|true|4|2400|151400|38420900|2800|0|203800|38778500
COIN_REQUEST_TIMING|1790510602219|false|true|4|21580300|17900|4699400|2900|0|127000|26424600
COIN_REQUEST_TIMING|1790510602222|false|true|4|18330500|12300|4811400|111100|0|78500|23232700
COIN_REQUEST_TIMING|1790510602250|false|true|4|1700|782700|7211600|16400|0|184100|8180100
COIN_REQUEST_TIMING|1790510602249|false|true|4|1800|2121100|7975400|3500|0|391700|10490000
COIN_REQUEST_TIMING|1790510602253|false|true|4|1400|278200|10993900|2944900|0|233300|11506800
COIN_REQUEST_TIMING|1790510602253|false|true|4|5050800|14900|8076700|2300|0|190800|13333200
COIN_REQUEST_TIMING|1790510602258|false|true|4|1180200|21900|8981200|1900|0|200500|10383800
COIN_REQUEST_TIMING|1790510602274|false|true|4|1700|18600|3718800|24500|0|213100|3952200
COIN_REQUEST_TIMING|1790510602280|false|true|4|1800|71400|4736600|3200|0|209700|5019500
COIN_REQUEST_TIMING|1790510602282|false|true|4|1000|32500|2971800|2900|0|103300|3108600
COIN_REQUEST_TIMING|1790510602282|false|true|4|1100|75100|3749700|1700|0|123800|3949700
COIN_REQUEST_TIMING|1790510602283|false|true|4|2131100|476600|4675500|766700|0|108100|7391300
COIN_REQUEST_TIMING|1790510602292|false|true|4|400|96000|2396600|1100|0|129500|2622500
COIN_REQUEST_TIMING|1790510602292|false|true|4|1400|151700|2322900|1900|0|266300|2742300
COIN_REQUEST_TIMING|1790510602292|false|true|4|1400|102400|3631000|2100|0|191100|3925900
COIN_REQUEST_TIMING|1790510602293|false|true|4|1143800|25000|2547800|2000|0|272400|3989000
COIN_REQUEST_TIMING|1790510602303|false|true|4|1800|34500|5061800|2800|0|233300|5331400
COIN_REQUEST_TIMING|1790510602313|false|true|4|2000|56800|2801500|16500|0|154900|3015200
COIN_REQUEST_TIMING|1790510602110|false|true|4|13663400|14800|194611500|108770000|0|419300|208709000
COIN_REQUEST_TIMING|1790510602317|false|true|4|1600|70200|2612500|2500|0|202600|2886900
COIN_REQUEST_TIMING|1790510602317|false|true|4|1600|55100|2825500|1800|0|139000|3021200
COIN_REQUEST_TIMING|1790510602321|false|true|4|1600|31300|2156600|3300|0|197500|2387000
COIN_REQUEST_TIMING|1790510602332|false|true|4|1600|71000|7321700|2500|0|190300|7584600
COIN_REQUEST_TIMING|1790510602336|false|true|4|1100|51600|5803900|793100|0|126200|5982800
COIN_REQUEST_TIMING|1790510602350|false|true|4|2600|68700|3874200|3500|0|175100|4120600
COIN_REQUEST_TIMING|1790510602355|false|true|4|1400|89200|2692500|4500|0|217700|3000800
COIN_REQUEST_TIMING|1790510602335|false|true|4|1300|345200|23017700|1800|0|121500|23485700
COIN_REQUEST_TIMING|1790510602383|false|true|4|1000|397600|2025500|1700|0|212800|2636900
COIN_REQUEST_TIMING|1790510602379|false|true|4|2600|277800|8101100|2707600|0|220100|8601600
COIN_REQUEST_TIMING|1790510602396|false|true|4|1300|135200|5259900|2627400|0|197800|5594200
COIN_REQUEST_TIMING|1790510602388|false|true|4|5900|765100|21413600|2700|0|194900|22379500
COIN_REQUEST_TIMING|1790510602407|false|true|4|1900|68000|6299500|1140300|0|197000|6566400
COIN_REQUEST_TIMING|1790510602420|false|true|4|1400|48000|1973500|2100|0|228400|2251300
COIN_REQUEST_TIMING|1790510602412|false|true|4|1100|105800|10423500|7997600|0|131500|10661900
COIN_REQUEST_TIMING|1790510602401|false|true|4|1400|326300|22830400|15567700|0|181100|23339200
COIN_REQUEST_TIMING|1790510602427|false|true|4|2000|52100|3115800|2200|0|113200|3283100
COIN_REQUEST_TIMING|1790510602409|false|true|4|1600|371800|24687200|2430700|0|290300|25350900
COIN_REQUEST_TIMING|1790510602432|false|true|4|1700|118300|3029900|3800|0|189300|3339200
COIN_REQUEST_TIMING|1790510602432|false|true|4|600|85300|3145400|2400|0|139500|3370800
COIN_REQUEST_TIMING|1790510602439|false|true|4|1300|320000|5142200|3100|0|262600|5726100
COIN_REQUEST_TIMING|1790510602444|false|true|4|1900|77100|6011100|1700|0|226700|6316800
COIN_REQUEST_TIMING|1790510602457|false|true|4|1400|514000|4504200|2900|0|210500|5230100
COIN_REQUEST_TIMING|1790510602460|false|true|4|1500|98200|4638200|3200|0|130300|4868200
COIN_REQUEST_TIMING|1790510602461|false|true|4|1300|73400|5493600|2026600|0|209300|5777600
COIN_REQUEST_TIMING|1790510602466|false|true|4|1900|301600|2497000|2000|0|219000|3019500
COIN_REQUEST_TIMING|1790510602482|false|true|4|1800|58300|5498100|3800|0|206500|5764700
COIN_REQUEST_TIMING|1790510602482|false|true|4|2000|116800|4987700|2600|0|150800|5257300
COIN_REQUEST_TIMING|1790510602484|false|true|4|1700|108300|4028300|3000|0|190000|4328300
COIN_REQUEST_TIMING|1790510602487|false|true|4|900|16100|2492900|2100|0|225500|2735400
COIN_REQUEST_TIMING|1790510602491|false|true|4|1700|32000|2461300|2300|0|218400|2713400
COIN_REQUEST_TIMING|1790510602496|false|true|4|1400|4012800|5225200|3100|0|228000|9467400
COIN_REQUEST_TIMING|1790510602499|false|true|4|1100|1107000|5560700|2600|0|252800|6921600
COIN_REQUEST_TIMING|1790510602516|false|true|4|1000|60000|2270900|2800|0|216800|2548700
COIN_REQUEST_TIMING|1790510602516|false|true|4|1500|102000|2935200|1700|0|127300|3166000
COIN_REQUEST_TIMING|1790510602519|false|true|4|1100|97200|2715300|2600|0|285800|3099400
COIN_REQUEST_TIMING|1790510602521|false|true|4|1200|99700|3576100|1700|0|212500|3889500
COIN_REQUEST_TIMING|1790510602535|false|true|4|3600|29900|1932300|2600|0|188600|2154400
COIN_REQUEST_TIMING|1790510602537|false|true|4|1500|32100|1840800|1900|0|179900|2054300
COIN_REQUEST_TIMING|1790510602549|false|true|4|1100|46700|1753800|2600|0|205300|2006900
COIN_REQUEST_TIMING|1790510602563|false|true|4|5900|25400|1821100|2500|0|199000|2051400
