COIN_REQUEST_TIMING|1790510657647|false|true|4|28200|6685600|156026500|696300|1534100|5433300|168173600
COIN_REQUEST_TIMING|1790510657647|false|true|4|27800|13680700|160236200|19740500|80302400|876300|174821000
COIN_REQUEST_TIMING|1790510657652|false|true|4|171062500|254800|40917700|54300|389300|1210500|213445500
COIN_REQUEST_TIMING|1790510657650|false|true|4|4400|26793600|194908700|142562500|205000|5544400|227251100
COIN_REQUEST_TIMING|1790510657650|false|true|4|3100|11963900|230237500|143781700|9543200|4108100|246312600
COIN_REQUEST_TIMING|1790510657654|false|true|4|221809900|102300|27282600|74600|389200|11782500|260977300
COIN_REQUEST_TIMING|1790510657652|false|true|4|163809800|73500|105614800|41971300|14060400|805100|270303200
COIN_REQUEST_TIMING|1790510657656|false|true|4|237536900|729200|35939600|8297800|4455300|807600|275013300
COIN_REQUEST_TIMING|1790510657657|false|true|4|265701000|49800|16977200|39300|277000|664200|283392200
COIN_REQUEST_TIMING|1790510657656|false|true|4|246799500|52600|47506500|19629000|9345700|677600|295036200
COIN_REQUEST_TIMING|1790510657657|false|true|4|274640200|53400|28737300|78500|3251100|665300|304096200
COIN_REQUEST_TIMING|1790510657657|false|true|4|283071000|49000|26707600|38400|11460700|676000|310503600
COIN_REQUEST_TIMING|1790510657657|false|true|4|294197400|46600|31688800|43500|6181900|679200|326612000
COIN_REQUEST_TIMING|1790510657653|false|true|4|212125900|127300|130125000|27487800|16046300|4411500|346789700
COIN_REQUEST_TIMING|1790510657658|false|true|4|303323000|50900|45416200|38000|16525300|901900|349692000
COIN_REQUEST_TIMING|1790510657658|false|true|4|310043200|72200|48018800|44800|18773100|2177200|360311400
COIN_REQUEST_TIMING|1790510657658|false|true|4|325796700|48600|47316900|42400|24289500|680000|373842200
COIN_REQUEST_TIMING|1790510657659|false|true|4|340833900|64500|40259500|50500|20803400|625600|381783500
COIN_REQUEST_TIMING|1790510657660|false|true|4|347215900|52100|50244500|36200|17137300|645800|398158300
COIN_REQUEST_TIMING|1790510657668|false|true|4|351027800|66700|55088700|40700|23242900|1244700|407427900
COIN_REQUEST_TIMING|1790510657668|false|true|4|363698900|122300|52382400|80900|21779100|678700|416882300
COIN_REQUEST_TIMING|1790510657668|false|true|4|373016000|44000|58887600|37900|19202100|775200|432722800
COIN_REQUEST_TIMING|1790510657668|false|true|4|389717100|71800|46028100|45400|18181900|706700|436523700
COIN_REQUEST_TIMING|1790510657669|false|true|4|405313400|420700|35293300|52600|15501500|2987700|444015100
COIN_REQUEST_TIMING|1790510657672|false|true|4|413522200|58600|29518100|44900|15660500|561700|443660600
COIN_REQUEST_TIMING|1790510657673|false|true|4|427408300|77400|19630200|44600|8776100|724400|447840300
COIN_REQUEST_TIMING|1790510657673|false|true|4|431709600|77100|18980100|50100|7845900|901500|451668300
COIN_REQUEST_TIMING|1790510657674|false|true|4|439171100|97700|16223800|44600|4513400|568000|456060600
COIN_REQUEST_TIMING|1790510657676|false|true|4|439103200|51900|20681700|51500|7100400|7391700|467228500
COIN_REQUEST_TIMING|1790510657676|false|true|4|444529900|80800|28184000|43200|8855300|650600|473445300
COIN_REQUEST_TIMING|1790510657676|false|true|4|447939100|104000|41264400|67900|15574300|655000|489962500
COIN_REQUEST_TIMING|1790510657676|false|true|4|452992000|65400|44836100|44500|23605600|552900|498446400
COIN_REQUEST_TIMING|1790510657677|false|true|4|464707200|78400|50657400|49500|6191800|2868000|518311000
COIN_REQUEST_TIMING|1790510657677|false|true|4|472443000|53900|51714700|46200|22444100|804400|525016000
COIN_REQUEST_TIMING|1790510657677|false|true|4|489490200|54100|39329000|45100|22816900|613300|529486600
COIN_REQUEST_TIMING|1790510657677|false|true|4|497986200|54200|35277000|51600|24877500|549600|533867000
COIN_REQUEST_TIMING|1790510657680|false|true|4|513419400|96500|23649100|77100|7181900|737000|537902000
COIN_REQUEST_TIMING|1790510657686|false|true|4|525260600|107700|29758700|74600|12534400|774000|555901000
COIN_REQUEST_TIMING|1790510657682|false|true|4|519508100|56100|39916700|46000|8205200|467200|559948100
COIN_REQUEST_TIMING|1790510657684|false|true|4|521749200|59500|30727200|41100|9139800|18321500|570857400
COIN_REQUEST_TIMING|1790510657688|false|true|4|553213500|159900|44001300|44000|435000|10360500|607735200
COIN_REQUEST_TIMING|1790510657689|false|true|4|552838400|358300|50658200|1898100|25234100|4181800|608036700
COIN_REQUEST_TIMING|1790510657687|false|true|4|530704400|50100|88302000|6143000|35483900|465600|619522100
COIN_REQUEST_TIMING|1790510657691|false|true|4|605244700|40800|21425300|5456100|2456000|563500|627274300
COIN_REQUEST_TIMING|1790510657691|false|true|4|606471900|336300|21499000|9584800|1330500|526000|628833200
COIN_REQUEST_TIMING|1790510657690|false|true|4|564601600|49200|72400200|50300|22560600|1948900|638999900
COIN_REQUEST_TIMING|1790510657692|false|true|4|625361700|99100|25854600|43400|210300|1127700|652443100
COIN_REQUEST_TIMING|1790510657694|false|true|4|625121700|62800|41428800|38200|14999700|746500|667359800
COIN_REQUEST_TIMING|1790510657692|false|true|4|614669000|52600|58139800|506300|29063300|528200|673389600
COIN_REQUEST_TIMING|1790510657694|false|true|4|633835900|60100|55817600|68200|5042900|951500|690665100
COIN_REQUEST_TIMING|1790510657695|false|true|4|649788300|53800|52613700|52100|20955600|561100|703016900
COIN_REQUEST_TIMING|1790510657697|false|true|4|665227500|50200|72709900|40200|62338400|384600|738372200
COIN_REQUEST_TIMING|1790510657697|false|true|4|668728400|50800|95285700|44200|77421700|508900|764573800
COIN_REQUEST_TIMING|1790510657699|false|true|4|686263500|4019900|105748500|1924200|64122400|529400|796561300
COIN_REQUEST_TIMING|1790510657701|false|true|4|697266800|72800|137393300|50800|112024600|525000|835257900
COIN_REQUEST_TIMING|1790510657703|false|true|4|732333000|32100|128196000|11440000|89249700|1915600|862476700
COIN_REQUEST_TIMING|1790510657708|false|true|4|787216300|41300|78597100|14731600|54176200|543100|866397800
COIN_REQUEST_TIMING|1790510657709|false|true|4|827292000|42600|69084000|77100|9963900|9207400|905626000
COIN_REQUEST_TIMING|1790510657712|false|true|4|863326700|56000|35634900|46000|93300|5685000|904702600
COIN_REQUEST_TIMING|1790510657707|false|true|4|754825900|30200|145697600|8409800|83086500|10032400|910586100
COIN_REQUEST_TIMING|1790510657712|false|true|4|853438700|274200|63479100|102300|177900|467800|917659800
COIN_REQUEST_TIMING|1790510657714|false|true|4|902891000|31300|37130200|1792400|700400|569000|940621500
COIN_REQUEST_TIMING|1790510657712|false|true|4|903892000|471300|55948300|27700|22842400|513700|960825300
COIN_REQUEST_TIMING|1790510657714|false|true|4|894673200|375500|115152700|6442800|83186600|461900|1010663300
COIN_REQUEST_TIMING|1790510657715|false|true|4|914037100|55200|114416400|3868700|66960500|484900|1028993600
COIN_REQUEST_TIMING|1790510657716|false|true|4|938453600|49500|105751200|51100|83721000|532300|1044786600
COIN_REQUEST_TIMING|1790510657716|false|true|4|956083000|50400|111857200|640400|96928500|599700|1068590300
COIN_REQUEST_TIMING|1790510657718|false|true|4|1006750200|78200|82845000|2226000|55657800|452500|1090125900
COIN_REQUEST_TIMING|1790510657718|false|true|4|1025982400|81000|86556500|54200|63971100|516300|1113136200
COIN_REQUEST_TIMING|1790510657719|false|true|4|1041681200|55100|94749600|19100|74185800|530100|1137016000
COIN_REQUEST_TIMING|1790510657722|false|true|4|1062341700|90300|86885200|18500|61553300|504600|1149821800
COIN_REQUEST_TIMING|1790510657725|false|true|4|1083756000|311000|67016800|21107800|29002700|453800|1151537600
COIN_REQUEST_TIMING|1790510657726|false|true|4|1105321300|37100|51774400|9372500|15827000|566100|1157698900
COIN_REQUEST_TIMING|1790510657726|false|true|4|1130004800|47700|31654500|17500|10655900|458500|1162165500
COIN_REQUEST_TIMING|1790510657726|false|true|4|1146200600|54900|18264900|15900|9569800|452800|1164973200
COIN_REQUEST_TIMING|1790510657727|false|true|4|1149763800|72700|23934600|19700|5742500|395700|1174166800
COIN_REQUEST_TIMING|1790510657727|false|true|4|1157216800|39700|25790400|15200|11340300|424300|1183471200
COIN_REQUEST_TIMING|1790510657728|false|true|4|1160665600|36400|25835000|13900|13671300|461200|1186998200
COIN_REQUEST_TIMING|1790510657728|false|true|4|1163338800|49700|26457900|15000|14448400|459400|1190305800
COIN_REQUEST_TIMING|1790510657728|false|true|4|1172632100|39400|21764700|13800|12695200|407700|1194843900
COIN_REQUEST_TIMING|1790510657729|false|true|4|1181430700|103400|17640900|17400|6855600|494500|1199669500
COIN_REQUEST_TIMING|1790510657729|false|true|4|1185842600|48600|23395100|20800|8109800|482500|1209768800
COIN_REQUEST_TIMING|1790510657730|false|true|4|1188673700|66400|25016100|19300|14156100|439700|1214195900
COIN_REQUEST_TIMING|1790510657730|false|true|4|1192772300|48300|25531600|16300|10193700|782000|1219134200
COIN_REQUEST_TIMING|1790510657730|false|true|4|1198414600|43000|23854100|17300|6492900|486600|1222798300
COIN_REQUEST_TIMING|1790510657731|false|true|4|1208396100|40700|17477100|30300|6298600|429900|1226343800
COIN_REQUEST_TIMING|1790510657731|false|true|4|1212872200|58300|17382700|140100|5607800|446100|1230759300
COIN_REQUEST_TIMING|1790510657733|false|true|4|1220064700|61800|18311900|833700|1481900|464000|1238902400
COIN_REQUEST_TIMING|1790510657733|false|true|4|1223953600|50800|20017100|11000|4969600|1245500|1245267000
COIN_REQUEST_TIMING|1790510657734|false|true|4|1228272300|43300|18287600|12400|7272200|459900|1247063100
COIN_REQUEST_TIMING|1790510657734|false|true|4|1237648200|586000|16377900|30800|3573900|434900|1255047000
COIN_REQUEST_TIMING|1790510657735|false|true|4|1243856800|51700|15504900|3742600|71000|688700|1260102100
COIN_REQUEST_TIMING|1790510657735|false|true|4|1245737900|50800|16665800|14900|3191300|427800|1262882300
COIN_REQUEST_TIMING|1790510657737|false|true|4|1251396900|69200|21340800|10600|3868000|458000|1273264900
COIN_REQUEST_TIMING|1790510657738|false|true|4|1256678900|37800|19677000|15200|10290400|451800|1276845500
COIN_REQUEST_TIMING|1790510657740|false|true|4|1270152400|47800|56540200|16200|166300|422400|1327162800
COIN_REQUEST_TIMING|1790510657739|false|true|4|1259462900|41500|78304100|15900|44150600|446600|1338255100
COIN_REQUEST_TIMING|1790510657740|false|true|4|1274774200|42800|66539400|484300|35037700|393300|1341749700
COIN_REQUEST_TIMING|1790510657741|false|true|4|1336172200|52500|14390900|4675200|82000|557600|1351173200
COIN_REQUEST_TIMING|1790510657732|false|true|4|1217179900|47000|147193400|4875900|766000|479900|1364900200
COIN_REQUEST_TIMING|1790510657742|false|true|4|1349968400|49300|10302600|14400|130100|431000|1360751300
COIN_REQUEST_TIMING|1790510657741|false|true|4|1326691800|33700|36369100|40500|9410900|531700|1363626300
COIN_REQUEST_TIMING|1790510657741|false|true|4|1340425500|44100|26183400|7188900|290600|483300|1367136300
COIN_REQUEST_TIMING|1790510657743|false|true|4|1354305500|40700|15434800|12600|2439900|428100|1370209100
COIN_REQUEST_TIMING|1790510657743|false|true|4|1360110100|47400|14263400|18600|2787200|2346300|1376767200
COIN_REQUEST_TIMING|1790510657743|false|true|4|1361147400|67600|15928800|17200|6493800|478300|1377622100
COIN_REQUEST_TIMING|1790510657744|false|true|4|1364565800|50500|14444700|11600|6596500|476400|1379537400
COIN_REQUEST_TIMING|1790510657744|false|true|4|1368502500|65200|14648100|12300|4780700|435200|1383651000
COIN_REQUEST_TIMING|1790510657744|false|true|4|1375050900|260700|16102500|11900|410100|2400000|1393814100
COIN_REQUEST_TIMING|1790510657746|false|true|4|1378026100|38400|23877300|12000|3701100|466400|1402408200
COIN_REQUEST_TIMING|1790510657746|false|true|4|1374857600|171200|31210500|10900|15480600|417600|1406656900
COIN_REQUEST_TIMING|1790510657746|false|true|4|1382107900|47200|27317600|15000|18563200|441100|1409913800
COIN_REQUEST_TIMING|1790510657747|false|true|4|1401585100|31200|30961700|419300|129600|425200|1433003200
COIN_REQUEST_TIMING|1790510657747|false|true|4|1408991200|31600|27876000|14796600|2569200|524000|1437422800
COIN_REQUEST_TIMING|1790510657746|false|true|4|1390176500|54700|58697100|20046500|158000|467400|1449395700
COIN_REQUEST_TIMING|1790510657747|false|true|4|1405498400|32700|58609000|21215100|322200|1398000|1465538100
COIN_REQUEST_TIMING|1790510657747|false|true|4|1432146000|46000|36049500|5377200|8678900|430600|1468672100
COIN_REQUEST_TIMING|1790510657748|false|true|4|1436286300|40800|36816000|17100|13327300|424700|1473567800
COIN_REQUEST_TIMING|1790510657748|false|true|4|1446810600|51200|30937100|13000|16594200|401300|1478200200
COIN_REQUEST_TIMING|1790510657750|false|true|4|1471974500|35500|11747400|10800|183200|455800|1484213200
COIN_REQUEST_TIMING|1790510657750|false|true|4|1462507100|55200|70197600|12936100|1237000|9773100|1542533000
COIN_REQUEST_TIMING|1790510657750|false|true|4|1476350300|40800|128353300|194400|115123400|427200|1605171600
COIN_REQUEST_TIMING|1790510657751|false|true|4|1540883200|30600|74642700|26400|66261100|426100|1615982600
COIN_REQUEST_TIMING|1790510657750|false|true|4|1466657500|188400|159859300|56200|72847100|442700|1627147900
COIN_REQUEST_TIMING|1790510657751|false|true|4|1483587600|44400|145113200|23884900|70501500|413100|1629158300
COIN_REQUEST_TIMING|1790510657752|false|true|4|1615469800|27400|17481800|11900|7360400|406800|1633385800
COIN_REQUEST_TIMING|1790510657753|false|true|4|1624146200|46000|13617300|14500|120700|1247000|1639056500
COIN_REQUEST_TIMING|1790510657753|false|true|4|1626868500|39700|15688000|9400|2376500|471100|1643067300
COIN_REQUEST_TIMING|1790510657753|false|true|4|1632391500|38500|14409000|12300|3484700|423000|1647262000
COIN_REQUEST_TIMING|1790510657751|false|true|4|1603721600|59600|47772200|11700|4819600|363400|1651916800
COIN_REQUEST_TIMING|1790510657754|false|true|4|1637596500|45000|14824100|13300|2330800|380800|1652846400
COIN_REQUEST_TIMING|1790510657754|false|true|4|1641890000|32600|14011200|13200|3566700|417500|1656351300
COIN_REQUEST_TIMING|1790510657756|false|true|4|1644829500|39200|14186100|10600|5299600|414200|1659469000
COIN_REQUEST_TIMING|1790510657756|false|true|4|1647787700|35100|16527600|11500|6360600|457000|1664807400
COIN_REQUEST_TIMING|1790510657756|false|true|4|1650923100|33100|16960000|13700|2542100|402400|1668318600
COIN_REQUEST_TIMING|1790510657756|false|true|4|1654801300|53700|16820200|11600|3548600|407600|1672082800
COIN_REQUEST_TIMING|1790510657757|false|true|4|1658054200|38000|17538200|16400|5674600|443300|1676073700
COIN_REQUEST_TIMING|1790510657757|false|true|4|1663295800|38000|15698000|10500|7814300|406300|1679438100
COIN_REQUEST_TIMING|1790510657757|false|true|4|1666771800|38100|18344400|13400|6604700|437000|1685591300
COIN_REQUEST_TIMING|1790510657758|false|true|4|1675739500|29400|39651500|11600|27953400|437000|1715857400
COIN_REQUEST_TIMING|1790510657757|false|true|4|1670837100|27200|44737000|12500|8413000|727200|1716328500
COIN_REQUEST_TIMING|1790510657759|false|true|4|1678068600|28600|76960200|14100|29288100|725900|1755783300
COIN_REQUEST_TIMING|1790510657760|false|true|4|1714154700|29500|80063700|10900|73000|453500|1794701400
COIN_REQUEST_TIMING|1790510657763|false|true|4|1791710600|28800|24178400|1996100|146700|390300|1816308100
COIN_REQUEST_TIMING|1790510657759|false|true|4|1683846500|35300|186262500|14500|12211600|11335400|1881479700
COIN_REQUEST_TIMING|1790510657761|false|true|4|1752934000|39300|140285400|56425100|966100|420400|1893679100
COIN_REQUEST_TIMING|1790510657764|false|true|4|1815303100|27600|91121400|4731500|5655000|403200|1906855300
COIN_REQUEST_TIMING|1790510657764|false|true|4|1876539400|9098500|37967600|1943300|1301500|432100|1924037600
COIN_REQUEST_TIMING|1790510657765|false|true|4|1923581300|38200|18596600|817400|102900|487200|1942703300
COIN_REQUEST_TIMING|1790510657765|false|true|4|1942703100|39000|25407700|51400|201700|425100|1968574900
COIN_REQUEST_TIMING|1790510657764|false|true|4|1890577500|35400|89989100|55048400|638000|398000|1981000000
COIN_REQUEST_TIMING|1790510657764|false|true|4|1906746200|23300|82807700|29544900|2107700|615100|1990192300
COIN_REQUEST_TIMING|1790510657766|false|true|4|1979098700|29000|13562800|2501700|333100|432800|1993123300
COIN_REQUEST_TIMING|1790510657765|false|true|4|1968251300|127700|29320600|147600|3500600|485100|1998184700
COIN_REQUEST_TIMING|1790510657761|false|true|4|1713207800|23000|294307300|144626900|7477800|382400|2007920500
COIN_REQUEST_TIMING|1790510657769|false|true|4|1990626100|31000|14719300|10500|179300|489400|2005865800
COIN_REQUEST_TIMING|1790510657769|false|true|4|1994192300|57000|14254100|228400|3069600|440200|2008943600
COIN_REQUEST_TIMING|1790510657767|false|true|4|1987664300|37400|33019500|17700|4388200|374600|2021095800
COIN_REQUEST_TIMING|1790510657769|false|true|4|1999847800|25500|29146000|11100|12727800|618600|2029637900
COIN_REQUEST_TIMING|1790510657770|false|true|4|2008472400|39500|25637900|14500|11935500|413300|2034563100
COIN_REQUEST_TIMING|1790510657769|false|true|4|2005174200|74400|27150300|16000|14086500|7378100|2039777000
COIN_REQUEST_TIMING|1790510657770|false|true|4|2028584100|27700|19031300|12800|116000|676900|2048320000
COIN_REQUEST_TIMING|1790510657770|false|true|4|2017967100|18000|39568900|12700|4616700|1620900|2059174900
COIN_REQUEST_TIMING|1790510657774|false|true|4|2052933500|33700|9448900|10100|107800|398500|2062814600
COIN_REQUEST_TIMING|1790510657776|false|true|4|2061627600|23500|7749400|6900|75900|535300|2069935800
COIN_REQUEST_TIMING|1790510657773|false|true|4|2031359500|37000|44141900|56200|63900|990300|2076528700
COIN_REQUEST_TIMING|1790510657770|false|true|4|2033585700|53800|48234100|8800|127700|424600|2082298200
COIN_REQUEST_TIMING|1790510657776|false|true|4|2069265200|36700|16728000|14800|1254800|396200|2086426100
COIN_REQUEST_TIMING|1790510657774|false|true|4|2044961500|152500|46774800|28000|1779900|443700|2092332500
COIN_REQUEST_TIMING|1790510657779|false|true|4|2073638000|54100|15885100|17200|97200|515000|2090092200
COIN_REQUEST_TIMING|1790510657780|false|true|4|2082040200|43000|11027600|15500|83100|532900|2093643700
COIN_REQUEST_TIMING|1790510657781|false|true|4|2085233500|40300|10848200|6400|1184700|444100|2096566100
COIN_REQUEST_TIMING|1790510657782|false|true|4|2086649700|52500|11520300|16900|1856200|430400|2098652900
COIN_REQUEST_TIMING|1790510657783|false|true|4|2091395600|43100|12770000|13600|281800|389900|2104598600
COIN_REQUEST_TIMING|1790510657783|false|true|4|2093854800|35900|15142400|15600|2522600|427900|2109461000
COIN_REQUEST_TIMING|1790510657783|false|true|4|2097216000|32800|25067800|12500|3037400|482500|2122799100
COIN_REQUEST_TIMING|1790510657785|false|true|4|2102476100|28000|34212200|15900|9270400|494000|2137210300
COIN_REQUEST_TIMING|1790510657785|false|true|4|2107360500|87200|35479000|14100|1123000|536800|2143463500
COIN_REQUEST_TIMING|1790510657785|false|true|4|2121175400|37500|27961900|14000|3155000|437000|2149611800
COIN_REQUEST_TIMING|1790510657787|false|true|4|2135215500|45100|28210100|12900|4244400|424500|2163895200
COIN_REQUEST_TIMING|1790510657787|false|true|4|2141550900|28800|24564400|13000|15290300|459200|2166603300
COIN_REQUEST_TIMING|1790510657789|false|true|4|2146037000|28500|23605800|1165800|783400|497200|2170168500
COIN_REQUEST_TIMING|1790510657790|false|true|4|2160803700|25800|23769300|11180400|133500|401400|2185000200
COIN_REQUEST_TIMING|1790510657790|false|true|4|2163589800|23500|27628100|29000|1693700|367700|2191609100
COIN_REQUEST_TIMING|1790510657790|false|true|4|2168872000|41300|28571200|54300|2998300|455600|2197940100
COIN_REQUEST_TIMING|1790510657790|false|true|4|2184397700|23800|21137600|2523900|105500|446600|2206005700
COIN_REQUEST_TIMING|1790510657792|false|true|4|2195720100|43500|16585400|4689900|128800|429000|2212778000
COIN_REQUEST_TIMING|1790510657791|false|true|4|2191436500|33700|29540800|1049200|757400|1074700|2222085700
COIN_REQUEST_TIMING|1790510657795|false|true|4|2210526900|38600|11989000|18900|110900|422500|2222977000
COIN_REQUEST_TIMING|1790510657793|false|true|4|2202920100|30500|23753700|11300|3337400|802000|2227506300
COIN_REQUEST_TIMING|1790510657796|false|true|4|2224509700|37000|12989800|11600|67200|518200|2238054700
COIN_REQUEST_TIMING|1790510657795|false|true|4|2216793100|43200|26868200|90900|154400|1475200|2245179700
COIN_REQUEST_TIMING|1790510657796|false|true|4|2237686000|36900|12382000|11300|71400|535900|2250640800
COIN_REQUEST_TIMING|1790510657795|false|true|4|2222229900|23300|31604400|443000|1364700|409400|2254267000
COIN_REQUEST_TIMING|1790510657778|false|true|4|2070906000|29600|204348600|7200|2689500|407800|2275692000
COIN_REQUEST_TIMING|1790510657797|false|true|4|2244227300|46800|13912500|14500|2430300|437200|2258623800
COIN_REQUEST_TIMING|1790510657798|false|true|4|2249121400|912800|10017100|11800|1635300|385100|2260436400
COIN_REQUEST_TIMING|1790510657798|false|true|4|2251508400|29400|11468300|13100|2151100|412200|2263418300
COIN_REQUEST_TIMING|1790510657799|false|true|4|2254472600|38400|10814300|387400|1418100|422200|2265747500
COIN_REQUEST_TIMING|1790510657799|false|true|4|2256931300|45300|11040100|9600|3467400|386000|2268402700
COIN_REQUEST_TIMING|1790510657891|false|true|4|2167102000|25400|11807700|9600|2630800|466400|2179401500
COIN_REQUEST_TIMING|1790510657902|false|true|4|2162809400|41300|10466000|10800|565000|423300|2173740000
COIN_REQUEST_TIMING|1790510657902|false|true|4|2161448000|889200|18380500|9500|1037600|503700|2181221400
COIN_REQUEST_TIMING|1790510657921|false|true|4|2154684000|32900|27222600|316800|2439000|461100|2182400600
COIN_REQUEST_TIMING|1790510657903|false|true|4|2167238500|32500|34821000|14100|3121000|442600|2202534600
COIN_REQUEST_TIMING|1790510657967|false|true|4|2136387200|31800|27095100|13826200|70500|465500|2163979600
COIN_REQUEST_TIMING|1790510657971|false|true|4|2134683100|37500|28191800|12438700|6151600|420800|2163333200
COIN_REQUEST_TIMING|1790510657995|false|true|4|2135868300|33800|10548400|17600|240400|385000|2146835500
COIN_REQUEST_TIMING|1790510658005|false|true|4|2129716900|24600|16371400|9300|1109700|398700|2146511600
COIN_REQUEST_TIMING|1790510658008|false|true|4|2134144600|23100|14973500|20200|144800|398200|2149539400
COIN_REQUEST_TIMING|1790510658012|false|true|4|2139044600|51000|21396900|8677900|114100|353000|2160845500
COIN_REQUEST_TIMING|1790510658021|false|true|4|2152537200|33200|25988100|9698700|72100|396800|2178955300
COIN_REQUEST_TIMING|1790510658014|false|true|4|2143711900|18900|47702700|17555400|5420100|317000|2191750500
COIN_REQUEST_TIMING|1790510658031|false|true|4|2168345700|45800|18155000|10700|257700|1645000|2188191500
COIN_REQUEST_TIMING|1790510658035|false|true|4|2170990500|30700|24358300|8000|119100|343800|2195723300
COIN_REQUEST_TIMING|1790510657903|false|true|4|2164009600|26200|167208800|12100|4055700|469400|2331714000
COIN_REQUEST_TIMING|1790510658057|false|true|4|2161728500|25500|21751000|8600|75600|359600|2183864600
COIN_REQUEST_TIMING|1790510658078|false|true|4|2156760200|42700|15088000|11700|320600|362100|2172253000
COIN_REQUEST_TIMING|1790510657964|false|true|4|2118660900|33500|172829100|45900|8166000|398000|2291921500
COIN_REQUEST_TIMING|1790510658091|false|true|4|2150389200|26000|18553700|12000|10348800|423500|2169392400
COIN_REQUEST_TIMING|1790510658118|false|true|4|2138823600|28500|10428400|42700|153300|406900|2149687400
COIN_REQUEST_TIMING|1790510658116|false|true|4|2134571100|31600|20521000|7377100|1766300|402700|2155526400
COIN_REQUEST_TIMING|1790510658128|false|true|4|2132564100|39700|17226700|40300|6046600|396200|2150226700
COIN_REQUEST_TIMING|1790510658063|false|true|4|2167224600|74600|51139800|2207800|9893400|441700|2218880700
COIN_REQUEST_TIMING|1790510658143|false|true|4|2135370400|27800|15635500|10600|114400|431000|2151464700
COIN_REQUEST_TIMING|1790510658142|false|true|4|2129661700|36300|23643100|14200|140500|666600|2154007700
COIN_REQUEST_TIMING|1790510658133|false|true|4|2134467900|30300|33276100|3706600|93700|427200|2168201500
COIN_REQUEST_TIMING|1790510658150|false|true|4|2132209200|26800|22323000|10500|1002700|405500|2154964500
COIN_REQUEST_TIMING|1790510658172|false|true|4|2121892900|37500|14557400|10800|4662000|446500|2136934300
COIN_REQUEST_TIMING|1790510658188|false|true|4|2107909500|29800|18028200|86200|5579100|396800|2126364300
COIN_REQUEST_TIMING|1790510658222|false|true|4|2079831500|34700|17695000|13800|5099600|399500|2097960700
COIN_REQUEST_TIMING|1790510658222|false|true|4|2083079800|34800|17414700|16800|5780500|419700|2100949000
COIN_REQUEST_TIMING|1790510658253|false|true|4|2056201200|41900|19145100|2621500|1118300|346600|2075734800
COIN_REQUEST_TIMING|1790510658279|false|true|4|2035644900|37600|19022000|2386600|2460800|353000|2055057500
COIN_REQUEST_TIMING|1790510658294|false|true|4|2025858700|68100|20567300|4503300|148400|398200|2046892300
COIN_REQUEST_TIMING|1790510658346|false|true|4|1983106000|23700|21592000|10818600|156900|415100|2005136800
COIN_REQUEST_TIMING|1790510658346|false|true|4|1994581000|32900|15375800|53800|78000|386800|2010376500
COIN_REQUEST_TIMING|1790510658380|false|true|4|1971565000|27800|8597100|25900|654500|409700|1980599600
COIN_REQUEST_TIMING|1790510658382|false|true|4|1977758500|58200|8635400|25500|67700|437900|1986890000
COIN_REQUEST_TIMING|1790510658346|false|true|4|1988304700|25400|38505400|29021300|140300|389700|2027225200
COIN_REQUEST_TIMING|1790510658382|false|true|4|1974732600|38400|23305500|14179800|206700|339600|1998416100
COIN_REQUEST_TIMING|1790510658400|false|true|4|1972961700|53700|10538300|40100|1009800|383900|1983937600
COIN_REQUEST_TIMING|1790510658396|false|true|4|1973669800|36300|18181300|5156000|3063300|396200|1992283600
COIN_REQUEST_TIMING|1790510658440|false|true|4|1940653900|28100|10935200|28600|730500|381600|1951998800
COIN_REQUEST_TIMING|1790510658530|false|true|4|1854408300|28400|11748900|32400|300300|370700|1866556300
COIN_REQUEST_TIMING|1790510658555|false|true|4|1832932300|43000|14448700|17900|328300|439300|1847863300
COIN_REQUEST_TIMING|1790510658570|false|true|4|1827314300|26600|34621000|8900|84500|472500|1862434400
COIN_REQUEST_TIMING|1790510658572|false|true|4|1831665900|33800|28949000|26600|3089300|553400|1861202100
COIN_REQUEST_TIMING|1790510658557|false|true|4|1835519600|27900|97944000|2739700|73400|672200|1934163700
COIN_REQUEST_TIMING|1790510658583|false|true|4|1849808700|73900|57931800|15300|65500|652700|1908467100
COIN_REQUEST_TIMING|1790510658576|false|true|4|1856152500|32700|75760300|3307500|379100|386000|1932331500
COIN_REQUEST_TIMING|1790510658627|false|true|4|1864496000|17800|19947900|4677200|883800|376600|1884838300
COIN_REQUEST_TIMING|1790510658644|false|true|4|1848115500|24500|30098100|5182600|3491500|392400|1878630500
COIN_REQUEST_TIMING|1790510658656|false|true|4|1852422600|27300|20440100|11100|3786600|429200|1873319200
COIN_REQUEST_TIMING|1790510658342|false|true|4|1981125700|32600|223518900|165513800|9867600|1049000|2205726200
COIN_REQUEST_TIMING|1790510658685|false|true|4|1837846200|38300|38951400|10163000|1183100|563100|1877399000
COIN_REQUEST_TIMING|1790510658667|false|true|4|1853600900|4274900|56135000|35232000|315100|352000|1914362800
COIN_REQUEST_TIMING|1790510658710|false|true|4|1820031400|19600|56511800|32125000|1299100|331500|1876894300
COIN_REQUEST_TIMING|1790510658710|false|true|4|1852088200|28600|29662800|879100|5551700|327100|1882106700
COIN_REQUEST_TIMING|1790510658710|false|true|4|1838477000|15000|51931000|17809900|1446400|471800|1890894800
COIN_REQUEST_TIMING|1790510658732|false|true|4|1849259300|26000|28597600|7800|8436500|398700|1878281600
COIN_REQUEST_TIMING|1790510658765|false|true|4|1821368000|26700|30994500|11600|11656500|436800|1852826000
COIN_REQUEST_TIMING|1790510658766|false|true|4|1825796700|28700|30486000|10900|11609700|352600|1856664000
COIN_REQUEST_TIMING|1790510658841|false|true|4|1759767500|27400|26443900|1935600|4954800|343400|1786582200
COIN_REQUEST_TIMING|1790510658846|false|true|4|1764279200|28500|22928900|2347100|513400|515600|1787752200
COIN_REQUEST_TIMING|1790510658872|false|true|4|1746738100|28700|19841100|997900|4826200|345600|1766953500
COIN_REQUEST_TIMING|1790510658877|false|true|4|1745915600|27900|21526100|760400|5586100|323100|1767792700
COIN_REQUEST_TIMING|1790510658880|false|true|4|1747618600|26500|20765200|10600|7886300|374300|1768784600
COIN_REQUEST_TIMING|1790510658899|false|true|4|1734076600|34700|17793600|9800|4238200|361100|1752266000
COIN_REQUEST_TIMING|1790510658902|false|true|4|1736309200|25600|17500100|11300|2499800|327500|1754162400
COIN_REQUEST_TIMING|1790510658909|false|true|4|1735586000|17700|15631300|12500|3527500|354700|1751589700
COIN_REQUEST_TIMING|1790510658945|false|true|4|1703268900|29100|15715900|12700|2588700|395100|1719409000
COIN_REQUEST_TIMING|1790510658961|false|true|4|1695774100|25000|10801900|12700|1054900|394600|1706995600
COIN_REQUEST_TIMING|1790510658967|false|true|4|1693595400|41300|9999100|9900|417800|386300|1704022100
COIN_REQUEST_TIMING|1790510658957|false|true|4|1700880400|128600|17132700|13700|3991600|341900|1718483600
COIN_REQUEST_TIMING|1790510658980|false|true|4|1684850000|22700|14026900|11100|4287600|634500|1699534100
COIN_REQUEST_TIMING|1790510658995|false|true|4|1676384600|26400|62394000|12400|23052400|1158300|1739963300
COIN_REQUEST_TIMING|1790510659000|false|true|4|1676047000|28000|73533100|7200|28518200|371300|1749979400
COIN_REQUEST_TIMING|1790510659007|false|true|4|1727269200|25800|27000300|887000|202000|356300|1754651600
COIN_REQUEST_TIMING|1790510659004|false|true|4|1675388100|21700|85737600|20215500|4050200|394100|1761541500
COIN_REQUEST_TIMING|1790510659011|false|true|4|1738779400|17900|22515100|8000|7929600|357800|1761670200
COIN_REQUEST_TIMING|1790510659034|false|true|4|1727561100|33800|13129300|13700|3341900|343100|1741067300
COIN_REQUEST_TIMING|1790510659056|false|true|4|1710050100|28000|11056500|12800|1490500|412600|1721547200
COIN_REQUEST_TIMING|1790510659060|false|true|4|1712452100|44100|13015600|8600|335700|368900|1725880700
COIN_REQUEST_TIMING|1790510659164|false|true|4|1611402800|29200|13811800|11200|3724400|397900|1625641700
COIN_REQUEST_TIMING|1790510659164|false|true|4|1613633900|85800|16523800|14400|3201900|403500|1630647000
COIN_REQUEST_TIMING|1790510659165|false|true|4|1621505300|26800|15165700|9100|100000|386300|1637084100
COIN_REQUEST_TIMING|1790510659167|false|true|4|1622353500|27000|16728100|11000|349700|355000|1639463600
COIN_REQUEST_TIMING|1790510659169|false|true|4|1625601800|26900|14535900|11500|2724400|375200|1640539800
COIN_REQUEST_TIMING|1790510659171|false|true|4|1630946500|46800|10308100|9200|320400|379000|1641680400
COIN_REQUEST_TIMING|1790510659172|false|true|4|1634867900|29000|10159900|16800|344300|1258900|1646315700
COIN_REQUEST_TIMING|1790510659197|false|true|4|1613376500|34000|11422400|13700|66000|353700|1625186600
COIN_REQUEST_TIMING|1790510659199|false|true|4|1613392800|54400|11176600|14400|1184500|370000|1624993800
COIN_REQUEST_TIMING|1790510659201|false|true|4|1617054700|30400|10525200|11100|129800|366900|1627977200
COIN_REQUEST_TIMING|1790510659207|false|true|4|1614169800|72000|10115500|6200|227500|330900|1624688200
COIN_REQUEST_TIMING|1790510659208|false|true|4|1616680100|30800|10625800|12200|654300|300700|1627637400
COIN_REQUEST_TIMING|1790510659276|false|true|4|1553134900|48600|10886200|9500|165400|425700|1564495400
COIN_REQUEST_TIMING|1790510659277|false|true|4|1554919800|39200|10870300|8700|1371800|487900|1566317200
COIN_REQUEST_TIMING|1790510659361|false|true|4|1482305600|23400|11991000|14700|58400|337500|1494657500
COIN_REQUEST_TIMING|1790510659368|false|true|4|1487574700|26200|32247900|224600|419200|514900|1520363700
COIN_REQUEST_TIMING|1790510659312|false|true|4|1528080800|21800|82400500|11700|33934200|357200|1610860300
COIN_REQUEST_TIMING|1790510658989|false|true|4|1679175700|32600|258377700|12000|3337200|1180100|1938766100
COIN_REQUEST_TIMING|1790510659288|false|true|4|1547462300|22300|109910100|232000|60757400|423800|1657818500
COIN_REQUEST_TIMING|1790510659376|false|true|4|1512610300|25800|61790100|5796100|26982100|335600|1574761800
COIN_REQUEST_TIMING|1790510659391|false|true|4|1536161300|37300|35309100|43400|17065700|382000|1571889700
COIN_REQUEST_TIMING|1790510659387|false|true|4|1536536200|30400|43540800|10992200|3601500|332500|1580439900
COIN_REQUEST_TIMING|1790510659405|false|true|4|1540742200|24600|23979200|107600|74000|464400|1565210400
COIN_REQUEST_TIMING|1790510659409|false|true|4|1542280300|24100|24607300|8000|2287300|491100|1567402800
COIN_REQUEST_TIMING|1790510659419|false|true|4|1548291800|30000|11616700|9600|1570900|349100|1560287600
COIN_REQUEST_TIMING|1790510659453|false|true|4|1516965800|28500|13698900|15200|81600|396200|1531089400
COIN_REQUEST_TIMING|1790510659411|false|true|4|1552243600|21100|23438600|8400|1135200|2218400|1577921700
COIN_REQUEST_TIMING|1790510659455|false|true|4|1520790100|37400|12724000|15500|2994200|305700|1533857200
COIN_REQUEST_TIMING|1790510659465|false|true|4|1514616300|30300|13567000|10200|2088400|332000|1528545600
COIN_REQUEST_TIMING|1790510659483|false|true|4|1501233500|36200|12754300|13100|1659900|1441700|1515465700
COIN_REQUEST_TIMING|1790510659647|false|true|4|1342441800|29500|12230300|10600|605200|305400|1355007000
COIN_REQUEST_TIMING|1790510659502|false|true|4|1486290700|61600|21374400|12100|1852500|530800|1508257500
COIN_REQUEST_TIMING|1790510659750|false|true|4|1249329700|24400|14718100|4784000|62300|398900|1264471100
COIN_REQUEST_TIMING|1790510659675|false|true|4|1318189300|25900|29123300|6700|3001200|469000|1347807500
COIN_REQUEST_TIMING|1790510659852|false|true|4|1150577300|24800|27776200|2397100|93300|414600|1178792900
COIN_REQUEST_TIMING|1790510659957|false|true|4|1054816500|358100|22752100|243200|4875700|1090100|1079016800
COIN_REQUEST_TIMING|1790510661597|false|true|4|15600|54800|2456500|16200|0|331000|2857900
COIN_REQUEST_TIMING|1790510661603|false|true|4|6800|49100|6881700|17800|0|287400|7225000
COIN_REQUEST_TIMING|1790510661617|false|true|4|2200|103500|9193700|19300|0|369900|9669300
COIN_REQUEST_TIMING|1790510661621|false|true|4|2100|53400|7860000|21300|0|199200|8114700
COIN_REQUEST_TIMING|1790510661608|false|true|4|13200|159100|34233600|20100400|0|379800|34785700
COIN_REQUEST_TIMING|1790510661624|false|true|4|2500|143100|29227300|18495700|0|282100|29655000
COIN_REQUEST_TIMING|1790510661635|false|true|4|2300|47100|29373600|17350500|0|282800|29705800
COIN_REQUEST_TIMING|1790510661641|false|true|4|3100|393000|24409800|16466900|0|2961800|27767700
COIN_REQUEST_TIMING|1790510661653|false|true|4|3300|54800|27618600|13215800|0|281200|27957900
COIN_REQUEST_TIMING|1790510661657|false|true|4|1900|35800|25552600|16838500|0|293600|25883900
COIN_REQUEST_TIMING|1790510661669|false|true|4|2900|75900|18757500|12725900|0|348300|19184600
COIN_REQUEST_TIMING|1790510661673|false|true|4|3200|76500|16872400|9479600|0|290700|17242800
COIN_REQUEST_TIMING|1790510661688|false|true|4|1200|142000|18306200|7600700|0|373800|18823200
COIN_REQUEST_TIMING|1790510661694|false|true|4|2600|46600|20356400|9131100|0|290700|20696300
COIN_REQUEST_TIMING|1790510661688|false|true|4|2400|32300|26631100|15909200|0|188500|26854300
COIN_REQUEST_TIMING|1790510661697|false|true|4|2700|59300|26958300|15548300|0|300000|27320300
COIN_REQUEST_TIMING|1790510661708|false|true|4|2500|144300|33940900|6854500|0|304200|34391900
COIN_REQUEST_TIMING|1790510661743|false|true|4|2200|365800|32088600|22700|0|369000|32825600
COIN_REQUEST_TIMING|1790510661735|false|true|4|3000|436300|45179700|41455400|0|312900|45931900
COIN_REQUEST_TIMING|1790510661763|false|true|4|2800|47600|51899800|21900|0|345000|52295200
COIN_REQUEST_TIMING|1790510661800|false|true|4|2900|571400|16024500|18400|0|342000|16940800
COIN_REQUEST_TIMING|1790510661801|false|true|4|2400|236400|30541600|23260200|0|230500|31010900
COIN_REQUEST_TIMING|1790510661831|false|true|4|1521800|22400|10689800|11200|0|201100|12435100
COIN_REQUEST_TIMING|1790510661832|false|true|4|11330100|23700|11206700|14800|0|269100|22829600
COIN_REQUEST_TIMING|1790510661822|false|true|4|1800|52300|33288200|21297000|0|243000|33585300
COIN_REQUEST_TIMING|1790510661829|false|true|4|2400|205400|33947600|25939800|0|308600|34464000
COIN_REQUEST_TIMING|1790510661841|false|true|4|14154400|26900|7687100|18200|0|179600|22048000
COIN_REQUEST_TIMING|1790510661854|false|true|4|8929200|28800|4361300|21100|0|282600|13601900
COIN_REQUEST_TIMING|1790510661865|false|true|4|2000|61300|6110300|18500|0|310200|6483800
COIN_REQUEST_TIMING|1790510661871|false|true|4|434200|28300|7095000|31800|0|291300|7848800
COIN_REQUEST_TIMING|1790510661835|false|true|4|19242500|24600|29557700|19957400|0|280800|49105600
COIN_REQUEST_TIMING|1790510661882|false|true|4|2244200|29500|3661800|13700|0|282100|6217600
COIN_REQUEST_TIMING|1790510661870|false|true|4|3400|36400|27718100|35200|0|287300|28045200
COIN_REQUEST_TIMING|1790510661886|false|true|4|2468800|26300|11161500|18300|0|288000|13944600
COIN_REQUEST_TIMING|1790510661901|false|true|4|2200|54000|5618700|31100|0|283800|5958700
COIN_REQUEST_TIMING|1790510661890|false|true|4|8029300|26300|15893600|12488200|0|206600|24155800
COIN_REQUEST_TIMING|1790510661916|false|true|4|2300|43400|5134000|15700|0|456400|5636100
COIN_REQUEST_TIMING|1790510661950|false|true|4|2200|622800|11708600|19700|0|260400|12594000
COIN_REQUEST_TIMING|1790510661967|false|true|4|3200|188800|11612700|17200|0|276400|12081100
COIN_REQUEST_TIMING|1790510661822|false|true|4|2000|101200|167495800|134480000|0|290700|167889700
COIN_REQUEST_TIMING|1790510661975|false|true|4|15239200|33800|7958500|21000|0|299700|23531200
COIN_REQUEST_TIMING|1790510661963|false|true|4|2100|214100|37655300|28292200|0|271900|38143400
COIN_REQUEST_TIMING|1790510661976|false|true|4|21970900|33300|7818100|38700|0|203500|30025800
COIN_REQUEST_TIMING|1790510662020|false|true|4|22200|1464900|7748600|27700|0|352300|9588000
COIN_REQUEST_TIMING|1790510661971|false|true|4|8075500|22000|69526800|25489500|0|2902100|80526400
COIN_REQUEST_TIMING|1790510662023|false|true|4|28706500|25900|4296900|11100|0|255700|33285000
COIN_REQUEST_TIMING|1790510662024|false|true|4|32955400|26700|3733600|12100|0|361100|37076800
COIN_REQUEST_TIMING|1790510662020|false|true|4|9237300|20600|54836400|73000|0|313700|64408000
COIN_REQUEST_TIMING|1790510662024|false|true|4|36464900|25800|26062400|16500|0|503100|63056200
COIN_REQUEST_TIMING|1790510662024|false|true|4|63048800|40500|5111900|303300|0|365400|68566600
COIN_REQUEST_TIMING|1790510662026|false|true|4|66878100|29700|7008500|17000|0|246400|74162700
COIN_REQUEST_TIMING|1790510662031|false|true|4|69173000|30100|4783100|14500|0|239700|74225900
COIN_REQUEST_TIMING|1790510662031|false|true|4|74280200|23800|7069200|1431000|0|272800|81646000
COIN_REQUEST_TIMING|1790510662032|false|true|4|81081300|24500|3928600|13100|0|308200|85342600
COIN_REQUEST_TIMING|1790510662033|false|true|4|84076400|24200|14116500|8700|0|191800|98408900
COIN_REQUEST_TIMING|1790510661997|false|true|4|3745200|25200|133803200|18723800|0|331500|137905100
COIN_REQUEST_TIMING|1790510662024|false|true|4|60189600|25100|63050000|9844000|0|149000|123413700
COIN_REQUEST_TIMING|1790510661877|false|true|4|2257600|50000|268661200|69316400|0|1568600|272537400
COIN_REQUEST_TIMING|1790510662055|false|true|4|92929100|14000|21314100|14300|0|1130300|115387500
COIN_REQUEST_TIMING|1790510662036|false|true|4|95962800|20500|48109200|667300|0|439300|144531800
COIN_REQUEST_TIMING|1790510662041|false|true|4|94411700|35700|48358500|38100|0|391500|143197400
COIN_REQUEST_TIMING|1790510662092|false|true|4|87869400|17900|6960100|9500|0|337200|95184600
COIN_REQUEST_TIMING|1790510662094|false|true|4|89864400|25100|4838900|6500|0|274600|95003000
COIN_REQUEST_TIMING|1790510662096|false|true|4|91194200|14800|4606500|7000|0|250100|96065600
COIN_REQUEST_TIMING|1790510662108|false|true|4|81226500|19300|3955200|6100|0|236800|85437800
COIN_REQUEST_TIMING|1790510662109|false|true|4|83098600|26300|8918400|9400|0|875100|92918400
COIN_REQUEST_TIMING|1790510662111|false|true|4|83458800|14300|6939200|11200|0|908200|91320500
COIN_REQUEST_TIMING|1790510662126|false|true|4|76802600|20900|4731900|7600|0|248200|81803600
COIN_REQUEST_TIMING|1790510662116|false|true|4|86493400|17300|4831000|20600|0|185400|91527100
COIN_REQUEST_TIMING|1790510662128|false|true|4|79272700|21500|2888200|10900|0|281400|82463800
COIN_REQUEST_TIMING|1790510662128|false|true|4|79390200|13600|3496000|6300|0|142600|83042400
COIN_REQUEST_TIMING|1790510662140|false|true|4|70403900|21500|3247700|8600|0|273400|73946500
COIN_REQUEST_TIMING|1790510662165|false|true|4|46345000|17100|2883000|8300|0|208900|49454000
COIN_REQUEST_TIMING|1790510662055|false|true|4|93084500|24000|83960400|48400|0|115000|177183900
COIN_REQUEST_TIMING|1790510662176|false|true|4|38194800|13000|22285500|12000|0|401900|60895200
COIN_REQUEST_TIMING|1790510662176|false|true|4|38243300|28000|22833200|9600|0|184000|61288500
COIN_REQUEST_TIMING|1790510662179|false|true|4|58488600|23200|7969800|3112200|0|255000|66736600
COIN_REQUEST_TIMING|1790510662182|false|true|4|63845700|25200|8156300|19200|0|261300|72288500
COIN_REQUEST_TIMING|1790510662187|false|true|4|67253600|26300|11018900|18700|0|328700|78627500
COIN_REQUEST_TIMING|1790510662075|false|true|4|94722200|26500|95695100|30690300|0|308700|190752500
COIN_REQUEST_TIMING|1790510662176|false|true|4|55761100|24100|40397900|32152400|0|281300|96464400
COIN_REQUEST_TIMING|1790510662188|false|true|4|78629300|24200|9366100|17200|0|293600|88313200
COIN_REQUEST_TIMING|1790510662217|false|true|4|56327100|30300|10001200|23500|0|260500|66619100
COIN_REQUEST_TIMING|1790510662234|false|true|4|41601300|24500|10526200|3932200|0|238800|52390800
COIN_REQUEST_TIMING|1790510662235|false|true|4|48104800|23900|12922900|8956800|0|311000|61362600
COIN_REQUEST_TIMING|1790510662236|false|true|4|60203200|34000|3266400|13300|0|252300|63755900
COIN_REQUEST_TIMING|1790510662257|false|true|4|43271700|25100|3758000|13200|0|232600|47287400
COIN_REQUEST_TIMING|1790510662235|false|true|4|51626200|21100|20880900|16801700|0|248800|72777000
COIN_REQUEST_TIMING|1790510662262|false|true|4|46474400|27000|39865400|18600|0|258500|86625300
COIN_REQUEST_TIMING|1790510662187|false|true|4|78392700|19300|84377600|10490800|0|241800|163031400
COIN_REQUEST_TIMING|1790510662260|false|true|4|43604100|24800|52941500|17690600|0|263200|96833600
COIN_REQUEST_TIMING|1790510662274|false|true|4|74790400|76500|12197300|15500|0|244000|87308200
COIN_REQUEST_TIMING|1790510662274|false|true|4|75820200|24000|11335800|11900|0|156100|87336100
COIN_REQUEST_TIMING|1790510662280|false|true|4|76775600|22200|6836100|20800|0|237700|83871600
COIN_REQUEST_TIMING|1790510662297|false|true|4|64895200|20000|7160200|12400|0|152800|72228200
COIN_REQUEST_TIMING|1790510662300|false|true|4|64009600|22800|7666500|19400|0|414800|72113700
COIN_REQUEST_TIMING|1790510662304|false|true|4|65506900|26000|8196000|8300|0|368100|74097000
COIN_REQUEST_TIMING|1790510662334|false|true|4|38523800|27100|10568500|18900|0|330000|49449400
COIN_REQUEST_TIMING|1790510662334|false|true|4|43624300|27700|25704500|21700|0|297600|69654100
COIN_REQUEST_TIMING|1790510662283|false|true|4|78119900|49400|46352900|18717900|0|383400|124905600
COIN_REQUEST_TIMING|1790510662355|false|true|4|52852200|28000|20326600|11000|0|272900|73479700
COIN_REQUEST_TIMING|1790510662417|false|true|4|33779700|16900|3956000|6600|0|231800|37984400
COIN_REQUEST_TIMING|1790510662424|false|true|4|31347700|17100|5210600|11400|0|185600|36761000
COIN_REQUEST_TIMING|1790510662416|false|true|4|12373400|21200|32562300|5923500|0|124400|45081300
COIN_REQUEST_TIMING|1790510662451|false|true|4|10696300|11000|2359300|6200|0|273500|13340100
COIN_REQUEST_TIMING|1790510662431|false|true|4|29751900|28400|2767100|10000|0|144200|32691600
COIN_REQUEST_TIMING|1790510662453|false|true|4|11283100|26200|2561200|12500|0|300600|14171100
COIN_REQUEST_TIMING|1790510662465|false|true|4|1700|67200|2759100|13600|0|295000|3123000
COIN_REQUEST_TIMING|1790510662465|false|true|4|1343200|27800|2989800|11900|0|269700|4630500
COIN_REQUEST_TIMING|1790510662469|false|true|4|1200|109900|3460200|14000|0|298200|3869500
COIN_REQUEST_TIMING|1790510662479|false|true|4|2400|30900|6115200|15000|0|193900|6342400
COIN_REQUEST_TIMING|1790510662484|false|true|4|1800|621300|20265800|6134400|0|224100|21113000
COIN_REQUEST_TIMING|1790510662497|false|true|4|1800|1642500|10123300|10500|0|273100|12040700
COIN_REQUEST_TIMING|1790510662498|false|true|4|7216600|20700|9657900|10600|0|214300|17109500
COIN_REQUEST_TIMING|1790510662536|false|true|4|1300|19800|7281800|12400|0|133100|7436000
COIN_REQUEST_TIMING|1790510662535|false|true|4|1700|68100|8782400|16800|0|167600|9019800
COIN_REQUEST_TIMING|1790510662538|false|true|4|5516200|16800|4604500|13800|0|100100|10237600
COIN_REQUEST_TIMING|1790510662543|false|true|4|888900|16700|4456700|7600|0|101300|5463600
COIN_REQUEST_TIMING|1790510662555|false|true|4|2600|27500|13718300|8915900|0|138600|13887000
COIN_REQUEST_TIMING|1790510662180|false|true|4|56947100|11000|212909000|154833300|0|131289700|401156800
COIN_REQUEST_TIMING|1790510662574|false|true|4|1800|1544000|12853000|15300|0|178800|14577600
COIN_REQUEST_TIMING|1790510662575|false|true|4|13253000|1376100|3690300|23300|0|211100|18530500
COIN_REQUEST_TIMING|1790510662338|false|true|4|66395200|39600|200118800|16104600|0|229900|266783500
COIN_REQUEST_TIMING|1790510662577|false|true|4|27468300|20100|3797600|10000|0|187000|31473000
COIN_REQUEST_TIMING|1790510662577|false|true|4|31343300|28300|5584000|18300|0|262600|37218200
COIN_REQUEST_TIMING|1790510662335|false|true|4|48374700|33000|256477200|53969600|0|215200|305100100
COIN_REQUEST_TIMING|1790510662586|false|true|4|54790300|25500|13689300|3047700|0|190500|68695600
COIN_REQUEST_TIMING|1790510662581|false|true|4|33202300|21100|39138500|21646100|0|1166600|73528500
COIN_REQUEST_TIMING|1790510662592|false|true|4|62817500|27900|3034400|36600|0|249600|66129400
COIN_REQUEST_TIMING|1790510662599|false|true|4|59422600|23200|8988000|4818700|0|271400|68705200
COIN_REQUEST_TIMING|1790510662601|false|true|4|66098000|30900|6305000|19300|0|225800|72659700
COIN_REQUEST_TIMING|1790510662587|false|true|4|66756200|28000|27790400|20429600|0|276600|94851200
COIN_REQUEST_TIMING|1790510662603|false|true|4|70977500|17600|13804900|12900|0|258900|85058900
COIN_REQUEST_TIMING|1790510662610|false|true|4|71940600|28100|9432300|10800|0|245400|81646400
COIN_REQUEST_TIMING|1790510662612|false|true|4|76202000|27300|4321900|18400|0|281000|80832200
COIN_REQUEST_TIMING|1790510662621|false|true|4|71509100|21600|9095700|12000|0|255700|80882100
COIN_REQUEST_TIMING|1790510662621|false|true|4|72153100|26900|10601100|14300|0|321700|83102800
COIN_REQUEST_TIMING|1790510662628|false|true|4|73879900|34700|47596100|17600|0|301000|121811700
COIN_REQUEST_TIMING|1790510662629|false|true|4|75011000|19700|53143000|36100|0|289300|128463000
COIN_REQUEST_TIMING|1790510662634|false|true|4|115009800|30800|9404300|22300|0|267600|124712500
COIN_REQUEST_TIMING|1790510662638|false|true|4|119253400|28700|34113500|17200|0|278800|153674400
COIN_REQUEST_TIMING|1790510662640|false|true|4|119110300|28600|32403600|9530300|0|153000|151695500
COIN_REQUEST_TIMING|1790510662649|false|true|4|143032200|15700|4433500|18400|0|233400|147714800
COIN_REQUEST_TIMING|1790510662643|false|true|4|149048900|40300|5205700|15500|0|184800|154479700
COIN_REQUEST_TIMING|1790510662651|false|true|4|145725800|26700|2526200|15800|0|249400|148528100
COIN_REQUEST_TIMING|1790510662653|false|true|4|143992100|24600|2328600|11700|0|162400|146507700
COIN_REQUEST_TIMING|1790510662656|false|true|4|143231400|18300|15719700|18400|0|227600|159197000
COIN_REQUEST_TIMING|1790510662662|false|true|4|137814400|7700|16224700|8200|0|216100|154262900
COIN_REQUEST_TIMING|1790510662573|false|true|4|2500|1093300|254263700|90369800|0|530400|255889900
COIN_REQUEST_TIMING|1790510662672|false|true|4|156900600|61600|4655000|14100|0|269200|161886400
COIN_REQUEST_TIMING|1790510662672|false|true|4|161697700|34600|3373000|9200|0|210400|165315700
COIN_REQUEST_TIMING|1790510662665|false|true|4|150775800|23100|21230600|8600|0|894200|172923700
COIN_REQUEST_TIMING|1790510662676|false|true|4|162120500|17800|2734000|11600|0|257900|165130200
COIN_REQUEST_TIMING|1790510662696|false|true|4|141798500|15800|3006900|8900|0|150900|144972100
COIN_REQUEST_TIMING|1790510662703|false|true|4|137880800|18400|3639800|10700|0|310900|141849900
COIN_REQUEST_TIMING|1790510662714|false|true|4|127048000|11800|4098800|5700|0|167800|131326400
COIN_REQUEST_TIMING|1790510662720|false|true|4|124673000|18400|8420100|6600|0|421200|133532700
COIN_REQUEST_TIMING|1790510662783|false|true|4|62737800|15800|7068900|10200|0|1431200|71253700
COIN_REQUEST_TIMING|1790510662813|false|true|4|41511000|10700|26976800|13200|0|188800|68687300
COIN_REQUEST_TIMING|1790510662665|false|true|4|152757000|382700|66515300|753900|0|148100|219803100
COIN_REQUEST_TIMING|1790510662868|false|true|4|17458400|19600|5058000|354100|0|269300|22805300
COIN_REQUEST_TIMING|1790510662860|false|true|4|21583100|24400|9736300|6157300|0|130300|31474100
COIN_REQUEST_TIMING|1790510662878|false|true|4|12082500|26500|2547000|10300|0|243900|14899900
COIN_REQUEST_TIMING|1790510662921|false|true|4|1700|758400|6478900|10200|0|222200|7461200
COIN_REQUEST_TIMING|1790510662921|false|true|4|800|832400|11003800|4090700|0|212500|12049500
COIN_REQUEST_TIMING|1790510662932|false|true|4|1000|228700|6613500|13100|0|592400|7435600
COIN_REQUEST_TIMING|1790510662950|false|true|4|1400|386200|20728100|8085700|0|171800|21287500
COIN_REQUEST_TIMING|1790510662960|false|true|4|12159200|19900|25375800|9051000|0|208400|37763300
COIN_REQUEST_TIMING|1790510662966|false|true|4|31112800|16200|46340400|26550600|0|168300|77637700
COIN_REQUEST_TIMING|1790510662954|false|true|4|1500|29400|89234100|55524300|0|503000|89768000
COIN_REQUEST_TIMING|1790510662975|false|true|4|68847100|22500|4896800|13500|0|247900|74014300
COIN_REQUEST_TIMING|1790510662969|false|true|4|75259900|18400|5691500|25800|0|311900|81281700
COIN_REQUEST_TIMING|1790510662994|false|true|4|56311400|22300|5867300|18900|0|163400|62364400
COIN_REQUEST_TIMING|1790510662993|false|true|4|55971800|443400|8862700|13700|0|294300|65572200
COIN_REQUEST_TIMING|1790510662995|false|true|4|61392800|16400|4170900|12400|0|141600|65721700
COIN_REQUEST_TIMING|1790510662995|false|true|4|63475600|47800|3061100|14800|0|269400|66853900
COIN_REQUEST_TIMING|1790510662576|false|true|4|18062300|12700|473624300|138956200|0|720900|492420200
COIN_REQUEST_TIMING|1790510663005|false|true|4|64374200|29000|2317600|12900|0|198400|66919200
COIN_REQUEST_TIMING|1790510663007|false|true|4|64309500|31100|2126200|13800|0|243100|66709900
COIN_REQUEST_TIMING|1790510663002|false|true|4|58232400|24900|13307900|5800|0|369200|71934400
COIN_REQUEST_TIMING|1790510663005|false|true|4|57755900|65700|22623900|14500|0|737900|81183400
COIN_REQUEST_TIMING|1790510663015|false|true|4|59300200|14600|15701400|27500|0|274400|75290600
COIN_REQUEST_TIMING|1790510663018|false|true|4|72191200|27800|10578100|17700|0|145700|82942800
COIN_REQUEST_TIMING|1790510663018|false|true|4|82842200|22800|2938100|16200|0|270900|86074000
COIN_REQUEST_TIMING|1790510663025|false|true|4|79594100|27100|3567900|22700|0|247100|83436200
COIN_REQUEST_TIMING|1790510663026|false|true|4|82644700|55600|8408300|13700|0|145100|91253700
COIN_REQUEST_TIMING|1790510663028|false|true|4|88663000|18500|16611700|6247900|0|194500|105487700
COIN_REQUEST_TIMING|1790510663037|false|true|4|97063900|17100|7037700|20200|0|199700|104318400
COIN_REQUEST_TIMING|1790510663041|false|true|4|100597300|44600|9662000|2501000|0|245700|110549600
COIN_REQUEST_TIMING|1790510663041|false|true|4|110033600|33000|5916000|16700|0|227900|116210500
COIN_REQUEST_TIMING|1790510663042|false|true|4|115485500|33700|4115100|13400|0|257500|119891800
COIN_REQUEST_TIMING|1790510663043|false|true|4|118968600|24600|2650100|14500|0|229200|121872500
COIN_REQUEST_TIMING|1790510663049|false|true|4|116212700|21700|4174400|12500|0|272000|120680800
COIN_REQUEST_TIMING|1790510663049|false|true|4|120658000|23800|6828300|16000|0|193100|127703200
COIN_REQUEST_TIMING|1790510663051|false|true|4|125588900|22200|5885600|21400|0|239000|131735700
COIN_REQUEST_TIMING|1790510663054|false|true|4|128873400|20300|26993400|15600|0|179700|156066800
COIN_REQUEST_TIMING|1790510663082|false|true|4|127720000|17300|4273400|14900|0|316100|132326800
COIN_REQUEST_TIMING|1790510663097|false|true|4|117889900|18800|4208000|15700|0|141400|122258100
COIN_REQUEST_TIMING|1790510663098|false|true|4|121192800|27600|2650800|13200|0|265200|124136400
COIN_REQUEST_TIMING|1790510663123|false|true|4|99229400|15500|2710800|12700|0|259800|102215500
COIN_REQUEST_TIMING|1790510663137|false|true|4|88009900|18500|2387300|13300|0|262600|90678300
COIN_REQUEST_TIMING|1790510663138|false|true|4|89643100|22200|2781900|17500|0|568800|93016000
COIN_REQUEST_TIMING|1790510663138|false|true|4|92880400|74200|2651700|15800|0|223200|95829500
COIN_REQUEST_TIMING|1790510663143|false|true|4|91446900|174200|6351800|14000|0|308200|98281100
COIN_REQUEST_TIMING|1790510663146|false|true|4|94915200|21800|6860600|29700|0|191400|101989000
COIN_REQUEST_TIMING|1790510663149|false|true|4|98916400|21200|4113400|32900|0|187900|103238900
COIN_REQUEST_TIMING|1790510663149|false|true|4|103148000|17700|3693400|11700|0|205600|107064700
COIN_REQUEST_TIMING|1790510663157|false|true|4|99226900|19800|2164500|11000|0|269500|101680700
COIN_REQUEST_TIMING|1790510663162|false|true|4|96717600|17600|2517500|12100|0|164600|99417300
COIN_REQUEST_TIMING|1790510663185|false|true|4|76433300|17500|2346200|12100|0|158600|78955600
COIN_REQUEST_TIMING|1790510663189|false|true|4|75494900|12100|2121000|9600|0|642200|78270200
COIN_REQUEST_TIMING|1790510663194|false|true|4|73315700|18400|2819500|10900|0|143100|76296700
COIN_REQUEST_TIMING|1790510663207|false|true|4|62599100|17100|2969400|13300|0|283300|65868900
COIN_REQUEST_TIMING|1790510663216|false|true|4|56947600|24400|2802100|12500|0|243100|60017200
COIN_REQUEST_TIMING|1790510663217|false|true|4|59944200|26400|3180500|14300|0|202600|63353700
COIN_REQUEST_TIMING|1790510663221|false|true|4|59002700|13700|5083100|13100|0|251600|64351100
COIN_REQUEST_TIMING|1790510663221|false|true|4|64423000|32700|4275400|12000|0|287200|69018300
COIN_REQUEST_TIMING|1790510663222|false|true|4|67873400|27500|5091700|18900|0|261200|73253800
COIN_REQUEST_TIMING|1790510663222|false|true|4|73323200|24700|4989500|14800|0|260200|78597600
COIN_REQUEST_TIMING|1790510663246|false|true|4|55024700|26600|9580200|14000|0|220300|64851800
COIN_REQUEST_TIMING|1790510663247|false|true|4|63811100|16300|3721600|12600|0|251400|67800400
COIN_REQUEST_TIMING|1790510663248|false|true|4|67249000|22000|2740600|13500|0|226700|70238300
COIN_REQUEST_TIMING|1790510663255|false|true|4|63327000|22300|3422100|12000|0|235300|67006700
COIN_REQUEST_TIMING|1790510663256|false|true|4|65414900|19500|5595800|10900|0|256200|71286400
COIN_REQUEST_TIMING|1790510663261|false|true|4|66345000|30100|7513400|3620700|0|244800|74133300
COIN_REQUEST_TIMING|1790510663273|false|true|4|62069500|17900|4756800|14600|0|520600|67364800
COIN_REQUEST_TIMING|1790510663277|false|true|4|63569900|19300|4047300|13500|0|203300|67839800
COIN_REQUEST_TIMING|1790510663286|false|true|4|58477100|97100|6780900|16800|0|188400|65543500
COIN_REQUEST_TIMING|1790510663287|false|true|4|64607200|18200|4035200|13000|0|219300|68879900
COIN_REQUEST_TIMING|1790510663299|false|true|4|56847400|221700|3144800|13900|0|206600|60420500
COIN_REQUEST_TIMING|1790510663306|false|true|4|54278300|82500|2023900|11200|0|149100|56533800
COIN_REQUEST_TIMING|1790510663315|false|true|4|46651700|19100|2981500|14900|0|360700|50013000
COIN_REQUEST_TIMING|1790510663318|false|true|4|47705000|21900|4706900|13200|0|195500|52629300
COIN_REQUEST_TIMING|1790510663332|false|true|4|38202500|22400|2650200|11100|0|171700|41046800
COIN_REQUEST_TIMING|1790510663337|false|true|4|36043100|66200|2513800|11400|0|241600|38864700
COIN_REQUEST_TIMING|1790510663339|false|true|4|37207400|22800|3045800|13900|0|243300|40519300
COIN_REQUEST_TIMING|1790510663343|false|true|4|36090900|16500|4388600|13700|0|133100|40629100
COIN_REQUEST_TIMING|1790510663351|false|true|4|33268700|22700|2824100|14200|0|218600|36334100
COIN_REQUEST_TIMING|1790510663355|false|true|4|31737800|12300|2255300|15500|0|139500|34144900
COIN_REQUEST_TIMING|1790510662824|false|true|4|30100300|17800|535474600|11000|0|208100|565800800
COIN_REQUEST_TIMING|1790510663358|false|true|4|31810500|23500|2232900|9900|0|206600|34273500
COIN_REQUEST_TIMING|1790510663362|false|true|4|28971600|22300|2743900|9900|0|155800|31893600
COIN_REQUEST_TIMING|1790510663364|false|true|4|27554900|14600|2565700|10200|0|223200|30358400
COIN_REQUEST_TIMING|1790510663365|false|true|4|28903800|25400|3581100|7000|0|306300|32816600
COIN_REQUEST_TIMING|1790510663369|false|true|4|25601000|19300|3935000|13300|0|191400|29746700
COIN_REQUEST_TIMING|1790510663376|false|true|4|23036800|17600|3043600|10500|0|159800|26257800
COIN_REQUEST_TIMING|1790510663373|false|true|4|24634200|24000|4726500|11000|0|194600|29579300
COIN_REQUEST_TIMING|1790510663382|false|true|4|20147600|14000|6591900|8600|0|246100|26999600
COIN_REQUEST_TIMING|1790510663380|false|true|4|22467500|21300|7076900|13600|0|155200|29720900
COIN_REQUEST_TIMING|1790510663386|false|true|4|23544700|10400|17513000|12300|0|187900|41256000
COIN_REQUEST_TIMING|1790510663386|false|true|4|23359400|16000|20358200|12800|0|283900|44017500
COIN_REQUEST_TIMING|1790510663387|false|true|4|40265600|17600|5927000|9500|0|1316500|47526700
COIN_REQUEST_TIMING|1790510663402|false|true|4|31212200|18100|2851000|12400|0|223200|34304500
COIN_REQUEST_TIMING|1790510663398|false|true|4|31989700|25600|7477000|13600|0|220700|39713000
COIN_REQUEST_TIMING|1790510663404|false|true|4|32469500|19800|2386000|8000|0|224600|35099900
COIN_REQUEST_TIMING|1790510663413|false|true|4|24781500|25700|3298200|23500|0|212300|28317700
COIN_REQUEST_TIMING|1790510663422|false|true|4|17563100|26500|3251700|10200|0|224700|21066000
COIN_REQUEST_TIMING|1790510663427|false|true|4|14612300|21800|3330000|9300|0|163400|18127500
COIN_REQUEST_TIMING|1790510663436|false|true|4|6936300|28400|3057200|10600|0|260800|10282700
COIN_REQUEST_TIMING|1790510663441|false|true|4|4255200|24400|3524600|11500|0|252500|8056700
COIN_REQUEST_TIMING|1790510663443|false|true|4|3672300|22800|3580300|10600|0|223200|7498600
COIN_REQUEST_TIMING|1790510663445|false|true|4|4175800|19500|3123400|10800|0|223800|7542500
COIN_REQUEST_TIMING|1790510663453|false|true|4|1800|31100|2590600|9800|0|210800|2834300
COIN_REQUEST_TIMING|1790510663454|false|true|4|1100|363100|2257200|9200|0|191000|2812400
COIN_REQUEST_TIMING|1790510663460|false|true|4|1800|33100|3922800|16500|0|194300|4152000
COIN_REQUEST_TIMING|1790510663468|false|true|4|1500|130000|5633200|15100|0|108400|5873100
COIN_REQUEST_TIMING|1790510663480|false|true|4|1200|23800|3577100|12600|0|274900|3877000
COIN_REQUEST_TIMING|1790510663484|false|true|4|1600|75800|3487700|13500|0|258600|3823700
COIN_REQUEST_TIMING|1790510663489|false|true|4|1900|30400|2815900|11900|0|198700|3046900
COIN_REQUEST_TIMING|1790510663496|false|true|4|1500|419500|4137400|12500|0|161600|4720000
COIN_REQUEST_TIMING|1790510663498|false|true|4|1900|216800|2930000|6500|0|146000|3294700
COIN_REQUEST_TIMING|1790510663503|false|true|4|2000|36200|2601500|16500|0|230700|2870400
COIN_REQUEST_TIMING|1790510663509|false|true|4|2000|38700|3514000|14300|0|257200|3811900
COIN_REQUEST_TIMING|1790510663509|false|true|4|500|20000|3591800|7400|0|223000|3835300
COIN_REQUEST_TIMING|1790510663512|false|true|4|1277200|26200|2387600|15400|0|233600|3924600
COIN_REQUEST_TIMING|1790510663522|false|true|4|2400|32900|2463200|11500|0|135100|2633600
COIN_REQUEST_TIMING|1790510663527|false|true|4|1900|29600|3533200|12200|0|191500|3756200
COIN_REQUEST_TIMING|1790510663535|false|true|4|1200|33200|2347100|11600|0|172600|2554100
COIN_REQUEST_TIMING|1790510663536|false|true|4|2000|118600|2467000|10300|0|214200|2801800
COIN_REQUEST_TIMING|1790510663538|false|true|4|2500|64000|2543400|14100|0|207600|2817500
COIN_REQUEST_TIMING|1790510663544|false|true|4|2000|42300|2399700|15000|0|269000|2713000
COIN_REQUEST_TIMING|1790510663013|false|true|4|60889700|24600|473267500|24800|0|208600|534390400
COIN_REQUEST_TIMING|1790510663556|false|true|4|1800|115400|3386200|11800|0|253500|3756900
COIN_REQUEST_TIMING|1790510663557|false|true|4|1700|52100|3543700|9000|0|154400|3751900
COIN_REQUEST_TIMING|1790510663560|false|true|4|1800|64200|3368100|13100|0|230900|3665000
COIN_REQUEST_TIMING|1790510663569|false|true|4|2300|32900|2372000|11800|0|166700|2573900
COIN_REQUEST_TIMING|1790510663573|false|true|4|2400|38000|2407900|11200|0|196400|2644700
COIN_REQUEST_TIMING|1790510663574|false|true|4|2700|45000|2246600|11300|0|247900|2542200
COIN_REQUEST_TIMING|1790510663018|false|true|4|68213700|22800|492429500|9225000|0|104900|560770900
COIN_REQUEST_TIMING|1790510663581|false|true|4|1500|32600|2334500|12200|0|680700|3049300
COIN_REQUEST_TIMING|1790510663581|false|true|4|1300|30600|2784100|6700|0|186600|3002600
COIN_REQUEST_TIMING|1790510663595|false|true|4|900|63700|8601300|9200|0|192300|8858200
COIN_REQUEST_TIMING|1790510663600|false|true|4|1100|53800|3871900|8100|0|126900|4053700
COIN_REQUEST_TIMING|1790510663599|false|true|4|1500|210500|4642900|12100|0|197100|5052000
COIN_REQUEST_TIMING|1790510663608|false|true|4|1300|69100|2378200|10000|0|167700|2616300
COIN_REQUEST_TIMING|1790510663608|false|true|4|1200|73400|2537700|7900|0|136000|2748300
COIN_REQUEST_TIMING|1790510663612|false|true|4|1400|216800|2298600|9800|0|213900|2730700
COIN_REQUEST_TIMING|1790510663616|false|true|4|2000|57800|2529700|15900|0|193800|2783300
COIN_REQUEST_TIMING|1790510663595|false|true|4|2300|139700|24488100|17300|0|204400|24834500
COIN_REQUEST_TIMING|1790510663621|false|true|4|1400|13200|2599400|10000|0|161600|2775600
COIN_REQUEST_TIMING|1790510663622|false|true|4|1600|50300|2870700|9900|0|240200|3162800
COIN_REQUEST_TIMING|1790510663627|false|true|4|1900|110800|4013500|13200|0|164600|4290800
COIN_REQUEST_TIMING|1790510663642|false|true|4|2700|49600|2601400|16900|0|229000|2882700
COIN_REQUEST_TIMING|1790510663649|false|true|4|2700|36000|4089000|10500|0|202700|4330400
COIN_REQUEST_TIMING|1790510663650|false|true|4|1200|90500|4347400|9300|0|186800|4625900
COIN_REQUEST_TIMING|1790510663652|false|true|4|2200|51000|3881500|12400|0|124100|4058800
COIN_REQUEST_TIMING|1790510663658|false|true|4|1300|15100|4221000|11000|0|226900|4464300
COIN_REQUEST_TIMING|1790510663659|false|true|4|1200|101900|2995900|6800|0|131200|3230200
COIN_REQUEST_TIMING|1790510663659|false|true|4|500|34000|3293200|3900|0|150000|3477700
COIN_REQUEST_TIMING|1790510663671|false|true|4|1600|56600|2974300|11700|0|276300|3308800
COIN_REQUEST_TIMING|1790510663682|false|true|4|2000|47400|3421900|9900|0|145900|3617200
COIN_REQUEST_TIMING|1790510663683|false|true|4|2000|78000|2583500|7300|0|155100|2818600
COIN_REQUEST_TIMING|1790510663683|false|true|4|1800|55000|3598500|6900|0|230500|3885800
COIN_REQUEST_TIMING|1790510663687|false|true|4|1500|15000|2636000|13800|0|215900|2868400
COIN_REQUEST_TIMING|1790510663691|false|true|4|1800|28000|3224300|16300|0|253800|3507900
COIN_REQUEST_TIMING|1790510663694|false|true|4|1700|351700|2666100|12400|0|226300|3245800
COIN_REQUEST_TIMING|1790510663702|false|true|4|1400|88500|2685600|9800|0|162600|2938100
COIN_REQUEST_TIMING|1790510663707|false|true|4|2300|48200|2153700|13500|0|191900|2396100
COIN_REQUEST_TIMING|1790510663712|false|true|4|1400|32500|1843800|9000|0|213900|2091600
COIN_REQUEST_TIMING|1790510663730|false|true|4|1400|34500|2103200|8000|0|239900|2379000
COIN_REQUEST_TIMING|1790510663802|false|true|4|500|2434500|25073800|9800|2572500|259500|27768300
COIN_REQUEST_TIMING|1790510663802|false|true|4|1200|2260200|30779700|11600|3622900|238200|33279300
COIN_REQUEST_TIMING|1790510663802|false|true|4|1400|2501600|34317400|20600|6950500|253100|37073500
COIN_REQUEST_TIMING|1790510663802|false|true|4|600|3526400|37462400|15300|10539300|209200|41198600
COIN_REQUEST_TIMING|1790510663802|false|true|4|27485300|19400|16406300|14200|7136100|243500|44154500
COIN_REQUEST_TIMING|1790510663813|false|true|4|22324100|18900|15009500|16700|6080600|226800|37579300
COIN_REQUEST_TIMING|1790510663813|false|true|4|25872900|22100|18098600|24700|9813000|214200|44207800
COIN_REQUEST_TIMING|1790510663813|false|true|4|30141600|22700|16634100|13100|10340500|273800|47072200
COIN_REQUEST_TIMING|1790510663813|false|true|4|37518400|19500|12170900|11900|6625900|217600|49926400
COIN_REQUEST_TIMING|1790510663813|false|true|4|33593700|18300|19133600|12700|9094500|229700|52975300
COIN_REQUEST_TIMING|1790510663814|false|true|4|42974500|21800|11063000|14500|5553400|206600|54265900
COIN_REQUEST_TIMING|1790510663814|false|true|4|45855000|22300|10691000|13600|5839800|250600|56818900
COIN_REQUEST_TIMING|1790510663814|false|true|4|48699100|431300|10418100|12300|4355500|232500|59781000
COIN_REQUEST_TIMING|1790510663814|false|true|4|51531900|40300|11730400|14800|4751200|241700|63544300
COIN_REQUEST_TIMING|1790510663814|false|true|4|54405600|144400|12525500|87400|5289800|218100|67293600
COIN_REQUEST_TIMING|1790510663814|false|true|4|56683100|17900|13716500|11400|6599600|260400|70677900
COIN_REQUEST_TIMING|1790510663814|false|true|4|59648300|34300|15525400|13200|7377700|203800|75411800
COIN_REQUEST_TIMING|1790510663815|false|true|4|63232600|18700|15272200|13300|8013200|243400|78766900
COIN_REQUEST_TIMING|1790510663815|false|true|4|66984200|18500|14344100|24600|7335200|261200|81608000
COIN_REQUEST_TIMING|1790510663815|false|true|4|70344100|20000|13478600|12500|7323700|238100|84080800
COIN_REQUEST_TIMING|1790510663815|false|true|4|75093400|22300|14999100|11600|5558600|437200|90552000
COIN_REQUEST_TIMING|1790510663822|false|true|4|71159200|18800|24923800|13700|8328500|238300|96340100
COIN_REQUEST_TIMING|1790510663822|false|true|4|73988000|25300|28835000|12900|20453900|254200|103102500
COIN_REQUEST_TIMING|1790510663823|false|true|4|82873300|22100|39271900|825900|8790200|208600|122375900
COIN_REQUEST_TIMING|1790510663823|false|true|4|122343700|23000|6777400|19400|87200|210100|129354200
COIN_REQUEST_TIMING|1790510663822|false|true|4|76462900|23900|55107000|11800|18137100|224400|131818200
COIN_REQUEST_TIMING|1790510663823|false|true|4|96002700|19900|35430600|20800|6235300|324300|131777500
COIN_REQUEST_TIMING|1790510663823|false|true|4|129353500|16800|20422300|12700|151300|225800|150018400
COIN_REQUEST_TIMING|1790510663823|false|true|4|131538500|12700|26041600|9500|13377800|242400|157835200
COIN_REQUEST_TIMING|1790510663823|false|true|4|102884700|22800|80769400|2768800|74400|235600|183912500
COIN_REQUEST_TIMING|1790510663823|false|true|4|149997800|16800|39573500|31573000|166400|441100|190029200
COIN_REQUEST_TIMING|1790510663823|false|true|4|183553700|20000|11451900|8900|2147300|264400|195290000
COIN_REQUEST_TIMING|1790510663823|false|true|4|157632200|19000|40564200|14700|1128100|214100|198429500
COIN_REQUEST_TIMING|1790510663823|false|true|4|189699800|15600|19785500|10000|84600|220500|209721400
COIN_REQUEST_TIMING|1790510663823|false|true|4|195180200|23400|17563900|12200|10468600|185900|212953400
COIN_REQUEST_TIMING|1790510663823|false|true|4|198242100|21400|18304300|14900|3688900|247100|216814900
COIN_REQUEST_TIMING|1790510663823|false|true|4|209635700|23700|10885300|13300|373600|290300|220835000
COIN_REQUEST_TIMING|1790510663824|false|true|4|212443500|25700|10495200|10200|2540400|223800|223188200
COIN_REQUEST_TIMING|1790510663824|false|true|4|216446800|15900|13950600|14700|2215600|222700|230636000
COIN_REQUEST_TIMING|1790510663824|false|true|4|220366200|24000|15384500|26900|7462100|225400|236000100
COIN_REQUEST_TIMING|1790510663824|false|true|4|223172700|16800|18095600|11000|4629900|219000|241504100
COIN_REQUEST_TIMING|1790510663824|false|true|4|230606400|17500|13826300|12800|4311100|398100|244848300
COIN_REQUEST_TIMING|1790510663824|false|true|4|236045200|19800|10921100|13100|1965300|242300|247228400
COIN_REQUEST_TIMING|1790510663824|false|true|4|241528000|22900|10519700|14800|2341200|281500|252352100
COIN_REQUEST_TIMING|1790510663824|false|true|4|244584300|16400|12021400|75200|3158200|217800|256839900
COIN_REQUEST_TIMING|1790510663824|false|true|4|247277600|18900|12455800|14100|4134100|236400|259988700
COIN_REQUEST_TIMING|1790510663825|false|true|4|251565700|18600|10936500|14400|438500|241300|262762100
COIN_REQUEST_TIMING|1790510663825|false|true|4|255959800|17500|10126200|10600|2660300|200400|266303900
COIN_REQUEST_TIMING|1790510663825|false|true|4|259044000|19500|10228600|13400|3348000|214500|269506600
COIN_REQUEST_TIMING|1790510663825|false|true|4|262588200|20100|10056200|16500|1632300|190100|272854600
COIN_REQUEST_TIMING|1790510663825|false|true|4|266145700|15500|9617100|14500|2825900|202500|275980800
COIN_REQUEST_TIMING|1790510663825|false|true|4|269361800|19700|12550900|11300|2631700|212900|282145300
COIN_REQUEST_TIMING|1790510663825|false|true|4|272886200|16600|19845800|9700|4662900|236500|292985100
COIN_REQUEST_TIMING|1790510663825|false|true|4|275854600|16700|23785900|12600|9393100|253800|299911000
COIN_REQUEST_TIMING|1790510663826|false|true|4|280986800|23400|22633900|14100|1138400|242200|303886300
COIN_REQUEST_TIMING|1790510663826|false|true|4|291822000|15500|18872500|15900|2171600|204800|310914800
COIN_REQUEST_TIMING|1790510663826|false|true|4|298705000|17600|26792300|13100|6655900|209700|325724600
COIN_REQUEST_TIMING|1790510663827|false|true|4|302883600|21700|27410100|15000|10101000|276100|330591500
COIN_REQUEST_TIMING|1790510663831|false|true|4|306254300|16600|27559900|12700|2307200|265100|334095900
COIN_REQUEST_TIMING|1790510663832|false|true|4|319941900|14000|17375700|39000|2056600|316500|337648100
COIN_REQUEST_TIMING|1790510663832|false|true|4|325586800|19000|17045400|13800|4748400|241800|342893000
COIN_REQUEST_TIMING|1790510663834|false|true|4|331152300|15200|16889700|35600|3896600|245700|348302900
COIN_REQUEST_TIMING|1790510663837|false|true|4|333289200|19000|17572600|15000|2559300|243000|351123800
COIN_REQUEST_TIMING|1790510663837|false|true|4|337813700|18100|15012600|9400|2861800|246700|353091100
COIN_REQUEST_TIMING|1790510663838|false|true|4|343993600|31300|19582100|12300|2917300|225000|363832000
COIN_REQUEST_TIMING|1790510663839|false|true|4|348627100|20000|30591000|11300|10975000|263200|379501300
COIN_REQUEST_TIMING|1790510663841|false|true|4|349240400|21900|33543900|14700|6793200|236700|383042900
COIN_REQUEST_TIMING|1790510663842|false|true|4|360486200|12600|25581800|14100|10198900|240700|386321300
COIN_REQUEST_TIMING|1790510663843|false|true|4|375905900|17400|15230700|16700|1799100|272500|391426500
COIN_REQUEST_TIMING|1790510663844|false|true|4|380158000|20700|19295300|12800|1213300|363700|399837700
COIN_REQUEST_TIMING|1790510663847|false|true|4|381454200|19200|20432800|13100|4680200|217200|402123400
COIN_REQUEST_TIMING|1790510663847|false|true|4|386971400|24100|20414500|15500|317600|219800|407629800
COIN_REQUEST_TIMING|1790510663847|false|true|4|396752700|18100|24824600|13700|15202200|253500|421848900
COIN_REQUEST_TIMING|1790510663852|false|true|4|396742500|15800|23488200|13800|12629000|235700|420482200
COIN_REQUEST_TIMING|1790510663853|false|true|4|402533400|16600|20846600|10900|9316400|252400|423649000
COIN_REQUEST_TIMING|1790510663853|false|true|4|416544100|20000|9580800|13200|2196700|309100|426454000
COIN_REQUEST_TIMING|1790510663854|false|true|4|418199700|20900|9882200|15000|2270700|260800|428363600
COIN_REQUEST_TIMING|1790510663854|false|true|4|422061400|20700|9226600|14000|2559600|211100|431519800
COIN_REQUEST_TIMING|1790510663857|false|true|4|422822000|19800|10044700|15200|2001400|227800|433114300
COIN_REQUEST_TIMING|1790510663857|false|true|4|426035900|18300|11849500|15400|1343600|225300|438129000
COIN_REQUEST_TIMING|1790510663857|false|true|4|429173600|20900|11563000|13600|3680400|245100|441002600
COIN_REQUEST_TIMING|1790510663868|false|true|4|421964500|34100|11945200|13100|2650000|201900|434145700
COIN_REQUEST_TIMING|1790510663868|false|true|4|427178600|16600|10643200|16000|138300|200900|438039300
COIN_REQUEST_TIMING|1790510663868|false|true|4|429834200|21500|11710000|9700|684100|220400|441786100
COIN_REQUEST_TIMING|1790510663868|false|true|4|433600600|17800|12430900|10800|4026100|257700|446307000
COIN_REQUEST_TIMING|1790510663870|false|true|4|435463500|18200|12618600|49200|3207800|242400|448342700
COIN_REQUEST_TIMING|1790510663870|false|true|4|439343200|17100|11931200|12600|4505300|235500|451527000
COIN_REQUEST_TIMING|1790510663870|false|true|4|444305700|19200|21382100|13400|966300|385500|466092500
COIN_REQUEST_TIMING|1790510663871|false|true|4|447594600|18700|25700200|11100|9060200|234600|473548100
COIN_REQUEST_TIMING|1790510663873|false|true|4|449144100|19100|29869600|15800|913800|318300|479351100
COIN_REQUEST_TIMING|1790510663873|false|true|4|463763800|17100|21152900|13700|1576300|260200|485194000
COIN_REQUEST_TIMING|1790510663873|false|true|4|471412700|16700|16238400|11500|5651100|233200|487901000
COIN_REQUEST_TIMING|1790510663875|false|true|4|476964900|23900|11371500|15200|1424900|251100|488611400
COIN_REQUEST_TIMING|1790510663875|false|true|4|482685200|44300|8449000|15500|959800|214700|491393200
COIN_REQUEST_TIMING|1790510663875|false|true|4|486082900|17600|7426000|30000|770800|232400|493758900
COIN_REQUEST_TIMING|1790510663877|false|true|4|486882400|38400|8549100|8800|532600|2315800|497785700
COIN_REQUEST_TIMING|1790510663877|false|true|4|489674200|20400|8411200|7100|2016100|202900|498308700
COIN_REQUEST_TIMING|1790510663879|false|true|4|490095800|21300|9434500|7100|1506000|193500|499745100
COIN_REQUEST_TIMING|1790510663879|false|true|4|495713200|30700|9690900|6500|333300|213600|505648400
COIN_REQUEST_TIMING|1790510663879|false|true|4|496246300|36700|12832300|5700|2936500|239100|509354400
COIN_REQUEST_TIMING|1790510663879|false|true|4|499629900|16300|12520000|8100|4066800|212500|512378700
COIN_REQUEST_TIMING|1790510663881|false|true|4|503838300|17500|9284000|7400|2088800|209400|513349200
COIN_REQUEST_TIMING|1790510663881|false|true|4|507674600|18700|8461900|7300|1163300|232000|516387200
COIN_REQUEST_TIMING|1790510663881|false|true|4|510285500|16700|8694200|8100|1675200|228800|519225200
COIN_REQUEST_TIMING|1790510663882|false|true|4|511896600|25700|9345700|8200|1712400|254100|521522100
COIN_REQUEST_TIMING|1790510663883|false|true|4|514405600|16200|9638500|6500|3258900|214000|524274300
COIN_REQUEST_TIMING|1790510663883|false|true|4|517748600|21400|9648000|8000|2511400|277600|527695600
COIN_REQUEST_TIMING|1790510663884|false|true|4|519765600|18100|11541100|8400|1741000|232300|531557100
COIN_REQUEST_TIMING|1790510663884|false|true|4|523111500|30200|13823200|8000|4791200|227400|537192300
COIN_REQUEST_TIMING|1790510663884|false|true|4|525976500|15200|13615100|6300|4703000|248200|539855000
COIN_REQUEST_TIMING|1790510663886|false|true|4|538259400|17600|6830400|6300|68800|233400|545340800
COIN_REQUEST_TIMING|1790510663885|false|true|4|530017100|24500|21625000|8800|3551800|196700|551863300
COIN_REQUEST_TIMING|1790510663886|false|true|4|535016700|14100|19934800|7500|4075500|186000|555151600
COIN_REQUEST_TIMING|1790510663888|false|true|4|543521900|84200|13032000|7600|4777100|238400|556876500
COIN_REQUEST_TIMING|1790510663888|false|true|4|549458900|13200|10207900|7900|2522600|240600|559920600
COIN_REQUEST_TIMING|1790510663888|false|true|4|553419900|13400|10300300|6700|1409900|223300|563956900
COIN_REQUEST_TIMING|1790510663890|false|true|4|555165900|16400|11232800|8300|1992900|199100|566614200
COIN_REQUEST_TIMING|1790510663890|false|true|4|558106900|23000|11070200|7200|3437800|233200|569433300
COIN_REQUEST_TIMING|1790510663891|false|true|4|561260400|17900|9467300|7800|1516100|229100|570974700
COIN_REQUEST_TIMING|1790510663892|false|true|4|564749700|19700|8617400|5700|993900|2138900|575525700
COIN_REQUEST_TIMING|1790510663894|false|true|4|565380700|22600|7876400|6600|1907400|149600|573429300
COIN_REQUEST_TIMING|1790510663894|false|true|4|567806600|21200|7682000|6400|1682200|210900|575720700
COIN_REQUEST_TIMING|1790510663898|false|true|4|568632200|18100|6996700|6000|75600|212600|575859600
COIN_REQUEST_TIMING|1790510663898|false|true|4|569484500|18500|9113800|5200|1572300|212200|578829000
COIN_REQUEST_TIMING|1790510663900|false|true|4|570156100|21000|9715400|5600|2352400|234900|580127400
COIN_REQUEST_TIMING|1790510663900|false|true|4|573271500|17700|8694500|6000|1322700|257300|582241000
COIN_REQUEST_TIMING|1790510663904|false|true|4|572301500|39900|10070800|5900|1722100|182300|582594500
COIN_REQUEST_TIMING|1790510663904|false|true|4|575285400|21600|9720800|6700|2521000|232500|585260300
COIN_REQUEST_TIMING|1790510663904|false|true|4|578029600|25000|10213000|7500|1329700|220400|588488000
COIN_REQUEST_TIMING|1790510663904|false|true|4|582529200|335300|9106500|7300|717300|218600|592189600
COIN_REQUEST_TIMING|1790510663904|false|true|4|585176300|23300|9393700|7100|1990200|228600|594821900
COIN_REQUEST_TIMING|1790510663905|false|true|4|588435500|20200|20821700|8100|240400|257400|609534800
COIN_REQUEST_TIMING|1790510663905|false|true|4|592147600|18200|23932600|5600|10840200|230500|616328900
COIN_REQUEST_TIMING|1790510663906|false|true|4|593380900|58000|29356500|7700|1994500|229100|623024500
COIN_REQUEST_TIMING|1790510663907|false|true|4|607552600|11500|18006300|4053100|245200|224500|625794900
COIN_REQUEST_TIMING|1790510663907|false|true|4|614154900|14300|18038300|3491000|261600|193100|632400600
COIN_REQUEST_TIMING|1790510663914|false|true|4|615020700|19100|14553500|6900|3547200|197200|629790500
COIN_REQUEST_TIMING|1790510663914|false|true|4|618203000|19600|14108900|8100|2956200|249000|632580500
COIN_REQUEST_TIMING|1790510663914|false|true|4|624878900|14800|11283200|2056400|72800|295600|636472500
COIN_REQUEST_TIMING|1790510663924|false|true|4|622925700|17600|7375000|6800|164100|220400|630538700
COIN_REQUEST_TIMING|1790510663920|false|true|4|623766800|15600|13705000|4300|216100|245600|637733000
COIN_REQUEST_TIMING|1790510663924|false|true|4|626982900|16700|9987200|8100|2316500|233900|637220700
COIN_REQUEST_TIMING|1790510663932|false|true|4|622691000|16500|9740900|6200|2476100|193400|632641800
COIN_REQUEST_TIMING|1790510663932|false|true|4|626057600|17300|9428200|6800|1544800|233500|635736600
COIN_REQUEST_TIMING|1790510663932|false|true|4|632184400|18700|8522400|7400|97600|212300|640937800
COIN_REQUEST_TIMING|1790510663932|false|true|4|629199700|21600|15114100|7800|1949200|182600|644518000
COIN_REQUEST_TIMING|1790510663932|false|true|4|635138500|15700|11962600|5600|5192600|1401600|648518400
COIN_REQUEST_TIMING|1790510663938|false|true|4|635218400|15100|10081200|6400|1557700|245400|645560100
COIN_REQUEST_TIMING|1790510663939|false|true|4|637497700|14200|10207100|5400|1712700|216500|647935500
COIN_REQUEST_TIMING|1790510663941|false|true|4|640520900|23700|15147600|7300|533500|208200|655900400
COIN_REQUEST_TIMING|1790510663947|false|true|4|636389100|33300|15606200|7300|5655700|216600|652245200
COIN_REQUEST_TIMING|1790510663958|false|true|4|628774900|20500|15338600|7800|5783600|196500|644330500
COIN_REQUEST_TIMING|1790510663958|false|true|4|638261800|16300|10147300|8500|1056900|1509800|649935200
COIN_REQUEST_TIMING|1790510663959|false|true|4|640620500|17300|11750800|7600|2610100|207700|652596300
COIN_REQUEST_TIMING|1790510663990|false|true|4|613056100|20400|13489300|5500|4211300|178600|626744400
COIN_REQUEST_TIMING|1790510663990|false|true|4|618494200|14500|9690100|7300|1614200|205700|628404500
COIN_REQUEST_TIMING|1790510663994|false|true|4|617556100|18300|9859700|7100|57800|392800|627826900
COIN_REQUEST_TIMING|1790510663995|false|true|4|621636100|20500|8980200|5500|1341400|194200|630831000
COIN_REQUEST_TIMING|1790510663996|false|true|4|622558400|16000|11850700|8500|2183500|188700|634613800
COIN_REQUEST_TIMING|1790510663998|false|true|4|624422300|16000|11976200|6500|1109900|196500|636611000
COIN_REQUEST_TIMING|1790510664001|false|true|4|624856700|20800|10733500|5600|1185500|267800|635878800
COIN_REQUEST_TIMING|1790510664002|false|true|4|628349800|16900|7999800|8100|556500|246000|636612500
COIN_REQUEST_TIMING|1790510664003|false|true|4|631325200|17100|7411900|6400|54900|513800|639268000
COIN_REQUEST_TIMING|1790510664003|false|true|4|633647400|21400|7812300|6300|849100|231400|641712500
COIN_REQUEST_TIMING|1790510664006|false|true|4|636389800|17600|8657500|8600|192700|229900|645294800
COIN_REQUEST_TIMING|1790510664007|false|true|4|637901600|24300|8874300|6300|72500|222300|647022500
COIN_REQUEST_TIMING|1790510664005|false|true|4|633500700|20600|19650300|6900|654900|217400|653389000
COIN_REQUEST_TIMING|1790510664009|false|true|4|642653200|18600|10712400|7300|2802000|202500|653586700
COIN_REQUEST_TIMING|1790510664011|false|true|4|643303700|19400|11606400|10500|1450200|211500|655141000
COIN_REQUEST_TIMING|1790510664017|false|true|4|642223700|17300|8954000|6600|1746500|270700|651465700
COIN_REQUEST_TIMING|1790510663823|false|true|4|131489800|18700|721815100|12400|20273400|294400|853618000
COIN_REQUEST_TIMING|1790510664029|false|true|4|633698600|18700|18319200|7000|487500|263300|652299800
COIN_REQUEST_TIMING|1790510664040|false|true|4|628586400|23500|17977900|7700|11454100|242500|646830300
COIN_REQUEST_TIMING|1790510664034|false|true|4|631327500|34900|23855400|7100|9994300|261700|655479500
COIN_REQUEST_TIMING|1790510664042|false|true|4|644924800|25000|7133600|8200|74800|216600|652300000
COIN_REQUEST_TIMING|1790510664040|false|true|4|640409100|17300|17916700|2335300|2678800|236800|658579900
COIN_REQUEST_TIMING|1790510664043|false|true|4|647261400|16300|12088600|6000|4264400|243800|659610100
COIN_REQUEST_TIMING|1790510664040|false|true|4|636260000|17000|29124000|6669800|7073600|207200|665608200
COIN_REQUEST_TIMING|1790510664043|false|true|4|651279600|17000|14214000|7800|5155500|215600|665726200
COIN_REQUEST_TIMING|1790510664043|false|true|4|655752300|21600|12749800|7200|3662600|189700|668713400
COIN_REQUEST_TIMING|1790510664044|false|true|4|657879300|18000|12294200|7200|4213300|214700|670406200
COIN_REQUEST_TIMING|1790510664045|false|true|4|660654900|16400|10868900|5600|3985400|180800|671721000
COIN_REQUEST_TIMING|1790510664048|false|true|4|660541500|16900|12031300|7100|3528400|231300|672821000
COIN_REQUEST_TIMING|1790510664057|false|true|4|657440400|18600|9091600|6000|1418900|200800|666751400
COIN_REQUEST_TIMING|1790510664062|false|true|4|655261600|17700|9676800|7600|1265500|210800|665166900
COIN_REQUEST_TIMING|1790510664066|false|true|4|654552400|18500|11216500|7800|176800|270800|666058200
COIN_REQUEST_TIMING|1790510664068|false|true|4|656655000|16700|11339800|5200|1707200|206100|668217600
COIN_REQUEST_TIMING|1790510664051|false|true|4|661479100|12800|25730400|6100|4411900|255800|687478100
COIN_REQUEST_TIMING|1790510664073|false|true|4|654595700|22200|13019100|7400|5127600|233100|667870100
COIN_REQUEST_TIMING|1790510664079|false|true|4|653451400|21500|11075300|6700|3313400|173300|664721500
COIN_REQUEST_TIMING|1790510664083|false|true|4|653214700|13100|9647400|4900|2973800|212400|663087600
COIN_REQUEST_TIMING|1790510664086|false|true|4|652243600|24100|10212000|6700|2975500|240200|662719900
COIN_REQUEST_TIMING|1790510664087|false|true|4|653692600|22700|13607500|7400|2803800|205400|667528200
COIN_REQUEST_TIMING|1790510664087|false|true|4|656457400|15700|13728000|6100|6553600|214000|670415100
COIN_REQUEST_TIMING|1790510664088|false|true|4|658138300|26300|16359400|7700|4462900|205800|674729800
COIN_REQUEST_TIMING|1790510664090|false|true|4|659078500|15600|18678400|6300|3775900|194700|677967200
COIN_REQUEST_TIMING|1790510664096|false|true|4|658500400|126000|15673800|7800|6967100|188200|674488400
COIN_REQUEST_TIMING|1790510664097|false|true|4|660420400|20700|15814100|7800|6045500|366200|676621400
COIN_REQUEST_TIMING|1790510664098|false|true|4|664202600|16500|14845300|6800|2830000|216900|679281300
COIN_REQUEST_TIMING|1790510664103|false|true|4|664634800|21300|13488600|6700|4559200|241400|678386100
COIN_REQUEST_TIMING|1790510664104|false|true|4|666026100|18100|15308300|7800|4638800|226500|681579000
COIN_REQUEST_TIMING|1790510664114|false|true|4|660053800|17600|24719600|6600|5206700|854100|685645100
COIN_REQUEST_TIMING|1790510664117|false|true|4|660137900|14000|24541300|6900|11752800|222700|684915900
COIN_REQUEST_TIMING|1790510664121|false|true|4|660187300|22800|23294900|6300|13777500|232800|683737800
COIN_REQUEST_TIMING|1790510664133|false|true|4|653158100|17600|22667000|46600|2695800|224700|676067400
COIN_REQUEST_TIMING|1790510664145|false|true|4|657161400|23900|9764600|5200|1481400|212100|667162000
COIN_REQUEST_TIMING|1790510664149|false|true|4|660348800|21400|7619400|8300|102000|219000|668208600
COIN_REQUEST_TIMING|1790510664147|false|true|4|657895900|23800|14662500|7100|107500|188500|672770700
COIN_REQUEST_TIMING|1790510664140|false|true|4|659268500|20600|22451700|7400|778700|236900|681977700
COIN_REQUEST_TIMING|1790510664151|false|true|4|661587500|20000|12402400|6200|2777100|220200|674230100
COIN_REQUEST_TIMING|1790510664151|false|true|4|665454500|18800|11563900|7500|3460800|176900|677214100
COIN_REQUEST_TIMING|1790510664161|false|true|4|659038700|17600|11781800|6000|3510100|209200|671047300
COIN_REQUEST_TIMING|1790510664164|false|true|4|658439700|22200|12252500|6900|1250800|244000|670958400
COIN_REQUEST_TIMING|1790510664168|false|true|4|661070500|18600|15047400|5200|5087800|188900|676325400
COIN_REQUEST_TIMING|1790510664180|false|true|4|651788100|15100|15529800|8200|5931200|241300|667574300
COIN_REQUEST_TIMING|1790510664166|false|true|4|658741700|21600|24817400|8300|2441500|235700|683816400
COIN_REQUEST_TIMING|1790510664180|false|true|4|654709300|14300|15745500|9300|79500|188600|670657700
COIN_REQUEST_TIMING|1790510664185|false|true|4|659278700|16100|10781000|4900|1052600|258700|670334500
COIN_REQUEST_TIMING|1790510664187|false|true|4|660527100|18200|9043300|6100|246600|192600|669781200
COIN_REQUEST_TIMING|1790510664189|false|true|4|661703600|18600|9398900|7200|330600|208100|671329200
COIN_REQUEST_TIMING|1790510664188|false|true|4|662170700|25300|12816200|5900|2478000|209200|675221400
COIN_REQUEST_TIMING|1790510664197|false|true|4|658371500|12200|10998000|5500|2908300|232600|669614300
COIN_REQUEST_TIMING|1790510664202|false|true|4|654883600|21600|11932000|7100|3309400|225600|667062800
COIN_REQUEST_TIMING|1790510664217|false|true|4|646068500|20500|8894200|6600|796600|231600|655214800
COIN_REQUEST_TIMING|1790510664223|false|true|4|643635400|16200|19642100|6600|11697000|217300|663511000
COIN_REQUEST_TIMING|1790510664227|false|true|4|641933900|17600|19017200|6800|8566200|250100|661218800
COIN_REQUEST_TIMING|1790510664207|false|true|4|653256200|24100|28448000|6200|12307000|604600|682332900
COIN_REQUEST_TIMING|1790510664230|false|true|4|642217200|17700|20305400|7300|9751900|211700|662752000
COIN_REQUEST_TIMING|1790510664233|false|true|4|653860300|19700|11194000|20400|1165000|220900|665294900
COIN_REQUEST_TIMING|1790510664236|false|true|4|652277600|20100|11669500|6100|1881200|704000|664671200
COIN_REQUEST_TIMING|1790510664241|false|true|4|648817800|17600|13503300|4500|4546000|924300|663263000
COIN_REQUEST_TIMING|1790510664244|false|true|4|649170300|16400|12312900|6600|2756500|212100|661711700
COIN_REQUEST_TIMING|1790510664251|false|true|4|646605000|32100|11769100|7100|90100|204300|658610500
COIN_REQUEST_TIMING|1790510664263|false|true|4|640727700|18700|8134800|6800|663300|209500|649090700
COIN_REQUEST_TIMING|1790510664267|false|true|4|638225200|21600|9296800|6100|1698800|224900|647768500
COIN_REQUEST_TIMING|1790510664258|false|true|4|642876000|20500|17492600|7500|3223100|262800|660651900
COIN_REQUEST_TIMING|1790510664271|false|true|4|638824300|25400|12533100|6100|3961700|225800|651608600
COIN_REQUEST_TIMING|1790510664272|false|true|4|639921100|22000|15734300|6600|5154300|199400|655876800
COIN_REQUEST_TIMING|1790510664281|false|true|4|638178900|21000|15244900|7300|4688300|221300|653666100
COIN_REQUEST_TIMING|1790510664275|false|true|4|639714800|18400|21440100|6100|6715500|395900|661569200
COIN_REQUEST_TIMING|1790510664282|false|true|4|640469200|18400|19349900|6400|3528200|219900|660057400
COIN_REQUEST_TIMING|1790510664284|false|true|4|644178700|17100|16343600|7100|5631900|200300|660739700
COIN_REQUEST_TIMING|1790510664286|false|true|4|648484300|14100|12469400|6300|4435100|207400|661175200
COIN_REQUEST_TIMING|1790510664292|false|true|4|645612100|33200|16763600|8500|3977300|214400|662623300
COIN_REQUEST_TIMING|1790510664296|false|true|4|646182900|22200|13962000|6300|5982400|204400|660371500
COIN_REQUEST_TIMING|1790510664300|false|true|4|645733700|17500|15597200|5500|5461300|267700|661616100
COIN_REQUEST_TIMING|1790510664308|false|true|4|640076600|17900|14405800|5600|4502000|247400|654747700
COIN_REQUEST_TIMING|1790510664315|false|true|4|638918300|18500|10832300|5800|2944600|193100|649962200
COIN_REQUEST_TIMING|1790510664325|false|true|4|631397800|20600|12945700|6800|1651900|200400|644564500
COIN_REQUEST_TIMING|1790510664326|false|true|4|636217100|18300|10145200|5800|2101200|258200|646638800
COIN_REQUEST_TIMING|1790510664332|false|true|4|631177700|24700|13203500|8000|4287000|212600|644618500
COIN_REQUEST_TIMING|1790510664333|false|true|4|637170300|17100|12015800|5800|4138400|201300|649404500
COIN_REQUEST_TIMING|1790510664334|false|true|4|638468000|18100|14514700|8000|123400|179600|653180400
COIN_REQUEST_TIMING|1790510664333|false|true|4|632769700|16500|24733300|5800|5101300|235800|657755300
COIN_REQUEST_TIMING|1790510664341|false|true|4|635853000|15800|14161100|5800|1402000|194400|650224300
COIN_REQUEST_TIMING|1790510664348|false|true|4|634375200|12600|11147800|6000|2251700|212600|645748200
COIN_REQUEST_TIMING|1790510664358|false|true|4|629070300|18600|13918800|7200|82500|209300|643217000
COIN_REQUEST_TIMING|1790510664360|false|true|4|631093600|14400|12594600|4800|3263200|250200|643952800
COIN_REQUEST_TIMING|1790510664360|false|true|4|630684300|18300|16176000|4400|5292300|204400|647083000
COIN_REQUEST_TIMING|1790510664361|false|true|4|632441600|17900|15493600|5700|3681100|247800|648200900
COIN_REQUEST_TIMING|1790510664365|false|true|4|636891800|12800|11248500|4700|545400|222900|648376000
COIN_REQUEST_TIMING|1790510664368|false|true|4|635569300|20100|11896800|7900|2936800|219600|647705800
COIN_REQUEST_TIMING|1790510664371|false|true|4|636349600|15800|14009200|5800|1680400|263600|650638200
COIN_REQUEST_TIMING|1790510664372|false|true|4|637532200|18000|16463400|6000|5907500|1085800|655099400
COIN_REQUEST_TIMING|1790510664377|false|true|4|639554100|20100|13825400|6300|2681600|214400|653614000
COIN_REQUEST_TIMING|1790510664382|false|true|4|644403200|304100|13992800|6100|342800|271800|658971900
COIN_REQUEST_TIMING|1790510664373|false|true|4|639694400|21800|28630600|6000|3764600|320000|668666800
COIN_REQUEST_TIMING|1790510664378|false|true|4|642848400|22500|22680300|8542100|5873800|227200|665778400
COIN_REQUEST_TIMING|1790510664387|false|true|4|643407100|17200|17509400|3300|2198900|614900|661548600
COIN_REQUEST_TIMING|1790510664390|false|true|4|650456800|16300|11480700|6100|464500|182700|662136500
COIN_REQUEST_TIMING|1790510664393|false|true|4|649034000|18000|14100400|4700|4539700|238500|663390900
COIN_REQUEST_TIMING|1790510664398|false|true|4|650159100|73100|13858700|6300|4206700|214900|664305800
COIN_REQUEST_TIMING|1790510664403|false|true|4|649995200|16400|13175100|7200|2753100|278200|663464900
COIN_REQUEST_TIMING|1790510664398|false|true|4|646483400|20900|27538400|7400|3889100|456200|674498900
COIN_REQUEST_TIMING|1790510664408|false|true|4|653916700|18700|23544900|8100|348400|224000|677704300
COIN_REQUEST_TIMING|1790510664414|false|true|4|652007300|22800|31325500|7300|13073400|222000|683577600
COIN_REQUEST_TIMING|1790510664418|false|true|4|654235000|15300|36777000|8900|12478400|455300|691482600
COIN_REQUEST_TIMING|1790510664422|false|true|4|664464800|11700|25377600|22400|9636700|202900|690057000
COIN_REQUEST_TIMING|1790510664423|false|true|4|675078300|18500|16488300|2084800|6334500|194400|691779500
COIN_REQUEST_TIMING|1790510664404|false|true|4|652617900|21300|61949200|7200|28865100|212000|714800400
COIN_REQUEST_TIMING|1790510664424|false|true|4|685695300|45800|13325400|5400|88500|221700|699288200
COIN_REQUEST_TIMING|1790510664427|false|true|4|685072400|20200|20868800|6300|1969900|201400|706162800
COIN_REQUEST_TIMING|1790510664430|false|true|4|684795600|13500|23158900|29600|6781400|311200|708279200
COIN_REQUEST_TIMING|1790510664438|false|true|4|680387800|14100|21232000|145900|5747800|232100|701866000
COIN_REQUEST_TIMING|1790510664443|false|true|4|680083600|23800|19681500|1694400|3908600|217600|700006500
COIN_REQUEST_TIMING|1790510664446|false|true|4|692141400|977500|8028200|7200|67300|190700|701337800
COIN_REQUEST_TIMING|1790510664444|false|true|4|688947400|14100|17759300|6328500|1051300|230500|706951300
COIN_REQUEST_TIMING|1790510664450|false|true|4|692614300|18800|15859200|2500|6174100|235200|708727500
COIN_REQUEST_TIMING|1790510664448|false|true|4|691864800|38500|22933500|1800|3075900|220800|715057600
COIN_REQUEST_TIMING|1790510664456|false|true|4|691380900|16200|20606900|2400|5018100|266200|712270200
COIN_REQUEST_TIMING|1790510664458|false|true|4|693159000|19100|19897200|2100|5525200|213500|713288800
COIN_REQUEST_TIMING|1790510664467|false|true|4|692187200|16700|14627600|3700|3457600|216500|707048000
COIN_REQUEST_TIMING|1790510664474|false|true|4|689649200|20000|13023300|719900|1917000|234600|702927100
COIN_REQUEST_TIMING|1790510664488|false|true|4|680471500|22900|14352800|3200|1801100|219800|695067000
COIN_REQUEST_TIMING|1790510664497|false|true|4|674933600|15800|16039400|3100|3949000|195200|691184000
COIN_REQUEST_TIMING|1790510664506|false|true|4|668524500|18300|17303000|2500|6061100|249000|686094800
COIN_REQUEST_TIMING|1790510664508|false|true|4|668821000|15700|21515800|3500|5570000|225700|690578200
COIN_REQUEST_TIMING|1790510664510|false|true|4|673003700|23800|24509300|3900|5044200|259300|697796100
COIN_REQUEST_TIMING|1790510664516|false|true|4|675918000|17400|21100600|3538100|1519700|199400|697235400
COIN_REQUEST_TIMING|1790510664510|false|true|4|677290400|16000|25211300|2300|8028300|130700|702648400
COIN_REQUEST_TIMING|1790510664524|false|true|4|674900300|23200|116634100|3600|516200|274100|791831700
COIN_REQUEST_TIMING|1790510664550|false|true|4|663666900|17400|130433600|1734700|87700|224000|794341900
COIN_REQUEST_TIMING|1790510664548|false|true|4|665550700|133600|133427300|2985600|17196300|224800|799336400
COIN_REQUEST_TIMING|1790510664532|false|true|4|675288500|20500|143694300|109831000|17116800|230400|819233700
COIN_REQUEST_TIMING|1790510664550|false|true|4|765895700|171500|39074200|16596400|2870500|220000|805361400
COIN_REQUEST_TIMING|1790510664550|false|true|4|793476800|21800|13393600|2300|4899800|200600|807092800
COIN_REQUEST_TIMING|1790510664552|false|true|4|794788800|14100|12965200|2400|3184100|204400|807972500
COIN_REQUEST_TIMING|1790510664553|false|true|4|799004200|22300|11484900|2900|2131200|232900|810744300
COIN_REQUEST_TIMING|1790510664558|false|true|4|797110900|23600|11859300|2400|1514100|211300|809205100
COIN_REQUEST_TIMING|1790510664559|false|true|4|798718600|16200|12253900|3800|2467200|269800|811258500
COIN_REQUEST_TIMING|1790510664566|false|true|4|794102300|12100|14941400|1700|1175300|247400|809303200
COIN_REQUEST_TIMING|1790510664569|false|true|4|794612300|17600|14884900|2700|4082200|190000|809704800
COIN_REQUEST_TIMING|1790510664571|false|true|4|796002200|22900|17274700|3400|2164000|220000|813519800
COIN_REQUEST_TIMING|1790510664585|false|true|4|790186900|12500|18320400|2200|7751800|236900|808756700
COIN_REQUEST_TIMING|1790510664633|false|true|4|745540700|18400|18601800|2600|4065900|211600|764372500
COIN_REQUEST_TIMING|1790510664689|false|true|4|705452300|13600|9011500|2800|118500|212600|714690000
COIN_REQUEST_TIMING|1790510664744|false|true|4|653214900|19600|10517300|2900|89800|182300|663934100
COIN_REQUEST_TIMING|1790510664656|false|true|4|729203500|21300|29128500|3900|413600|187500|758540800
COIN_REQUEST_TIMING|1790510664843|false|true|4|560711200|20500|12994900|2200|1757700|225800|573952400
COIN_REQUEST_TIMING|1790510664583|false|true|4|786957700|19300|51493100|3700|1617100|199500|838669600
COIN_REQUEST_TIMING|1790510665529|false|true|4|2100|190600|5747500|2814100|0|157100|6097300
COIN_REQUEST_TIMING|1790510665557|false|true|4|800|633800|2771100|2400|0|1198700|4604400
COIN_REQUEST_TIMING|1790510665542|false|true|4|3800|26600|50143900|46659900|0|196400|50370700
COIN_REQUEST_TIMING|1790510665583|false|true|4|9283800|15900|5496600|4400|0|231900|15028200
COIN_REQUEST_TIMING|1790510665563|false|true|4|1800|799800|36857700|33006700|0|94500|37753800
COIN_REQUEST_TIMING|1790510665557|false|true|4|2700|51500|48535200|43418000|0|243900|48833300
COIN_REQUEST_TIMING|1790510665595|false|true|4|6118600|11700|5168000|2500|0|203600|11501900
COIN_REQUEST_TIMING|1790510665586|false|true|4|12251800|22400|14009000|8072500|0|176900|26460100
COIN_REQUEST_TIMING|1790510665603|false|true|4|3095800|12700|7763700|3900|0|185600|11057800
COIN_REQUEST_TIMING|1790510665554|false|true|4|2000|23800|72154400|65700200|0|192400|72372600
COIN_REQUEST_TIMING|1790510665604|false|true|4|10171800|9000|21281900|12414400|0|337500|31800200
COIN_REQUEST_TIMING|1790510665598|false|true|4|7969600|9800|31625500|22526600|0|595100|40200000
COIN_REQUEST_TIMING|1790510665612|false|true|4|14903000|16500|18372000|11218700|0|273700|33565200
COIN_REQUEST_TIMING|1790510665617|false|true|4|21514800|12900|7546100|3200|0|191200|29265000
COIN_REQUEST_TIMING|1790510665604|false|true|4|8201500|10900|45776600|37958600|0|212600|54201600
COIN_REQUEST_TIMING|1790510665612|false|true|4|23693400|13500|23093900|15011700|0|209400|47010200
COIN_REQUEST_TIMING|1790510665618|false|true|4|27871900|18800|14083600|5737400|0|205800|42180100
COIN_REQUEST_TIMING|1790510665621|false|true|4|25320800|16000|17209600|12493000|0|201700|42748100
COIN_REQUEST_TIMING|1790510665623|false|true|4|34829100|14300|7004700|2462000|0|171400|42019500
COIN_REQUEST_TIMING|1790510665646|false|true|4|18164700|16200|4334000|5900|0|232100|22747000
COIN_REQUEST_TIMING|1790510665653|false|true|4|12520100|15500|12256600|3147900|0|233200|25025400
COIN_REQUEST_TIMING|1790510665629|false|true|4|30796600|20600|29557300|18077800|0|194900|60569400
COIN_REQUEST_TIMING|1790510665680|false|true|4|2200|100100|12030600|1224700|0|253400|12386300
COIN_REQUEST_TIMING|1790510665683|false|true|4|6886700|17900|13498500|3700|0|191700|20594800
COIN_REQUEST_TIMING|1790510665683|false|true|4|8809700|45500|18805500|1320800|0|162500|27823200
COIN_REQUEST_TIMING|1790510665700|false|true|4|3933400|19300|14803800|7157300|0|194600|18951100
COIN_REQUEST_TIMING|1790510665700|false|true|4|11034900|12000|14594800|6873400|0|186800|25828500
COIN_REQUEST_TIMING|1790510665701|false|true|4|17947800|31300|14289300|3898400|0|163200|32431600
COIN_REQUEST_TIMING|1790510665714|false|true|4|12059700|12400|12258300|3607600|0|200800|24531200
COIN_REQUEST_TIMING|1790510665626|false|true|4|33251400|16400|87619700|6579000|0|554400|121441900
COIN_REQUEST_TIMING|1790510665718|false|true|4|15022500|21200|16386900|7720900|0|243200|31673800
COIN_REQUEST_TIMING|1790510665720|false|true|4|18186700|64000|13570300|5920900|0|184800|32005800
COIN_REQUEST_TIMING|1790510665729|false|true|4|18433200|15700|5176700|2800|0|142900|23768500
COIN_REQUEST_TIMING|1790510665751|false|true|4|1879800|18500|31519900|11349700|0|209900|33628100
COIN_REQUEST_TIMING|1790510665743|false|true|4|6270700|41300|40179500|25007500|0|208800|46700300
COIN_REQUEST_TIMING|1790510665749|false|true|4|2724200|15900|37956100|23088600|0|129800|40826000
COIN_REQUEST_TIMING|1790510665751|false|true|4|33660200|22400|14133100|5265100|0|203300|48019000
COIN_REQUEST_TIMING|1790510665758|false|true|4|32447700|15400|16772800|9681200|0|184400|49420300
COIN_REQUEST_TIMING|1790510665761|false|true|4|38049500|14900|10998800|7723500|0|186500|49249700
COIN_REQUEST_TIMING|1790510665674|false|true|4|1600|71600|144065100|3900|0|222900|144361200
COIN_REQUEST_TIMING|1790510665767|false|true|4|51151100|24000|2407700|3300|0|244800|53827600
COIN_REQUEST_TIMING|1790510665775|false|true|4|46583000|20000|2334200|2800|0|380100|49317300
COIN_REQUEST_TIMING|1790510665767|false|true|4|40458900|20400|21538200|2036200|0|259300|62276800
COIN_REQUEST_TIMING|1790510665795|false|true|4|29376300|21200|17193900|3300|0|466200|47057600
COIN_REQUEST_TIMING|1790510665759|false|true|4|31756400|11400|51943000|21376200|0|138900|83849700
COIN_REQUEST_TIMING|1790510665767|false|true|4|43187800|21100|37451000|2339800|0|213900|80873800
COIN_REQUEST_TIMING|1790510665833|false|true|4|9553500|16700|8362500|3100|0|220500|18153200
COIN_REQUEST_TIMING|1790510665831|false|true|4|11184600|19600|10038000|6162100|0|172500|21414700
COIN_REQUEST_TIMING|1790510665833|false|true|4|15402900|16700|7533300|2920600|0|189300|23142200
COIN_REQUEST_TIMING|1790510665834|false|true|4|17266800|21300|12441800|2432700|0|218000|29947900
COIN_REQUEST_TIMING|1790510665837|false|true|4|18779800|17500|15036100|909700|0|223000|34056400
COIN_REQUEST_TIMING|1790510665835|false|true|4|17403700|13100|21720800|4727200|0|234700|39372300
COIN_REQUEST_TIMING|1790510665844|false|true|4|19658100|18200|24263600|10020000|0|221900|44161800
COIN_REQUEST_TIMING|1790510665861|false|true|4|10782100|18200|18171800|4700|0|228100|29200200
COIN_REQUEST_TIMING|1790510665862|false|true|4|11777700|20900|28609200|12793900|0|224100|40631900
COIN_REQUEST_TIMING|1790510665863|false|true|4|25925500|16500|15911500|5500|0|250300|42103800
COIN_REQUEST_TIMING|1790510665863|false|true|4|27423900|16400|40349100|23411400|0|230000|68019400
COIN_REQUEST_TIMING|1790510665868|false|true|4|35047600|19700|33181200|15093500|0|300200|68548700
COIN_REQUEST_TIMING|1790510665883|false|true|4|47256300|23500|21844700|11936900|0|213800|69338300
COIN_REQUEST_TIMING|1790510665908|false|true|4|28311200|22000|18581800|10908900|0|242700|47157700
COIN_REQUEST_TIMING|1790510665828|false|true|4|704700|30700|129680500|2300|0|267700|130683600
COIN_REQUEST_TIMING|1790510665876|false|true|4|28265000|23600|58587900|54074900|0|228800|87105300
COIN_REQUEST_TIMING|1790510665916|false|true|4|36939700|17700|13391900|10708700|0|245500|50594800
COIN_REQUEST_TIMING|1790510665950|false|true|4|16007100|19700|4448900|5300|0|177800|20653500
COIN_REQUEST_TIMING|1790510665946|false|true|4|12777800|17700|17627300|12640500|0|237200|30660000
COIN_REQUEST_TIMING|1790510665960|false|true|4|11138500|19000|5988600|3300|0|78500|17224600
COIN_REQUEST_TIMING|1790510665950|false|true|4|13928800|15100|15491400|10838700|0|193900|29629200
COIN_REQUEST_TIMING|1790510665937|false|true|4|18078500|26900|26347400|21783800|0|178100|44630900
COIN_REQUEST_TIMING|1790510665987|false|true|4|2000|67800|6055800|2848600|0|962000|7087600
COIN_REQUEST_TIMING|1790510665987|false|true|4|500|19800|17866900|14255600|0|2721300|20608500
COIN_REQUEST_TIMING|1790510665988|false|true|4|1400|12600|42567400|20013600|0|257800|42839200
COIN_REQUEST_TIMING|1790510666001|false|true|4|1900|31300|39830900|11144800|0|137200|40001300
COIN_REQUEST_TIMING|1790510665998|false|true|4|1400|31000|50706200|42978400|0|102800|50841400
COIN_REQUEST_TIMING|1790510666050|false|true|4|4100|39500|2344700|3300|0|240600|2628900
COIN_REQUEST_TIMING|1790510666053|false|true|4|1500|22200|2687200|3900|0|198100|2909000
COIN_REQUEST_TIMING|1790510666055|false|true|4|700|13200|6411300|2600|0|307400|6732600
COIN_REQUEST_TIMING|1790510666054|false|true|4|2100|56500|7020300|2200|0|179700|7258600
COIN_REQUEST_TIMING|1790510666061|false|true|4|3600|56400|6034700|3274500|0|271400|6366100
COIN_REQUEST_TIMING|1790510666069|false|true|4|1900|14400|14940000|8575400|0|262000|15218300
COIN_REQUEST_TIMING|1790510666080|false|true|4|2100|52200|4711900|228500|0|122500|4888700
COIN_REQUEST_TIMING|1790510666080|false|true|4|500|17800|21611500|14592500|0|179700|21809500
COIN_REQUEST_TIMING|1790510666080|false|true|4|1500|24200|24682800|16665000|0|218500|24927000
COIN_REQUEST_TIMING|1790510666094|false|true|4|1400|13800|13307400|4769200|0|230500|13553100
COIN_REQUEST_TIMING|1790510666094|false|true|4|7345900|23900|19020300|3335800|0|776200|27166300
COIN_REQUEST_TIMING|1790510666095|false|true|4|9931600|24400|17568400|2411900|0|242900|27767300
COIN_REQUEST_TIMING|1790510666096|false|true|4|11830000|16700|15681500|1587600|0|253100|27781300
COIN_REQUEST_TIMING|1790510666101|false|true|4|20907600|21900|5311600|3300|0|180000|26421100
COIN_REQUEST_TIMING|1790510666101|false|true|4|22518400|24500|10178300|5562400|0|138300|32859500
COIN_REQUEST_TIMING|1790510666103|false|true|4|20784400|14600|9697600|3614800|0|137000|30633600
COIN_REQUEST_TIMING|1790510666104|false|true|4|23156800|12100|8828200|3076500|0|203900|32201000
COIN_REQUEST_TIMING|1790510666104|false|true|4|29690500|15100|5429400|3800|0|222500|35357500
COIN_REQUEST_TIMING|1790510666112|false|true|4|21951500|11400|5732200|3100|0|134300|27829400
COIN_REQUEST_TIMING|1790510666120|false|true|4|20268100|17200|3774300|2800|0|150000|24209600
COIN_REQUEST_TIMING|1790510666112|false|true|4|23809700|16700|11686000|7496800|0|221100|35733500
COIN_REQUEST_TIMING|1790510666113|false|true|4|25802700|34500|10105700|5234500|0|185600|36128500
COIN_REQUEST_TIMING|1790510666131|false|true|4|17112300|19100|5991700|1363500|0|122600|23245700
COIN_REQUEST_TIMING|1790510666155|false|true|4|2400|28900|3844200|537700|0|194800|4070300
COIN_REQUEST_TIMING|1790510666157|false|true|4|2049800|14400|10862100|4200|0|191800|13118100
COIN_REQUEST_TIMING|1790510666165|false|true|4|4994200|19300|5409100|4800|0|203700|10626300
COIN_REQUEST_TIMING|1790510666130|false|true|4|13302300|13000|31897800|7115300|0|128000|45341100
COIN_REQUEST_TIMING|1790510666168|false|true|4|7222100|16300|5540800|4500|0|162900|12942100
COIN_REQUEST_TIMING|1790510666173|false|true|4|2759000|12900|5307400|1123400|0|131300|8210600
COIN_REQUEST_TIMING|1790510666180|false|true|4|932600|11600|3203300|3400|0|199400|4346900
COIN_REQUEST_TIMING|1790510666180|false|true|4|987400|14400|4603800|4300|0|209900|5815500
COIN_REQUEST_TIMING|1790510666184|false|true|4|1685200|15200|3875300|3600|0|115100|5690800
COIN_REQUEST_TIMING|1790510666136|false|true|4|13688100|13100|43890700|28367300|0|112300|57704200
COIN_REQUEST_TIMING|1790510666184|false|true|4|319500|17400|9498500|3786600|0|437600|10273000
COIN_REQUEST_TIMING|1790510666186|false|true|4|4509000|14200|7112500|3600|0|193600|11829300
COIN_REQUEST_TIMING|1790510666192|false|true|4|1564100|13200|4690000|2300|0|219700|6487000
COIN_REQUEST_TIMING|1790510666196|false|true|4|1726300|17700|2979800|3500|0|135300|4859100
COIN_REQUEST_TIMING|1790510666199|false|true|4|1800|26700|2959500|2900|0|170100|3158100
COIN_REQUEST_TIMING|1790510666193|false|true|4|2009500|16400|20350500|13556200|0|185700|22562100
COIN_REQUEST_TIMING|1790510666210|false|true|4|1500|52800|8822200|3644600|0|170800|9047300
COIN_REQUEST_TIMING|1790510666219|false|true|4|1300|61000|13568600|10267600|0|130100|13761000
COIN_REQUEST_TIMING|1790510666234|false|true|4|2200|26000|2997600|3700|0|192700|3218500
COIN_REQUEST_TIMING|1790510666227|false|true|4|1500|48600|12993000|8985900|0|220000|13263100
COIN_REQUEST_TIMING|1790510666235|false|true|4|3062100|17700|6212500|3300|0|81500|9373800
COIN_REQUEST_TIMING|1790510666238|false|true|4|2317500|23100|15138600|9070700|0|192900|17672100
COIN_REQUEST_TIMING|1790510666247|false|true|4|1600|113700|11057300|7323800|0|245200|11417800
COIN_REQUEST_TIMING|1790510666247|false|true|4|8366600|12900|5818700|19900|0|163600|14361800
COIN_REQUEST_TIMING|1790510666210|false|true|4|1600|33500|54063800|48926100|0|158200|54257100
COIN_REQUEST_TIMING|1790510666251|false|true|4|6800800|14800|8747800|3130700|0|207100|15770500
COIN_REQUEST_TIMING|1790510666262|false|true|4|2429300|20700|10041300|1474200|0|146600|12637900
COIN_REQUEST_TIMING|1790510666260|false|true|4|1065000|19600|13837100|3677100|0|226300|15148000
COIN_REQUEST_TIMING|1790510666263|false|true|4|3984000|22100|10817800|468500|0|320100|15144000
COIN_REQUEST_TIMING|1790510666265|false|true|4|9423500|19100|5788900|4000|0|619000|15850500
COIN_REQUEST_TIMING|1790510666267|false|true|4|10704300|24900|13454600|3300|0|231300|24415100
COIN_REQUEST_TIMING|1790510666271|false|true|4|21057200|22800|5246900|3600|0|233300|26560200
COIN_REQUEST_TIMING|1790510666269|false|true|4|13928400|12000|16428900|9512500|0|232900|30602200
COIN_REQUEST_TIMING|1790510666278|false|true|4|21288500|17400|3265000|3800|0|1210600|25781500
COIN_REQUEST_TIMING|1790510666267|false|true|4|8650600|17900|28554100|17029600|0|151200|37373800
COIN_REQUEST_TIMING|1790510666272|false|true|4|25359700|27300|10438100|3900|0|200400|36025500
COIN_REQUEST_TIMING|1790510666278|false|true|4|25385900|20100|14000200|3900|0|164300|39570500
COIN_REQUEST_TIMING|1790510666284|false|true|4|19788900|12500|14363000|3972500|0|223900|34388300
COIN_REQUEST_TIMING|1790510666286|false|true|4|21986900|15600|18505000|9472300|0|225600|40733100
COIN_REQUEST_TIMING|1790510666315|false|true|4|3298300|20000|12332800|3258300|0|229700|15880800
COIN_REQUEST_TIMING|1790510666321|false|true|4|2000|201200|18330300|5765100|0|254500|18788000
COIN_REQUEST_TIMING|1790510666329|false|true|4|1900|124400|15479900|1864800|0|224500|15830700
COIN_REQUEST_TIMING|1790510666332|false|true|4|1500|24300|13183600|1221100|0|85800|13295200
COIN_REQUEST_TIMING|1790510666346|false|true|4|2300|27400|23737100|3287100|0|297100|24063900
COIN_REQUEST_TIMING|1790510666353|false|true|4|1900|26900|21285200|4500|0|249700|21563700
COIN_REQUEST_TIMING|1790510666353|false|true|4|700|82300|21639200|2400|0|165800|21888000
COIN_REQUEST_TIMING|1790510666357|false|true|4|12466800|19200|14777800|4771100|0|196000|27459800
COIN_REQUEST_TIMING|1790510666372|false|true|4|2465300|27000|10763700|4800|0|221500|13477500
COIN_REQUEST_TIMING|1790510666388|false|true|4|1900|101400|10392800|4290800|0|101000|10597100
COIN_REQUEST_TIMING|1790510666404|false|true|4|1700|490100|4086100|2800|0|239600|4817500
COIN_REQUEST_TIMING|1790510666405|false|true|4|4076900|25500|12698900|4347100|0|353800|17155100
COIN_REQUEST_TIMING|1790510666404|false|true|4|1300|164600|18496700|8395100|0|151000|18813600
COIN_REQUEST_TIMING|1790510666420|false|true|4|1784100|30000|7667600|5700|0|210400|9692100
COIN_REQUEST_TIMING|1790510666381|false|true|4|2100|177800|52831600|33203300|0|217800|53229300
COIN_REQUEST_TIMING|1790510666420|false|true|4|2855700|16800|33419100|20116000|0|224500|36516100
COIN_REQUEST_TIMING|1790510666447|false|true|4|1800|41600|23038300|10774700|0|355400|23437100
COIN_REQUEST_TIMING|1790510666449|false|true|4|7906900|26200|22190800|4400|0|249400|30373300
COIN_REQUEST_TIMING|1790510666453|false|true|4|16742100|30500|15476600|5000|0|217600|32466800
COIN_REQUEST_TIMING|1790510666453|false|true|4|25863500|20500|23558100|4339900|0|1258700|50700800
COIN_REQUEST_TIMING|1790510666082|false|true|4|2574600|19700|432180500|109900|0|211700|434986500
COIN_REQUEST_TIMING|1790510666457|false|true|4|29266000|19200|37321800|4200|0|183400|66790400
COIN_REQUEST_TIMING|1790510666434|false|true|4|1900|94900|89395700|51506600|0|160600|89653100
COIN_REQUEST_TIMING|1790510666466|false|true|4|36938600|13000|26940400|6766100|0|116200|64008200
COIN_REQUEST_TIMING|1790510666476|false|true|4|47276000|18000|8663300|3967400|0|145000|56102300
COIN_REQUEST_TIMING|1790510666479|false|true|4|44403400|27100|8545600|4219900|0|135100|53111200
COIN_REQUEST_TIMING|1790510666484|false|true|4|46036200|15800|3815100|1900|0|172100|50039200
COIN_REQUEST_TIMING|1790510666491|false|true|4|40981800|20000|2334300|2100|0|137100|43473200
COIN_REQUEST_TIMING|1790510666497|false|true|4|35288000|15800|2361600|1600|0|139900|37805300
COIN_REQUEST_TIMING|1790510666514|false|true|4|20604800|21300|8942400|2900|0|208400|29776900
COIN_REQUEST_TIMING|1790510666498|false|true|4|36530600|19600|10522100|1900|0|205300|47277600
COIN_REQUEST_TIMING|1790510666550|false|true|4|4400|56300|10299500|4469900|0|165600|10525800
COIN_REQUEST_TIMING|1790510666542|false|true|4|2285200|33200|18690300|13033700|0|279200|21287900
COIN_REQUEST_TIMING|1790510666540|false|true|4|1800|38400|22578100|19331900|0|175300|22793600
COIN_REQUEST_TIMING|1790510666551|false|true|4|8771100|12400|8238400|3114900|0|95800|17117700
COIN_REQUEST_TIMING|1790510666555|false|true|4|7667400|30700|14391800|3554000|0|166500|22256400
COIN_REQUEST_TIMING|1790510666580|false|true|4|1500|152300|35210400|3500|0|925400|36289600
COIN_REQUEST_TIMING|1790510666580|false|true|4|1000|155700|35123700|2000|0|1687200|36967600
COIN_REQUEST_TIMING|1790510666582|false|true|4|34000300|15100|50335200|15829800|0|252400|84603000
COIN_REQUEST_TIMING|1790510666583|false|true|4|84260300|24500|10673300|4500|0|198900|95157000
COIN_REQUEST_TIMING|1790510666589|false|true|4|88739600|30900|6316900|2900|0|144800|95232200
COIN_REQUEST_TIMING|1790510666596|false|true|4|88397500|20000|7078500|3600|0|222800|95718800
COIN_REQUEST_TIMING|1790510666582|false|true|4|34242400|22900|82560400|7533300|0|247500|117073200
COIN_REQUEST_TIMING|1790510666603|false|true|4|88390400|21600|8652700|3500|0|169400|97234100
COIN_REQUEST_TIMING|1790510666611|false|true|4|88492200|21700|6737500|2500|0|194100|95445500
COIN_REQUEST_TIMING|1790510666612|false|true|4|88338700|14500|9567300|2600|0|221800|98142300
COIN_REQUEST_TIMING|1790510666615|false|true|4|91149600|18500|6848700|2600|0|196900|98213700
COIN_REQUEST_TIMING|1790510666617|false|true|4|93439300|22100|8092500|3000|0|217400|101771300
COIN_REQUEST_TIMING|1790510666618|false|true|4|95159800|28500|6937200|2700|0|246100|102371600
COIN_REQUEST_TIMING|1790510666630|false|true|4|88493100|59100|5534300|2800|0|202500|94289000
COIN_REQUEST_TIMING|1790510666631|false|true|4|89274800|21800|5656100|3200|0|242500|95195200
COIN_REQUEST_TIMING|1790510666632|false|true|4|92964800|18700|3650300|2100|0|202600|96836400
COIN_REQUEST_TIMING|1790510666635|false|true|4|91390600|24200|2066300|3500|0|189100|93670200
COIN_REQUEST_TIMING|1790510666676|false|true|4|52772300|21400|4025400|2200|0|179500|56998600
COIN_REQUEST_TIMING|1790510666636|false|true|4|92635100|19900|4679200|2000|0|185100|97519300
COIN_REQUEST_TIMING|1790510666677|false|true|4|56832400|19900|3594400|3300|0|240700|60687400
COIN_REQUEST_TIMING|1790510666676|false|true|4|56741900|21900|4390800|2600|0|152200|61306800
COIN_REQUEST_TIMING|1790510666677|false|true|4|60656600|31200|7978300|3600|0|150500|68816600
COIN_REQUEST_TIMING|1790510666677|false|true|4|60391400|18300|8266500|2500|0|136900|68813100
COIN_REQUEST_TIMING|1790510666688|false|true|4|57991500|20300|10484200|1152300|0|208700|68704700
COIN_REQUEST_TIMING|1790510666687|false|true|4|58874100|19300|12415300|1327000|0|159900|71468600
COIN_REQUEST_TIMING|1790510666689|false|true|4|67639100|29300|10022000|3900|0|202900|77893300
COIN_REQUEST_TIMING|1790510666705|false|true|4|61950500|18800|18980100|7412000|0|187200|81136600
COIN_REQUEST_TIMING|1790510666721|false|true|4|65546700|22300|16266800|7126200|0|256500|82092300
COIN_REQUEST_TIMING|1790510666724|false|true|4|79495200|21200|8308200|4000|0|197800|88022400
COIN_REQUEST_TIMING|1790510666740|false|true|4|71784500|18300|4062600|3100|0|222500|76087900
COIN_REQUEST_TIMING|1790510666776|false|true|4|40469200|23800|3980900|3300|0|220600|44694500
COIN_REQUEST_TIMING|1790510666795|false|true|4|25458100|16600|32823900|3300|0|143600|58442200
COIN_REQUEST_TIMING|1790510666795|false|true|4|58345400|15800|3188500|2600|0|178700|61728400
COIN_REQUEST_TIMING|1790510666698|false|true|4|60368000|20700|99421200|3200|0|192800|160002700
COIN_REQUEST_TIMING|1790510666798|false|true|4|58494300|17200|4294200|4400|0|232800|63038500
COIN_REQUEST_TIMING|1790510666802|false|true|4|56545200|16300|3248400|1900|0|132200|59942100
COIN_REQUEST_TIMING|1790510666807|false|true|4|54046600|18900|3956700|2900|0|188700|58210900
COIN_REQUEST_TIMING|1790510666812|false|true|4|50057100|14500|4224500|1500|0|160500|54456600
COIN_REQUEST_TIMING|1790510666818|false|true|4|47719100|14300|3756700|2400|0|126500|51616600
COIN_REQUEST_TIMING|1790510666818|false|true|4|47707900|17300|4346600|3100|0|141500|52213300
COIN_REQUEST_TIMING|1790510666834|false|true|4|36144200|14700|8509500|2700|0|210200|44878600
COIN_REQUEST_TIMING|1790510666834|false|true|4|35814200|20200|13438000|2400|0|189600|49462000
COIN_REQUEST_TIMING|1790510666843|false|true|4|36145000|21200|8286800|2400|0|185600|44638600
COIN_REQUEST_TIMING|1790510666845|false|true|4|42277300|11700|5411800|2800|0|219900|47920700
COIN_REQUEST_TIMING|1790510666845|false|true|4|38521100|17400|9858500|3300|0|196400|48593400
COIN_REQUEST_TIMING|1790510666855|false|true|4|38681400|58200|11019300|4000|0|182000|49940900
COIN_REQUEST_TIMING|1790510666847|false|true|4|45883100|19700|12461900|2600|0|216300|58581000
COIN_REQUEST_TIMING|1790510666864|false|true|4|42014600|17000|7397100|2700|0|250600|49679300
COIN_REQUEST_TIMING|1790510666859|false|true|4|46399300|13100|8836100|3100|0|125500|55374000
COIN_REQUEST_TIMING|1790510666877|false|true|4|36701900|32500|7722900|3000|0|209800|44667100
COIN_REQUEST_TIMING|1790510666902|false|true|4|12327200|14100|8728200|2400|0|226500|21296000
COIN_REQUEST_TIMING|1790510666902|false|true|4|19686000|26000|9445400|2700|0|193900|29351300
COIN_REQUEST_TIMING|1790510666921|false|true|4|1967800|25000|8929000|3100|0|182100|11103900
COIN_REQUEST_TIMING|1790510666936|false|true|4|2100|20500|4921700|2900|0|185600|5129900
COIN_REQUEST_TIMING|1790510666945|false|true|4|1600|207700|4511100|3400|0|200800|4921200
COIN_REQUEST_TIMING|1790510666950|false|true|4|1500|27800|3792300|3300|0|210900|4032500
COIN_REQUEST_TIMING|1790510666957|false|true|4|1700|86700|2299800|2200|0|228900|2617100
COIN_REQUEST_TIMING|1790510666966|false|true|4|1600|85500|4198000|2900|0|185000|4470100
COIN_REQUEST_TIMING|1790510666969|false|true|4|1600|49500|5559300|2400|0|124500|5734900
COIN_REQUEST_TIMING|1790510666984|false|true|4|1900|207900|4316300|3800|0|574900|5101000
COIN_REQUEST_TIMING|1790510666995|false|true|4|1800|109400|5518100|3600|0|195700|5825000
COIN_REQUEST_TIMING|1790510667000|false|true|4|1006000|31000|3395500|10300|0|193400|4625900
COIN_REQUEST_TIMING|1790510667003|false|true|4|1562400|18400|4682400|3400|0|198800|6462000
COIN_REQUEST_TIMING|1790510667013|false|true|4|1400|62100|4826000|4700|0|265700|5155200
COIN_REQUEST_TIMING|1790510667015|false|true|4|3468300|22100|4133300|4200|0|212400|7836100
COIN_REQUEST_TIMING|1790510667027|false|true|4|1700|230100|10842000|4100|0|221500|11295300
COIN_REQUEST_TIMING|1790510667033|false|true|4|5536000|23000|6771300|2900|0|308200|12638500
COIN_REQUEST_TIMING|1790510667037|false|true|4|8258200|21500|9706000|4900|0|233500|18219200
COIN_REQUEST_TIMING|1790510667051|false|true|4|5038200|22900|5067100|3300|0|190500|10318700
COIN_REQUEST_TIMING|1790510667063|false|true|4|2300|116200|3849100|4400|0|190700|4158300
COIN_REQUEST_TIMING|1790510667077|false|true|4|2400|422300|4178400|4000|0|239100|4842200
COIN_REQUEST_TIMING|1790510667077|false|true|4|4637300|39500|4992900|3300|0|280900|9950600
COIN_REQUEST_TIMING|1790510667084|false|true|4|3086600|23200|3000500|4900|0|311900|6422200
COIN_REQUEST_TIMING|1790510667088|false|true|4|2773300|27800|2430200|2800|0|213900|5445200
COIN_REQUEST_TIMING|1790510666982|false|true|4|1800|17600|113029100|2600|0|118500|113167000
COIN_REQUEST_TIMING|1790510667098|false|true|4|2100|131500|5962600|4600|0|186600|6282800
COIN_REQUEST_TIMING|1790510667098|false|true|4|500|54800|16321400|1995200|0|114300|16491000
COIN_REQUEST_TIMING|1790510667120|false|true|4|2100|35700|5849500|3100|0|233200|6120500
COIN_REQUEST_TIMING|1790510667134|false|true|4|1600|238400|6248900|7900|0|241000|6729900
COIN_REQUEST_TIMING|1790510667139|false|true|4|1570200|17600|9507400|2700|0|232300|11327500
COIN_REQUEST_TIMING|1790510667141|false|true|4|8889800|19800|4950200|2900|0|205700|14065500
COIN_REQUEST_TIMING|1790510667121|false|true|4|2200|152200|37864500|3600|0|22455400|60474300
COIN_REQUEST_TIMING|1790510667143|false|true|4|12231700|19300|42672300|4500|0|190600|55113900
COIN_REQUEST_TIMING|1790510666471|false|true|4|46293200|19400|679970000|28160800|0|276800|726559400
COIN_REQUEST_TIMING|1790510667151|false|true|4|47864800|66000|3097600|8200|0|335600|51364000
COIN_REQUEST_TIMING|1790510666556|false|true|4|7436300|20700|638863300|42719000|0|140200|646460500
COIN_REQUEST_TIMING|1790510667182|false|true|4|19836300|14300|2453700|1700|0|177200|22481500
COIN_REQUEST_TIMING|1790510667183|false|true|4|19935200|17600|3651500|2400|0|210100|23814400
COIN_REQUEST_TIMING|1790510667147|false|true|4|12760300|10900|49662100|3500|0|103300|62536600
COIN_REQUEST_TIMING|1790510667154|false|true|4|44617000|23200|11653100|2600|0|210700|56504000
COIN_REQUEST_TIMING|1790510667195|false|true|4|12128400|17200|5139400|3400|0|122100|17407100
COIN_REQUEST_TIMING|1790510667194|false|true|4|10548500|19000|11551400|2700|0|241700|22360600
COIN_REQUEST_TIMING|1790510667198|false|true|4|11577200|13200|13372500|2794800|0|105800|25068700
COIN_REQUEST_TIMING|1790510667214|false|true|4|2000|86200|12094900|2300|0|181800|12364900
COIN_REQUEST_TIMING|1790510667220|false|true|4|2200|108800|7251300|2900|0|383800|7746100
COIN_REQUEST_TIMING|1790510667221|false|true|4|1370000|10300|6672800|372900|0|176600|8229700
COIN_REQUEST_TIMING|1790510667221|false|true|4|2000|187800|10202000|3000|0|165100|10556900
COIN_REQUEST_TIMING|1790510667229|false|true|4|1600|174500|7615500|4400|0|130700|7922300
COIN_REQUEST_TIMING|1790510667225|false|true|4|999800|25500|11002600|3188000|0|174700|12202600
COIN_REQUEST_TIMING|1790510667230|false|true|4|1600|83000|11796900|7350200|0|124200|12005700
COIN_REQUEST_TIMING|1790510667236|false|true|4|2000|79000|5709200|2500500|0|191800|5982000
COIN_REQUEST_TIMING|1790510667244|false|true|4|1800|89500|5986500|3300|0|194500|6272300
COIN_REQUEST_TIMING|1790510667244|false|true|4|600|123800|7873900|565200|0|197400|8195700
COIN_REQUEST_TIMING|1790510667249|false|true|4|2800|18500|9601500|6521000|0|817900|10440700
COIN_REQUEST_TIMING|1790510667247|false|true|4|1400|48600|19235600|4000|0|186800|19472400
COIN_REQUEST_TIMING|1790510667265|false|true|4|1600|41200|5836800|3600|0|184400|6064000
COIN_REQUEST_TIMING|1790510667269|false|true|4|1400|41700|6030700|141500|0|220700|6294500
COIN_REQUEST_TIMING|1790510667276|false|true|4|2200|40000|3113200|3100|0|113300|3268700
COIN_REQUEST_TIMING|1790510667272|false|true|4|1700|276600|10007500|845800|0|185000|10470800
COIN_REQUEST_TIMING|1790510667281|false|true|4|1600|177800|3961700|2800|0|100100|4241200
COIN_REQUEST_TIMING|1790510667288|false|true|4|500|104600|3334000|2000|0|192800|3631900
COIN_REQUEST_TIMING|1790510667307|false|true|4|1200|193800|2020100|2100|0|135200|2350300
COIN_REQUEST_TIMING|1790510667288|false|true|4|600|30800|25606500|66600|0|126800|25764700
COIN_REQUEST_TIMING|1790510667287|false|true|4|2100|151700|25868700|2300|0|123000|26145500
COIN_REQUEST_TIMING|1790510667297|false|true|4|2100|74500|21011700|4400|0|217100|21305400
COIN_REQUEST_TIMING|1790510667326|false|true|4|1700|50000|3667500|2400|0|122500|3841700
COIN_REQUEST_TIMING|1790510667337|false|true|4|1800|109100|5394700|3600|0|101300|5606900
COIN_REQUEST_TIMING|1790510667337|false|true|4|1100|39400|7778400|3500|0|221100|8040000
COIN_REQUEST_TIMING|1790510667343|false|true|4|2000|174100|5158100|3300|0|162600|5496800
COIN_REQUEST_TIMING|1790510667347|false|true|4|1400|79800|3553700|2400|0|187800|3822700
COIN_REQUEST_TIMING|1790510667348|false|true|4|1500|35500|3377600|2200|0|131500|3546100
COIN_REQUEST_TIMING|1790510667350|false|true|4|1400|67800|2313300|2800|0|103100|2485600
COIN_REQUEST_TIMING|1790510667353|false|true|4|6400|30600|2877000|2200|0|129800|3043800
COIN_REQUEST_TIMING|1790510667364|false|true|4|2400|47000|2961500|2300|0|162100|3173000
COIN_REQUEST_TIMING|1790510667363|false|true|4|1900|64000|3607900|2800|0|180100|3853900
COIN_REQUEST_TIMING|1790510667370|false|true|4|2100|49100|2918300|3000|0|217600|3187100
COIN_REQUEST_TIMING|1790510667372|false|true|4|1900|217900|2557100|2300|0|187700|2964600
COIN_REQUEST_TIMING|1790510667374|false|true|4|1900|25500|2132000|2400|0|177300|2336700
COIN_REQUEST_TIMING|1790510667382|false|true|4|1600|80000|3503900|803100|0|135200|3720700
COIN_REQUEST_TIMING|1790510667389|false|true|4|1900|65400|3058300|2200|0|127000|3252600
COIN_REQUEST_TIMING|1790510667382|false|true|4|1400|143800|12459400|3800|0|186500|12791100
COIN_REQUEST_TIMING|1790510667393|false|true|4|1700|130300|3416200|2100|0|207400|3755600
COIN_REQUEST_TIMING|1790510667393|false|true|4|500|110000|3536500|1900|0|128500|3775500
COIN_REQUEST_TIMING|1790510667396|false|true|4|1900|78200|2788000|2500|0|165800|3033900
COIN_REQUEST_TIMING|1790510667405|false|true|4|2300|97200|2710300|11000|0|175200|2985000
COIN_REQUEST_TIMING|1790510667410|false|true|4|1800|72900|4664000|2900|0|181400|4920100
COIN_REQUEST_TIMING|1790510667417|false|true|4|1900|239500|2376200|2300|0|117700|2735300
COIN_REQUEST_TIMING|1790510667419|false|true|4|1800|260500|4617400|1900|0|186500|5066200
COIN_REQUEST_TIMING|1790510667421|false|true|4|2600|99900|4461600|2800|0|167600|4731700
COIN_REQUEST_TIMING|1790510667422|false|true|4|2100|128100|4589600|2400|0|188800|4908600
COIN_REQUEST_TIMING|1790510667426|false|true|4|2100|32200|3186800|3300|0|667700|3888800
COIN_REQUEST_TIMING|1790510667431|false|true|4|1800|26600|2907800|3300|0|178500|3114700
COIN_REQUEST_TIMING|1790510667442|false|true|4|1300|49300|2442400|1900|0|202800|2695800
COIN_REQUEST_TIMING|1790510667443|false|true|4|2200|35500|2153900|2000|0|193000|2384600
COIN_REQUEST_TIMING|1790510667445|false|true|4|1100|29900|2195700|2600|0|173500|2400200
COIN_REQUEST_TIMING|1790510667446|false|true|4|2600|51100|2159700|2400|0|198600|2412000
COIN_REQUEST_TIMING|1790510667453|false|true|4|2400|69000|3350400|3000|0|192200|3614000
COIN_REQUEST_TIMING|1790510667464|false|true|4|2800|28600|2449600|3300|0|189300|2670300
COIN_REQUEST_TIMING|1790510667474|false|true|4|2100|39400|2942200|3600|0|199100|3182800
